case,threads,stage,trips,distance,streams,dependent_steps,independent_steps,after_post,predicted_ms,measured_ms,extra_predicted_ms,signed_error_percent,absolute_error_percent,process_min_ms,process_max_ms,processes,samples_per_process,validation_status
dependent_compute,2,learned-sync,32768,1,1,16,0,0,6.08698697392098,7.109395,-1.0224080260790203,-14.381083426635044,14.381083426635044,7.068105,10.54215,3,7,PASS
dependent_compute,2,seeded-sync,32768,1,1,16,0,0,7.394968046875,7.109395,0.2855730468750002,4.016840348229356,4.016840348229356,7.068105,10.54215,3,7,PASS
dependent_compute,3,learned-sync,32768,1,1,16,0,0,7.163976937729439,7.65748,-0.49350306227056073,-6.444718918894477,6.444718918894477,7.625651,7.929297,3,7,PASS
dependent_compute,3,seeded-sync,32768,1,1,16,0,0,5.096119822413922,7.65748,-2.561360177586078,-33.449126574095885,33.449126574095885,7.625651,7.929297,3,7,PASS
dependent_compute,4,learned-sync,32768,1,1,16,0,0,7.450753652544027,7.651446,-0.20069234745597253,-2.622933592630372,2.622933592630372,7.595277,8.18369,3,7,PASS
dependent_compute,4,seeded-sync,32768,1,1,16,0,0,3.81433353125,7.651446,-3.83711246875,-50.148853808156005,50.148853808156005,7.595277,8.18369,3,7,PASS
dependent_compute,5,learned-sync,32768,1,1,16,0,0,7.468053157186614,7.845667,-0.3776138428133855,-4.8130240910477795,4.8130240910477795,7.821249,8.771956,3,7,PASS
dependent_compute,5,seeded-sync,32768,1,1,16,0,0,3.155410400063515,7.845667,-4.690256599936484,-59.78148957808794,59.78148957808794,7.821249,8.771956,3,7,PASS
dependent_compute,6,learned-sync,32768,1,1,16,0,0,7.8162861519664855,8.054269,-0.23798284803351422,-2.9547417404796716,2.9547417404796716,7.991495,8.212939,3,7,PASS
dependent_compute,6,seeded-sync,32768,1,1,16,0,0,2.7201283734340667,8.054269,-5.334140626565933,-66.2274953390051,66.2274953390051,7.991495,8.212939,3,7,PASS
dependent_compute,7,learned-sync,32768,1,1,16,0,0,8.718184065931283,9.382248,-0.664063934068718,-7.077876582123155,7.077876582123155,8.198063,10.022681,3,7,PASS
dependent_compute,7,seeded-sync,32768,1,1,16,0,0,2.4422901052980417,9.382248,-6.9399578947019585,-73.96903060654503,73.96903060654503,8.198063,10.022681,3,7,PASS
dependent_compute,8,learned-sync,32768,1,1,16,0,0,10.31398767548626,8.970016,1.3439716754862605,14.98293509717552,14.98293509717552,8.879686,11.725256,3,7,PASS
dependent_compute,8,seeded-sync,32768,1,1,16,0,0,2.246354810546875,8.970016,-6.723661189453124,-74.95707019310917,74.95707019310917,8.879686,11.725256,3,7,PASS
independent_after,2,learned-sync,32768,4,1,0,16,1,3.282032529516962,3.635065,-0.3530324704830381,-9.711861286745583,9.711861286745583,3.316296,3.812403,3,7,PASS
independent_after,2,seeded-sync,32768,4,1,0,16,1,7.7558191640625,3.635065,4.1207541640625,113.36122363871075,113.36122363871075,3.316296,3.812403,3,7,PASS
independent_after,3,learned-sync,32768,4,1,0,16,1,2.898572881851377,3.069767,-0.17119411814862318,-5.576778893923318,5.576778893923318,3.051323,3.140359,3,7,PASS
independent_after,3,seeded-sync,32768,4,1,0,16,1,5.318592128537178,3.069767,2.248825128537178,73.2571927620949,73.2571927620949,3.051323,3.140359,3,7,PASS
independent_after,4,learned-sync,32768,4,1,0,16,1,1.849755548067715,1.946707,-0.09695145193228494,-4.980279617440376,4.980279617440376,1.785536,2.094123,3,7,PASS
independent_after,4,seeded-sync,32768,4,1,0,16,1,3.9929998046875,1.946707,2.0462928046875,105.1156031538131,105.1156031538131,1.785536,2.094123,3,7,PASS
independent_after,5,learned-sync,32768,4,1,0,16,1,2.045409298562551,2.295823,-0.250413701437449,-10.907360952366496,10.907360952366496,2.176062,2.398738,3,7,PASS
independent_after,5,seeded-sync,32768,4,1,0,16,1,3.317403453491211,2.295823,1.021580453491211,44.49735251764666,44.49735251764666,2.176062,2.398738,3,7,PASS
independent_after,6,learned-sync,32768,4,1,0,16,1,1.8665533168101411,2.069692,-0.20313868318985873,-9.814923340760783,9.814923340760783,1.800863,2.583119,3,7,PASS
independent_after,6,seeded-sync,32768,4,1,0,16,1,2.858194416387558,2.069692,0.788502416387558,38.097572797670274,38.097572797670274,1.800863,2.583119,3,7,PASS
independent_after,7,learned-sync,32768,4,1,0,16,1,2.068494174982615,2.090784,-0.0222898250173853,-1.0660988900520252,1.0660988900520252,1.968747,2.877331,3,7,PASS
independent_after,7,seeded-sync,32768,4,1,0,16,1,2.563520129345894,2.090784,0.4727361293458938,22.610471925645783,22.610471925645783,1.968747,2.877331,3,7,PASS
independent_after,8,learned-sync,32768,4,1,0,16,1,1.643751619457284,1.747045,-0.10329338054271586,-5.9124625034109535,5.9124625034109535,1.647559,1.91158,3,7,PASS
independent_after,8,seeded-sync,32768,4,1,0,16,1,2.312228541015625,1.747045,0.565183541015625,32.35082902933954,32.35082902933954,1.647559,1.91158,3,7,PASS
independent_before,2,learned-sync,32768,4,1,0,16,0,3.465134544313118,3.626945,-0.16181045568688202,-4.46134296734254,4.46134296734254,3.497034,3.817996,3,7,PASS
independent_before,2,seeded-sync,32768,4,1,0,16,0,7.858698921875,3.626945,4.231753921875,116.67543681734904,116.67543681734904,3.497034,3.817996,3,7,PASS
independent_before,3,learned-sync,32768,4,1,0,16,0,2.7440096974892203,2.994845,-0.2508353025107799,-8.375568769361353,8.375568769361353,2.885049,3.080088,3,7,PASS
independent_before,3,seeded-sync,32768,4,1,0,16,0,5.191526297362804,2.994845,2.196681297362804,73.34874750989798,73.34874750989798,2.885049,3.080088,3,7,PASS
independent_before,4,learned-sync,32768,4,1,0,16,0,1.7648315162540251,1.945526,-0.18069448374597497,-9.287693083822834,9.287693083822834,1.843615,2.030862,3,7,PASS
independent_before,4,seeded-sync,32768,4,1,0,16,0,3.9776059609375,1.945526,2.0320799609374998,104.44887197279806,104.44887197279806,1.843615,2.030862,3,7,PASS
independent_before,5,learned-sync,32768,4,1,0,16,0,2.081371728101966,2.347536,-0.2661642718980337,-11.338027271915474,11.338027271915474,2.322896,2.367309,3,7,PASS
independent_before,5,seeded-sync,32768,4,1,0,16,0,3.394476579703331,2.347536,1.0469405797033313,44.59742383943555,44.59742383943555,2.322896,2.367309,3,7,PASS
independent_before,6,learned-sync,32768,4,1,0,16,0,1.857705719121706,2.003912,-0.14620628087829424,-7.2960429838383245,7.2960429838383245,1.951785,2.020633,3,7,PASS
independent_before,6,seeded-sync,32768,4,1,0,16,0,2.9622152592830657,2.003912,0.9583032592830656,47.82162386786772,47.82162386786772,1.951785,2.020633,3,7,PASS
independent_before,7,learned-sync,32768,4,1,0,16,0,1.768486495310388,1.803856,-0.035369504689611864,-1.9607720732481848,1.9607720732481848,1.782543,2.196427,3,7,PASS
independent_before,7,seeded-sync,32768,4,1,0,16,0,2.4939478150701517,1.803856,0.6900918150701518,38.256480288346296,38.256480288346296,1.782543,2.196427,3,7,PASS
independent_before,8,learned-sync,32768,4,1,0,16,0,1.568606248338258,1.737091,-0.16848475166174204,-9.699247285360524,9.699247285360524,1.701148,1.799251,3,7,PASS
independent_before,8,seeded-sync,32768,4,1,0,16,0,2.39992205078125,1.737091,0.66283105078125,38.15753180352959,38.15753180352959,1.701148,1.799251,3,7,PASS
large_arrays,2,learned-sync,1000000,64,1,0,0,0,41.09127134880033,52.274321,-11.183049651199667,-21.393007957386324,21.393007957386324,50.795678,53.759767,3,7,PASS
large_arrays,2,seeded-sync,1000000,64,1,0,0,0,176.255926078125,52.274321,123.98160507812499,237.17496986354925,237.17496986354925,50.795678,53.759767,3,7,PASS
large_arrays,3,learned-sync,1000000,64,1,0,0,0,33.28507848280782,42.687958,-9.402879517192183,-22.027007047730372,22.027007047730372,40.401056,44.23629,3,7,PASS
large_arrays,3,seeded-sync,1000000,64,1,0,0,0,117.57961969344153,42.687958,74.89166169344153,175.4397849000918,175.4397849000918,40.401056,44.23629,3,7,PASS
large_arrays,4,learned-sync,1000000,64,1,0,0,0,24.289586349305356,30.292303,-6.002716650694644,-19.81597982396599,19.81597982396599,29.849613,32.24504,3,7,PASS
large_arrays,4,seeded-sync,1000000,64,1,0,0,0,87.949599828125,30.292303,57.657296828125,190.3364588295746,190.3364588295746,29.849613,32.24504,3,7,PASS
large_arrays,5,learned-sync,1000000,64,1,0,0,0,22.68034375441128,30.416694,-7.736350245588721,-25.434553293624617,25.434553293624617,30.099659,30.651713,3,7,PASS
large_arrays,5,seeded-sync,1000000,64,1,0,0,0,70.81486556875,30.416694,40.398171568749994,132.81578717512824,132.81578717512824,30.099659,30.651713,3,7,PASS
large_arrays,6,learned-sync,1000000,64,1,0,0,0,19.092368106221134,26.321791,-7.229422893778867,-27.465543259495018,27.465543259495018,25.612414,26.686293,3,7,PASS
large_arrays,6,seeded-sync,1000000,64,1,0,0,0,58.85091581885127,26.321791,32.52912481885127,123.58249033605375,123.58249033605375,25.612414,26.686293,3,7,PASS
large_arrays,7,learned-sync,1000000,64,1,0,0,0,21.449455213640512,25.893326,-4.443870786359486,-17.162224684304693,17.162224684304693,25.84416,26.811969,3,7,PASS
large_arrays,7,seeded-sync,1000000,64,1,0,0,0,50.74367412868494,25.893326,24.85034812868494,95.97202046845948,95.97202046845948,25.84416,26.811969,3,7,PASS
large_arrays,8,learned-sync,1000000,64,1,0,0,0,13.323204304888016,18.563458,-5.240253695111985,-28.22886606101075,28.22886606101075,18.413183,18.854854,3,7,PASS
large_arrays,8,seeded-sync,1000000,64,1,0,0,0,44.23959601757812,18.563458,25.676138017578122,138.31549066762304,138.31549066762304,18.413183,18.854854,3,7,PASS
long_chain,2,learned-sync,200000,1,1,0,0,0,18.247741816744117,23.165347,-4.917605183255883,-21.228281981944342,21.228281981944342,22.267941,24.74348,3,7,PASS
long_chain,2,seeded-sync,200000,1,1,0,0,0,35.423103515625,23.165347,12.257756515625001,52.91419340977279,52.91419340977279,22.267941,24.74348,3,7,PASS
long_chain,3,learned-sync,200000,1,1,0,0,0,22.88883794097916,26.787697,-3.898859059020843,-14.554663131439938,14.554663131439938,25.312534,28.396793,3,7,PASS
long_chain,3,seeded-sync,200000,1,1,0,0,0,23.62577670729719,26.787697,-3.16192029270281,-11.80362870575552,11.80362870575552,25.312534,28.396793,3,7,PASS
long_chain,4,learned-sync,200000,1,1,0,0,0,26.98623471009066,29.180647,-2.194412289909341,-7.52009470492323,7.52009470492323,27.572786,31.26213,3,7,PASS
long_chain,4,seeded-sync,200000,1,1,0,0,0,17.77761502734375,29.180647,-11.403031972656251,-39.07737882801656,39.07737882801656,27.572786,31.26213,3,7,PASS
long_chain,5,learned-sync,200000,1,1,0,0,0,28.177672707487037,30.957108,-2.7794352925129644,-8.978342849444997,8.978342849444997,30.441813,31.728456,3,7,PASS
long_chain,5,seeded-sync,200000,1,1,0,0,0,14.325045765625,30.957108,-16.632062234375002,-53.72614985345208,53.72614985345208,30.441813,31.728456,3,7,PASS
long_chain,6,learned-sync,200000,1,1,0,0,0,30.5549272632407,33.033871,-2.478943736759298,-7.504248402372515,7.504248402372515,32.964428,33.277706,3,7,PASS
long_chain,6,seeded-sync,200000,1,1,0,0,0,12.022671000074219,33.033871,-21.01119999992578,-63.605019223831746,63.605019223831746,32.964428,33.277706,3,7,PASS
long_chain,7,learned-sync,200000,1,1,0,0,0,39.68487938525398,37.771613,1.9132663852539764,5.065355258336401,5.065355258336401,35.791711,40.702514,3,7,PASS
long_chain,7,seeded-sync,200000,1,1,0,0,0,10.4128056712075,37.771613,-27.3588073287925,-72.43219220951062,72.43219220951062,35.791711,40.702514,3,7,PASS
long_chain,8,learned-sync,200000,1,1,0,0,0,36.82323408439241,44.413601,-7.590366915607589,-17.09018576450847,17.09018576450847,40.325611,50.270757,3,7,PASS
long_chain,8,seeded-sync,200000,1,1,0,0,0,9.211483423828126,44.413601,-35.20211757617187,-79.25976904275758,79.25976904275758,40.325611,50.270757,3,7,PASS
long_four_chains,2,learned-sync,200000,4,1,0,0,0,8.070903933692737,11.03171,-2.9608060663072635,-26.839049125722703,26.839049125722703,10.960562,11.075108,3,7,PASS
long_four_chains,2,seeded-sync,200000,4,1,0,0,0,35.3409945703125,11.03171,24.309284570312503,220.35826331831151,220.35826331831151,10.960562,11.075108,3,7,PASS
long_four_chains,3,learned-sync,200000,4,1,0,0,0,8.310222499743666,10.952394,-2.6421715002563335,-24.124145828358014,24.124145828358014,10.4903,12.360473,3,7,PASS
long_four_chains,3,seeded-sync,200000,4,1,0,0,0,23.652386637498516,10.952394,12.699992637498516,115.95631637702692,115.95631637702692,10.4903,12.360473,3,7,PASS
long_four_chains,4,learned-sync,200000,4,1,0,0,0,5.255069935330114,6.497831,-1.2427610646698861,-19.125783121627606,19.125783121627606,6.200468,7.077636,3,7,PASS
long_four_chains,4,seeded-sync,200000,4,1,0,0,0,17.83222748828125,6.497831,11.334396488281252,174.43353771868263,174.43353771868263,6.200468,7.077636,3,7,PASS
long_four_chains,5,learned-sync,200000,4,1,0,0,0,5.934502148274152,7.889239,-1.9547368517258477,-24.777254836947492,24.777254836947492,7.549552,8.628115,3,7,PASS
long_four_chains,5,seeded-sync,200000,4,1,0,0,0,14.2974443125,7.889239,6.4082053125,81.22716668236316,81.22716668236316,7.549552,8.628115,3,7,PASS
long_four_chains,6,learned-sync,200000,4,1,0,0,0,4.851872521008138,6.505039,-1.6531664789918619,-25.41362901885541,25.41362901885541,6.176443,7.065218,3,7,PASS
long_four_chains,6,seeded-sync,200000,4,1,0,0,0,12.006150296067814,6.505039,5.501111296067814,84.56692259750962,84.56692259750962,6.176443,7.065218,3,7,PASS
long_four_chains,7,learned-sync,200000,4,1,0,0,0,8.332380634410784,9.283536,-0.9511553655892158,-10.245615093098316,10.245615093098316,9.055886,9.349168,3,7,PASS
long_four_chains,7,seeded-sync,200000,4,1,0,0,0,10.432323204369062,9.283536,1.1487872043690626,12.374457365911674,12.374457365911674,9.055886,9.349168,3,7,PASS
long_four_chains,8,learned-sync,200000,4,1,0,0,0,5.601791309955809,7.526881,-1.9250896900441914,-25.576194044308544,25.576194044308544,7.070427,7.751185,3,7,PASS
long_four_chains,8,seeded-sync,200000,4,1,0,0,0,9.22065809375,7.526881,1.6937770937499996,22.503040685112463,22.503040685112463,7.070427,7.751185,3,7,PASS
long_many_chains,2,learned-sync,200000,64,1,0,0,0,7.537325399892964,10.849472,-3.3121466001070363,-30.52818238626761,30.52818238626761,10.274352,11.399144,3,7,PASS
long_many_chains,2,seeded-sync,200000,64,1,0,0,0,35.246013953125,10.849472,24.396541953125002,224.86386391084287,224.86386391084287,10.274352,11.399144,3,7,PASS
long_many_chains,3,learned-sync,200000,64,1,0,0,0,10.143352885567978,9.75457,0.3887828855679789,3.9856486300060334,3.9856486300060334,8.360171,10.778255,3,7,PASS
long_many_chains,3,seeded-sync,200000,64,1,0,0,0,23.617462769781014,9.75457,13.862892769781014,142.11690284431825,142.11690284431825,8.360171,10.778255,3,7,PASS
long_many_chains,4,learned-sync,200000,64,1,0,0,0,5.104923884808138,6.540566,-1.435642115191862,-21.94981466729121,21.94981466729121,6.281782,7.119981,3,7,PASS
long_many_chains,4,seeded-sync,200000,64,1,0,0,0,17.7798604609375,6.540566,11.239294460937499,171.83978360492804,171.83978360492804,6.281782,7.119981,3,7,PASS
long_many_chains,5,learned-sync,200000,64,1,0,0,0,4.5916063290262885,5.909205,-1.3175986709737115,-22.297393151425815,22.297393151425815,5.855066,6.144179,3,7,PASS
long_many_chains,5,seeded-sync,200000,64,1,0,0,0,14.34077384375,5.909205,8.43156884375,142.68533320048974,142.68533320048974,5.855066,6.144179,3,7,PASS
long_many_chains,6,learned-sync,200000,64,1,0,0,0,4.417872266757943,6.020939,-1.6030667332420574,-26.624862554529404,26.624862554529404,5.888274,6.506136,3,7,PASS
long_many_chains,6,seeded-sync,200000,64,1,0,0,0,12.122505579609689,6.020939,6.101566579609688,101.33911968896695,101.33911968896695,5.888274,6.506136,3,7,PASS
long_many_chains,7,learned-sync,200000,64,1,0,0,0,4.1275014461438175,5.565429,-1.4379275538561824,-25.83677833022724,25.83677833022724,5.508039,5.729264,3,7,PASS
long_many_chains,7,seeded-sync,200000,64,1,0,0,0,10.373391588020624,5.565429,4.807962588020624,86.38979291660398,86.38979291660398,5.508039,5.729264,3,7,PASS
long_many_chains,8,learned-sync,200000,64,1,0,0,0,3.022809508658395,4.445339,-1.4225294913416047,-32.00047266005146,32.00047266005146,4.09592,4.953766,3,7,PASS
long_many_chains,8,seeded-sync,200000,64,1,0,0,0,9.220247744140625,4.445339,4.7749087441406255,107.4138270251296,107.4138270251296,4.09592,4.953766,3,7,PASS
short_chain,2,learned-sync,20000,1,1,0,0,0,2.579667112515782,2.607135,-0.0274678874842178,-1.0535659827441979,1.0535659827441979,2.578732,3.379783,3,7,PASS
short_chain,2,seeded-sync,20000,1,1,0,0,0,3.7353107734375,2.607135,1.1281757734375,43.27262583017373,43.27262583017373,2.578732,3.379783,3,7,PASS
short_chain,3,learned-sync,20000,1,1,0,0,0,2.488731831737278,2.799309,-0.31057716826272186,-11.094779756815765,11.094779756815765,2.786544,2.817623,3,7,PASS
short_chain,3,seeded-sync,20000,1,1,0,0,0,2.5217427737601557,2.799309,-0.2775662262398444,-9.915526518860352,9.915526518860352,2.786544,2.817623,3,7,PASS
short_chain,4,learned-sync,20000,1,1,0,0,0,2.988998893131962,3.234233,-0.24523410686803793,-7.582450208999725,7.582450208999725,3.04399,3.268113,3,7,PASS
short_chain,4,seeded-sync,20000,1,1,0,0,0,1.982945140625,3.234233,-1.251287859375,-38.688859441326585,38.688859441326585,3.04399,3.268113,3,7,PASS
short_chain,5,learned-sync,20000,1,1,0,0,0,3.190823288858037,3.305817,-0.11499371114196277,-3.4785262203552936,3.4785262203552936,3.284254,3.499705,3,7,PASS
short_chain,5,seeded-sync,20000,1,1,0,0,0,1.679446696875,3.305817,-1.6263703031249999,-49.197227285267154,49.197227285267154,3.284254,3.499705,3,7,PASS
short_chain,6,learned-sync,20000,1,1,0,0,0,3.445590612015117,3.686006,-0.24041538798488293,-6.522381894790263,6.522381894790263,3.669073,3.816556,3,7,PASS
short_chain,6,seeded-sync,20000,1,1,0,0,0,1.49560779730625,3.686006,-2.19039820269375,-59.42470529602366,59.42470529602366,3.669073,3.816556,3,7,PASS
short_chain,7,learned-sync,20000,1,1,0,0,0,4.200392319485682,4.095008,0.10538431948568228,2.5734826277673317,2.5734826277673317,4.068285,4.902911,3,7,PASS
short_chain,7,seeded-sync,20000,1,1,0,0,0,1.3795321007453119,4.095008,-2.715475899254688,-66.31185822481149,66.31185822481149,4.068285,4.902911,3,7,PASS
short_chain,8,learned-sync,20000,1,1,0,0,0,4.427470774880541,4.693763,-0.26629222511945905,-5.673320641017854,5.673320641017854,4.29578,5.647808,3,7,PASS
short_chain,8,seeded-sync,20000,1,1,0,0,0,1.300568703125,4.693763,-3.3931942968749995,-72.29155577039148,72.29155577039148,4.29578,5.647808,3,7,PASS
short_four_chains,2,learned-sync,20000,4,1,0,0,0,0.9265009222266329,1.185101,-0.258600077773367,-21.820931530170597,21.820931530170597,1.131091,1.250214,3,7,PASS
short_four_chains,2,seeded-sync,20000,4,1,0,0,0,3.6911622890625,1.185101,2.5060612890625,211.46394181276534,211.46394181276534,1.131091,1.250214,3,7,PASS
short_four_chains,3,learned-sync,20000,4,1,0,0,0,1.082156941543089,1.368854,-0.28669705845691107,-20.944312429003464,20.944312429003464,1.358555,1.451279,3,7,PASS
short_four_chains,3,seeded-sync,20000,4,1,0,0,0,2.547352710729687,1.368854,1.1784987107296871,86.09382086984347,86.09382086984347,1.358555,1.451279,3,7,PASS
short_four_chains,4,learned-sync,20000,4,1,0,0,0,0.671922954951928,0.78457,-0.11264704504807199,-14.3578068302474,14.3578068302474,0.741902,0.795612,3,7,PASS
short_four_chains,4,seeded-sync,20000,4,1,0,0,0,1.9691408828125,0.78457,1.1845708828125001,150.98345371509234,150.98345371509234,0.741902,0.795612,3,7,PASS
short_four_chains,5,learned-sync,20000,4,1,0,0,0,1.012501997318214,1.072306,-0.05980400268178587,-5.577139611434223,5.577139611434223,1.05265,1.365157,3,7,PASS
short_four_chains,5,seeded-sync,20000,4,1,0,0,0,1.69443285,1.072306,0.6221268500000001,58.017660070912605,58.017660070912605,1.05265,1.365157,3,7,PASS
short_four_chains,6,learned-sync,20000,4,1,0,0,0,0.878500888494508,1.007524,-0.12902311150549206,-12.80595911417416,12.80595911417416,0.992168,1.017935,3,7,PASS
short_four_chains,6,seeded-sync,20000,4,1,0,0,0,1.503985101770313,1.007524,0.4964611017703129,49.275362350704576,49.275362350704576,0.992168,1.017935,3,7,PASS
short_four_chains,7,learned-sync,20000,4,1,0,0,0,1.343074518096896,1.33871,0.004364518096895864,0.32602416482254704,0.32602416482254704,1.203037,1.366489,3,7,PASS
short_four_chains,7,seeded-sync,20000,4,1,0,0,0,1.34433583739375,1.33871,0.0056258373937498884,0.42024317393236643,0.42024317393236643,1.203037,1.366489,3,7,PASS
short_four_chains,8,learned-sync,20000,4,1,0,0,0,0.972004000814616,1.138668,-0.166663999185384,-14.636750939289067,14.636750939289067,1.077189,1.146015,3,7,PASS
short_four_chains,8,seeded-sync,20000,4,1,0,0,0,1.28883359765625,1.138668,0.15016559765624993,13.187829784998772,13.187829784998772,1.077189,1.146015,3,7,PASS
short_many_chains,2,learned-sync,20000,64,1,0,0,0,0.944228619244081,1.1962,-0.25197138075591896,-21.064318739000075,21.064318739000075,1.180298,1.296846,3,7,PASS
short_many_chains,2,seeded-sync,20000,64,1,0,0,0,3.6826422578125,1.1962,2.4864422578125005,207.86175036051668,207.86175036051668,1.180298,1.296846,3,7,PASS
short_many_chains,3,learned-sync,20000,64,1,0,0,0,0.889768781365905,1.146107,-0.256338218634095,-22.365993631841963,22.365993631841963,1.0579,1.175366,3,7,PASS
short_many_chains,3,seeded-sync,20000,64,1,0,0,0,2.570961381017969,1.146107,1.4248543810179688,124.3212353661542,124.3212353661542,1.0579,1.175366,3,7,PASS
short_many_chains,4,learned-sync,20000,64,1,0,0,0,0.6802565300022569,0.820819,-0.14056246999774302,-17.12466085674711,17.12466085674711,0.776129,0.830571,3,7,PASS
short_many_chains,4,seeded-sync,20000,64,1,0,0,0,1.9913379765625,0.820819,1.1705189765625,142.6037867742462,142.6037867742462,0.776129,0.830571,3,7,PASS
short_many_chains,5,learned-sync,20000,64,1,0,0,0,0.8340767069121191,0.986866,-0.15278929308788092,-15.482273488789854,15.482273488789854,0.890278,1.136733,3,7,PASS
short_many_chains,5,seeded-sync,20000,64,1,0,0,0,1.69956678125,0.986866,0.7127007812499999,72.21859718036694,72.21859718036694,0.890278,1.136733,3,7,PASS
short_many_chains,6,learned-sync,20000,64,1,0,0,0,0.8433571772210721,0.898468,-0.05511082277892798,-6.133865956152917,6.133865956152917,0.87143,0.936377,3,7,PASS
short_many_chains,6,seeded-sync,20000,64,1,0,0,0,1.5255343609062502,0.898468,0.6270663609062501,69.79284302905057,69.79284302905057,0.87143,0.936377,3,7,PASS
short_many_chains,7,learned-sync,20000,64,1,0,0,0,0.848810304756985,0.937089,-0.0882786952430149,-9.420524117027828,9.420524117027828,0.888239,1.036327,3,7,PASS
short_many_chains,7,seeded-sync,20000,64,1,0,0,0,1.3744356152562498,0.937089,0.43734661525624985,46.6707660911877,46.6707660911877,0.888239,1.036327,3,7,PASS
short_many_chains,8,learned-sync,20000,64,1,0,0,0,0.665672976408883,0.839423,-0.17375002359111702,-20.698744684279202,20.698744684279202,0.787453,0.846776,3,7,PASS
short_many_chains,8,seeded-sync,20000,64,1,0,0,0,1.314911798828125,0.839423,0.4754887988281249,56.644718911457616,56.644718911457616,0.787453,0.846776,3,7,PASS
tiny_chain,2,learned-sync,257,1,1,0,0,0,0.208799179264766,0.192869,0.015930179264765976,8.259585140570014,8.259585140570014,0.184015,0.203814,3,7,PASS
tiny_chain,2,seeded-sync,257,1,1,0,0,0,0.208686001945525,0.192869,0.01581700194552499,8.200904212457672,8.200904212457672,0.184015,0.203814,3,7,PASS
tiny_chain,3,learned-sync,257,1,1,0,0,0,0.263603752847041,0.230098,0.03350575284704102,14.561514157898392,14.561514157898392,0.210749,0.247925,3,7,PASS
tiny_chain,3,seeded-sync,257,1,1,0,0,0,0.226093137645914,0.230098,-0.0040048623540860084,-1.7405028961946734,1.7405028961946734,0.210749,0.247925,3,7,PASS
tiny_chain,4,learned-sync,257,1,1,0,0,0,0.30769853623802096,0.282108,0.025590536238020933,9.071184169899805,9.071184169899805,0.278468,0.283117,3,7,PASS
tiny_chain,4,seeded-sync,257,1,1,0,0,0,0.245668831164883,0.282108,-0.036439168835117025,-12.916744238063805,12.916744238063805,0.278468,0.283117,3,7,PASS
tiny_chain,5,learned-sync,257,1,1,0,0,0,0.453648267024296,0.360901,0.09274726702429598,25.69881131509637,25.69881131509637,0.328691,0.414472,3,7,PASS
tiny_chain,5,seeded-sync,257,1,1,0,0,0,0.329683299610895,0.360901,-0.03121770038910504,-8.64993457737857,8.64993457737857,0.328691,0.414472,3,7,PASS
tiny_chain,6,learned-sync,257,1,1,0,0,0,0.551019110592853,0.423258,0.127761110592853,30.185161436488617,30.185161436488617,0.40822,0.461402,3,7,PASS
tiny_chain,6,seeded-sync,257,1,1,0,0,0,0.397698762098735,0.423258,-0.02555923790126502,-6.038689853768863,6.038689853768863,0.40822,0.461402,3,7,PASS
tiny_chain,7,learned-sync,257,1,1,0,0,0,0.5998040022497511,0.506017,0.093787002249751,18.534357985947313,18.534357985947313,0.496805,0.52232,3,7,PASS
tiny_chain,7,seeded-sync,257,1,1,0,0,0,0.383305341318093,0.506017,-0.12271165868190703,-24.250501204881857,24.250501204881857,0.496805,0.52232,3,7,PASS
tiny_chain,8,learned-sync,257,1,1,0,0,0,0.782458642211677,0.660727,0.1217316422116771,18.4238940154825,18.4238940154825,0.573917,0.783199,3,7,PASS
tiny_chain,8,seeded-sync,257,1,1,0,0,0,0.45168207344358,0.660727,-0.20904492655641993,-31.63862329773416,31.63862329773416,0.573917,0.783199,3,7,PASS
two_streams,2,learned-sync,32768,4,2,0,0,0,2.4738628769295192,3.759562,-1.2856991230704806,-34.19810932950382,34.19810932950382,3.571348,3.969718,3,7,PASS
two_streams,2,seeded-sync,32768,4,2,0,0,0,11.426199890625,3.759562,7.666637890625,203.923698841115,203.923698841115,3.571348,3.969718,3,7,PASS
two_streams,3,learned-sync,32768,4,2,0,0,0,2.5808811988323908,3.625582,-1.0447008011676093,-28.814706195242845,28.814706195242845,3.359726,3.737143,3,7,PASS
two_streams,3,seeded-sync,32768,4,2,0,0,0,7.686593404675484,3.625582,4.061011404675483,112.00991743326955,112.00991743326955,3.359726,3.737143,3,7,PASS
two_streams,4,learned-sync,32768,4,2,0,0,0,1.459909645747333,2.011219,-0.551309354252667,-27.41170177154586,27.41170177154586,1.893253,2.219954,3,7,PASS
two_streams,4,seeded-sync,32768,4,2,0,0,0,5.8673141796875,2.011219,3.8560951796875,191.72925373554546,191.72925373554546,1.893253,2.219954,3,7,PASS
two_streams,5,learned-sync,32768,4,2,0,0,0,1.9060569532567029,2.61484,-0.7087830467432972,-27.106172719680632,27.106172719680632,2.460699,2.675593,3,7,PASS
two_streams,5,seeded-sync,32768,4,2,0,0,0,4.808530403175354,2.61484,2.1936904031753537,83.8938674326289,83.8938674326289,2.460699,2.675593,3,7,PASS
two_streams,6,learned-sync,32768,4,2,0,0,0,1.8024769212236251,2.144966,-0.342489078776375,-15.967109911130295,15.967109911130295,2.102477,2.268815,3,7,PASS
two_streams,6,seeded-sync,32768,4,2,0,0,0,4.111225910088539,2.144966,1.9662599100885387,91.66858169726413,91.66858169726413,2.102477,2.268815,3,7,PASS
two_streams,7,learned-sync,32768,4,2,0,0,0,2.038543477647627,2.44887,-0.4103265223523729,-16.75574948251124,16.75574948251124,2.293933,2.488905,3,7,PASS
two_streams,7,seeded-sync,32768,4,2,0,0,0,3.608248177853584,2.44887,1.159378177853584,47.34339421257903,47.34339421257903,2.293933,2.488905,3,7,PASS
two_streams,8,learned-sync,32768,4,2,0,0,0,1.8338100084105269,2.284485,-0.4506749915894732,-19.727640653778565,19.727640653778565,2.20033,2.294032,3,7,PASS
two_streams,8,seeded-sync,32768,4,2,0,0,0,3.262076087890625,2.284485,0.9775910878906249,42.792624503580676,42.792624503580676,2.20033,2.294032,3,7,PASS
uneven,2,learned-sync,8193,3,1,4,8,0,0.94687765939156,1.092454,-0.14557634060844005,-13.325626580930638,13.325626580930638,1.023022,1.094751,3,7,PASS
uneven,2,seeded-sync,8193,3,1,4,8,0,1.915810859973834,1.092454,0.8233568599738339,75.36764568337284,75.36764568337284,1.023022,1.094751,3,7,PASS
uneven,3,learned-sync,8193,3,1,4,8,0,0.674942806223291,0.646863,0.028079806223290982,4.340920136611759,4.340920136611759,0.629296,0.698781,3,7,PASS
uneven,3,seeded-sync,8193,3,1,4,8,0,1.4256253229166669,0.646863,0.7787623229166669,120.39061175498782,120.39061175498782,0.629296,0.698781,3,7,PASS
uneven,4,learned-sync,8193,3,1,4,8,0,0.693908386877199,0.743684,-0.04977561312280099,-6.6931133549734785,6.6931133549734785,0.671481,0.796673,3,7,PASS
uneven,4,seeded-sync,8193,3,1,4,8,0,1.099554788836507,0.743684,0.3558707888365069,47.85241968853799,47.85241968853799,0.671481,0.796673,3,7,PASS
uneven,5,learned-sync,8193,3,1,4,8,0,0.743222632713913,0.724229,0.018993632713912967,2.6226004086984833,2.6226004086984833,0.688627,0.802303,3,7,PASS
uneven,5,seeded-sync,8193,3,1,4,8,0,0.9812016582105151,0.724229,0.25697265821051507,35.48223810569793,35.48223810569793,0.688627,0.802303,3,7,PASS
uneven,7,learned-sync,8193,3,1,4,8,0,1.243016958207566,0.994913,0.24810395820756603,24.93725161974625,24.93725161974625,0.916348,1.057393,3,7,PASS
uneven,7,seeded-sync,8193,3,1,4,8,0,0.940812664383849,0.994913,-0.05410033561615102,-5.437695116673624,5.437695116673624,0.916348,1.057393,3,7,PASS
uneven,8,learned-sync,8193,3,1,4,8,0,1.2995920129552931,1.0627,0.23689201295529316,22.291522815027108,22.291522815027108,0.977278,1.182914,3,7,PASS
uneven,8,seeded-sync,8193,3,1,4,8,0,0.848450280622559,1.0627,-0.21424971937744097,-20.160884480798057,20.160884480798057,0.977278,1.182914,3,7,PASS
uneven,6,seeded-sync,8193,3,1,4,8,0,,,,,,,,0,0,FAILED
uneven,6,learned-sync,8193,3,1,4,8,0,,,,,,,,0,0,FAILED
