system,algo,graph,real,user,sys,metric_source,log
p1grapheasy,bfs_parent,ER-AvgDeg10-1M-L2,0.41,0.53,0.16,final_program,/home/readinggroup/Documents/cgo/cgo/benchmark/logs_real_world/p1grapheasy/bfs_parent/ER-AvgDeg10-1M-L2.txt
p1grapheasy,bfs_parent,road-belgium-osm,0.19,0.19,0.07,final_program,/home/readinggroup/Documents/cgo/cgo/benchmark/logs_real_world/p1grapheasy/bfs_parent/road-belgium-osm.txt
p1grapheasy,bfs_parent,rt-retweet-crawl,0.31,0.35,0.08,final_program,/home/readinggroup/Documents/cgo/cgo/benchmark/logs_real_world/p1grapheasy/bfs_parent/rt-retweet-crawl.txt
p1grapheasy,bfs_parent,web-google,0.0,0.0,0.0,final_program,/home/readinggroup/Documents/cgo/cgo/benchmark/logs_real_world/p1grapheasy/bfs_parent/web-google.txt
p1grapheasy,bfs_parent,web-hudong,0.91,1.32,0.44,final_program,/home/readinggroup/Documents/cgo/cgo/benchmark/logs_real_world/p1grapheasy/bfs_parent/web-hudong.txt
p1grapheasy,cc,ER-AvgDeg10-1M-L2,0.33,0.45,0.15,final_program,/home/readinggroup/Documents/cgo/cgo/benchmark/logs_real_world/p1grapheasy/cc/ER-AvgDeg10-1M-L2.txt
p1grapheasy,cc,road-belgium-osm,1.23,2.39,0.98,final_program,/home/readinggroup/Documents/cgo/cgo/benchmark/logs_real_world/p1grapheasy/cc/road-belgium-osm.txt
p1grapheasy,cc,rt-retweet-crawl,0.13,0.17,0.08,final_program,/home/readinggroup/Documents/cgo/cgo/benchmark/logs_real_world/p1grapheasy/cc/rt-retweet-crawl.txt
p1grapheasy,cc,web-google,0.0,0.0,0.0,final_program,/home/readinggroup/Documents/cgo/cgo/benchmark/logs_real_world/p1grapheasy/cc/web-google.txt
p1grapheasy,cc,web-hudong,0.52,0.99,0.41,final_program,/home/readinggroup/Documents/cgo/cgo/benchmark/logs_real_world/p1grapheasy/cc/web-hudong.txt
p1grapheasy,kcore,ER-AvgDeg10-1M-L2,0.17,0.29,0.13,final_program,/home/readinggroup/Documents/cgo/cgo/benchmark/logs_real_world/p1grapheasy/kcore/ER-AvgDeg10-1M-L2.txt
p1grapheasy,kcore,road-belgium-osm,0.09,0.09,0.07,final_program,/home/readinggroup/Documents/cgo/cgo/benchmark/logs_real_world/p1grapheasy/kcore/road-belgium-osm.txt
p1grapheasy,kcore,rt-retweet-crawl,0.1,0.13,0.06,final_program,/home/readinggroup/Documents/cgo/cgo/benchmark/logs_real_world/p1grapheasy/kcore/rt-retweet-crawl.txt
p1grapheasy,kcore,web-google,0.0,0.0,0.0,final_program,/home/readinggroup/Documents/cgo/cgo/benchmark/logs_real_world/p1grapheasy/kcore/web-google.txt
p1grapheasy,kcore,web-hudong,0.46,0.87,0.38,final_program,/home/readinggroup/Documents/cgo/cgo/benchmark/logs_real_world/p1grapheasy/kcore/web-hudong.txt
p1grapheasy,pagerank,ER-AvgDeg10-1M-L2,1.43,28.98,0.14,final_program,/home/readinggroup/Documents/cgo/cgo/benchmark/logs_real_world/p1grapheasy/pagerank/ER-AvgDeg10-1M-L2.txt
p1grapheasy,pagerank,road-belgium-osm,0.92,17.67,0.08,final_program,/home/readinggroup/Documents/cgo/cgo/benchmark/logs_real_world/p1grapheasy/pagerank/road-belgium-osm.txt
p1grapheasy,pagerank,rt-retweet-crawl,1.0,20.58,0.11,final_program,/home/readinggroup/Documents/cgo/cgo/benchmark/logs_real_world/p1grapheasy/pagerank/rt-retweet-crawl.txt
p1grapheasy,pagerank,web-google,0.0,0.0,0.0,final_program,/home/readinggroup/Documents/cgo/cgo/benchmark/logs_real_world/p1grapheasy/pagerank/web-google.txt
p1grapheasy,pagerank,web-hudong,2.98,57.13,0.47,final_program,/home/readinggroup/Documents/cgo/cgo/benchmark/logs_real_world/p1grapheasy/pagerank/web-hudong.txt
p1grapheasy,sssp,ER-AvgDeg10-1M-L2,0.87,10.22,0.25,final_program,/home/readinggroup/Documents/cgo/cgo/benchmark/logs_real_world/p1grapheasy/sssp/ER-AvgDeg10-1M-L2.txt
p1grapheasy,sssp,road-belgium-osm,0.31,0.36,0.06,final_program,/home/readinggroup/Documents/cgo/cgo/benchmark/logs_real_world/p1grapheasy/sssp/road-belgium-osm.txt
p1grapheasy,sssp,rt-retweet-crawl,0.52,3.74,0.07,final_program,/home/readinggroup/Documents/cgo/cgo/benchmark/logs_real_world/p1grapheasy/sssp/rt-retweet-crawl.txt
p1grapheasy,sssp,web-google,0.0,0.0,0.0,final_program,/home/readinggroup/Documents/cgo/cgo/benchmark/logs_real_world/p1grapheasy/sssp/web-google.txt
p1grapheasy,sssp,web-hudong,11.93,16.8,0.44,final_program,/home/readinggroup/Documents/cgo/cgo/benchmark/logs_real_world/p1grapheasy/sssp/web-hudong.txt
p2grapheasy,bfs_parent,ER-AvgDeg10-1M-L2,0.2,0.31,0.11,final_program,/home/readinggroup/Documents/cgo/cgo/benchmark/logs_real_world/p2grapheasy/bfs_parent/ER-AvgDeg10-1M-L2.txt
p2grapheasy,bfs_parent,road-belgium-osm,0.08,0.09,0.08,final_program,/home/readinggroup/Documents/cgo/cgo/benchmark/logs_real_world/p2grapheasy/bfs_parent/road-belgium-osm.txt
p2grapheasy,bfs_parent,rt-retweet-crawl,0.1,0.15,0.06,final_program,/home/readinggroup/Documents/cgo/cgo/benchmark/logs_real_world/p2grapheasy/bfs_parent/rt-retweet-crawl.txt
p2grapheasy,bfs_parent,web-google,0.0,0.0,0.01,final_program,/home/readinggroup/Documents/cgo/cgo/benchmark/logs_real_world/p2grapheasy/bfs_parent/web-google.txt
p2grapheasy,bfs_parent,web-hudong,0.51,0.97,0.24,final_program,/home/readinggroup/Documents/cgo/cgo/benchmark/logs_real_world/p2grapheasy/bfs_parent/web-hudong.txt
p2grapheasy,cc,ER-AvgDeg10-1M-L2,0.3,0.41,0.12,final_program,/home/readinggroup/Documents/cgo/cgo/benchmark/logs_real_world/p2grapheasy/cc/ER-AvgDeg10-1M-L2.txt
p2grapheasy,cc,road-belgium-osm,0.73,0.74,0.06,final_program,/home/readinggroup/Documents/cgo/cgo/benchmark/logs_real_world/p2grapheasy/cc/road-belgium-osm.txt
p2grapheasy,cc,rt-retweet-crawl,0.12,0.16,0.06,final_program,/home/readinggroup/Documents/cgo/cgo/benchmark/logs_real_world/p2grapheasy/cc/rt-retweet-crawl.txt
p2grapheasy,cc,web-google,0.0,0.0,0.01,final_program,/home/readinggroup/Documents/cgo/cgo/benchmark/logs_real_world/p2grapheasy/cc/web-google.txt
p2grapheasy,cc,web-hudong,0.46,0.96,0.22,final_program,/home/readinggroup/Documents/cgo/cgo/benchmark/logs_real_world/p2grapheasy/cc/web-hudong.txt
p2grapheasy,kcore,ER-AvgDeg10-1M-L2,0.14,0.27,0.09,final_program,/home/readinggroup/Documents/cgo/cgo/benchmark/logs_real_world/p2grapheasy/kcore/ER-AvgDeg10-1M-L2.txt
p2grapheasy,kcore,road-belgium-osm,0.08,0.1,0.05,final_program,/home/readinggroup/Documents/cgo/cgo/benchmark/logs_real_world/p2grapheasy/kcore/road-belgium-osm.txt
p2grapheasy,kcore,rt-retweet-crawl,0.08,0.13,0.06,final_program,/home/readinggroup/Documents/cgo/cgo/benchmark/logs_real_world/p2grapheasy/kcore/rt-retweet-crawl.txt
p2grapheasy,kcore,web-google,0.0,0.0,0.01,final_program,/home/readinggroup/Documents/cgo/cgo/benchmark/logs_real_world/p2grapheasy/kcore/web-google.txt
p2grapheasy,kcore,web-hudong,0.39,0.89,0.22,final_program,/home/readinggroup/Documents/cgo/cgo/benchmark/logs_real_world/p2grapheasy/kcore/web-hudong.txt
p2grapheasy,pagerank,ER-AvgDeg10-1M-L2,0.52,0.66,0.09,final_program,/home/readinggroup/Documents/cgo/cgo/benchmark/logs_real_world/p2grapheasy/pagerank/ER-AvgDeg10-1M-L2.txt
p2grapheasy,pagerank,road-belgium-osm,0.19,0.2,0.06,final_program,/home/readinggroup/Documents/cgo/cgo/benchmark/logs_real_world/p2grapheasy/pagerank/road-belgium-osm.txt
p2grapheasy,pagerank,rt-retweet-crawl,0.28,0.34,0.04,final_program,/home/readinggroup/Documents/cgo/cgo/benchmark/logs_real_world/p2grapheasy/pagerank/rt-retweet-crawl.txt
p2grapheasy,pagerank,web-google,0.0,0.0,0.0,final_program,/home/readinggroup/Documents/cgo/cgo/benchmark/logs_real_world/p2grapheasy/pagerank/web-google.txt
p2grapheasy,pagerank,web-hudong,1.36,1.84,0.22,final_program,/home/readinggroup/Documents/cgo/cgo/benchmark/logs_real_world/p2grapheasy/pagerank/web-hudong.txt
p2grapheasy,sssp,ER-AvgDeg10-1M-L2,0.64,0.79,0.15,final_program,/home/readinggroup/Documents/cgo/cgo/benchmark/logs_real_world/p2grapheasy/sssp/ER-AvgDeg10-1M-L2.txt
p2grapheasy,sssp,road-belgium-osm,0.3,0.32,0.08,final_program,/home/readinggroup/Documents/cgo/cgo/benchmark/logs_real_world/p2grapheasy/sssp/road-belgium-osm.txt
p2grapheasy,sssp,rt-retweet-crawl,0.47,0.51,0.1,final_program,/home/readinggroup/Documents/cgo/cgo/benchmark/logs_real_world/p2grapheasy/sssp/rt-retweet-crawl.txt
p2grapheasy,sssp,web-google,0.0,0.0,0.01,final_program,/home/readinggroup/Documents/cgo/cgo/benchmark/logs_real_world/p2grapheasy/sssp/web-google.txt
p2grapheasy,sssp,web-hudong,11.7,12.17,0.39,final_program,/home/readinggroup/Documents/cgo/cgo/benchmark/logs_real_world/p2grapheasy/sssp/web-hudong.txt
p1grapheasy_autotuner,bfs_parent,ER-AvgDeg10-1M-L2,0.39,0.49,0.17,final_program,/home/readinggroup/Documents/cgo/cgo/benchmark/logs_real_world/p1grapheasy_autotuner/bfs_parent/ER-AvgDeg10-1M-L2.txt
p1grapheasy_autotuner,bfs_parent,road-belgium-osm,0.19,0.21,0.06,final_program,/home/readinggroup/Documents/cgo/cgo/benchmark/logs_real_world/p1grapheasy_autotuner/bfs_parent/road-belgium-osm.txt
p1grapheasy_autotuner,bfs_parent,rt-retweet-crawl,0.31,0.35,0.07,final_program,/home/readinggroup/Documents/cgo/cgo/benchmark/logs_real_world/p1grapheasy_autotuner/bfs_parent/rt-retweet-crawl.txt
p1grapheasy_autotuner,bfs_parent,web-google,0.0,0.0,0.0,final_program,/home/readinggroup/Documents/cgo/cgo/benchmark/logs_real_world/p1grapheasy_autotuner/bfs_parent/web-google.txt
p1grapheasy_autotuner,bfs_parent,web-hudong,0.9,1.37,0.37,final_program,/home/readinggroup/Documents/cgo/cgo/benchmark/logs_real_world/p1grapheasy_autotuner/bfs_parent/web-hudong.txt
p1grapheasy_autotuner,cc,ER-AvgDeg10-1M-L2,0.33,0.45,0.15,final_program,/home/readinggroup/Documents/cgo/cgo/benchmark/logs_real_world/p1grapheasy_autotuner/cc/ER-AvgDeg10-1M-L2.txt
p1grapheasy_autotuner,cc,road-belgium-osm,1.39,2.57,0.95,final_program,/home/readinggroup/Documents/cgo/cgo/benchmark/logs_real_world/p1grapheasy_autotuner/cc/road-belgium-osm.txt
p1grapheasy_autotuner,cc,rt-retweet-crawl,0.14,0.18,0.07,final_program,/home/readinggroup/Documents/cgo/cgo/benchmark/logs_real_world/p1grapheasy_autotuner/cc/rt-retweet-crawl.txt
p1grapheasy_autotuner,cc,web-google,0.0,0.0,0.0,final_program,/home/readinggroup/Documents/cgo/cgo/benchmark/logs_real_world/p1grapheasy_autotuner/cc/web-google.txt
p1grapheasy_autotuner,cc,web-hudong,0.54,1.04,0.33,final_program,/home/readinggroup/Documents/cgo/cgo/benchmark/logs_real_world/p1grapheasy_autotuner/cc/web-hudong.txt
p1grapheasy_autotuner,kcore,ER-AvgDeg10-1M-L2,0.17,0.27,0.16,final_program,/home/readinggroup/Documents/cgo/cgo/benchmark/logs_real_world/p1grapheasy_autotuner/kcore/ER-AvgDeg10-1M-L2.txt
p1grapheasy_autotuner,kcore,road-belgium-osm,0.09,0.11,0.04,final_program,/home/readinggroup/Documents/cgo/cgo/benchmark/logs_real_world/p1grapheasy_autotuner/kcore/road-belgium-osm.txt
p1grapheasy_autotuner,kcore,rt-retweet-crawl,0.1,0.13,0.07,final_program,/home/readinggroup/Documents/cgo/cgo/benchmark/logs_real_world/p1grapheasy_autotuner/kcore/rt-retweet-crawl.txt
p1grapheasy_autotuner,kcore,web-google,0.0,0.0,0.0,final_program,/home/readinggroup/Documents/cgo/cgo/benchmark/logs_real_world/p1grapheasy_autotuner/kcore/web-google.txt
p1grapheasy_autotuner,kcore,web-hudong,0.45,0.89,0.38,final_program,/home/readinggroup/Documents/cgo/cgo/benchmark/logs_real_world/p1grapheasy_autotuner/kcore/web-hudong.txt
p1grapheasy_autotuner,pagerank,ER-AvgDeg10-1M-L2,1.41,29.57,0.23,final_program,/home/readinggroup/Documents/cgo/cgo/benchmark/logs_real_world/p1grapheasy_autotuner/pagerank/ER-AvgDeg10-1M-L2.txt
p1grapheasy_autotuner,pagerank,road-belgium-osm,0.93,18.06,0.07,final_program,/home/readinggroup/Documents/cgo/cgo/benchmark/logs_real_world/p1grapheasy_autotuner/pagerank/road-belgium-osm.txt
p1grapheasy_autotuner,pagerank,rt-retweet-crawl,1.0,20.88,0.1,final_program,/home/readinggroup/Documents/cgo/cgo/benchmark/logs_real_world/p1grapheasy_autotuner/pagerank/rt-retweet-crawl.txt
p1grapheasy_autotuner,pagerank,web-google,0.0,0.0,0.0,final_program,/home/readinggroup/Documents/cgo/cgo/benchmark/logs_real_world/p1grapheasy_autotuner/pagerank/web-google.txt
p1grapheasy_autotuner,pagerank,web-hudong,3.0,56.82,0.43,final_program,/home/readinggroup/Documents/cgo/cgo/benchmark/logs_real_world/p1grapheasy_autotuner/pagerank/web-hudong.txt
p1grapheasy_autotuner,sssp,ER-AvgDeg10-1M-L2,0.83,9.78,0.21,final_program,/home/readinggroup/Documents/cgo/cgo/benchmark/logs_real_world/p1grapheasy_autotuner/sssp/ER-AvgDeg10-1M-L2.txt
p1grapheasy_autotuner,sssp,road-belgium-osm,0.32,0.33,0.07,final_program,/home/readinggroup/Documents/cgo/cgo/benchmark/logs_real_world/p1grapheasy_autotuner/sssp/road-belgium-osm.txt
p1grapheasy_autotuner,sssp,rt-retweet-crawl,0.49,3.6,0.16,final_program,/home/readinggroup/Documents/cgo/cgo/benchmark/logs_real_world/p1grapheasy_autotuner/sssp/rt-retweet-crawl.txt
p1grapheasy_autotuner,sssp,web-google,0.0,0.0,0.0,final_program,/home/readinggroup/Documents/cgo/cgo/benchmark/logs_real_world/p1grapheasy_autotuner/sssp/web-google.txt
p1grapheasy_autotuner,sssp,web-hudong,11.8,16.46,0.46,final_program,/home/readinggroup/Documents/cgo/cgo/benchmark/logs_real_world/p1grapheasy_autotuner/sssp/web-hudong.txt
p2grapheasy_autotuner,bfs_parent,ER-AvgDeg10-1M-L2,0.24,0.34,0.16,final_program,/home/readinggroup/Documents/cgo/cgo/benchmark/logs_real_world/p2grapheasy_autotuner/bfs_parent/ER-AvgDeg10-1M-L2.txt
p2grapheasy_autotuner,bfs_parent,road-belgium-osm,0.09,0.1,0.08,final_program,/home/readinggroup/Documents/cgo/cgo/benchmark/logs_real_world/p2grapheasy_autotuner/bfs_parent/road-belgium-osm.txt
p2grapheasy_autotuner,bfs_parent,rt-retweet-crawl,0.13,0.17,0.06,final_program,/home/readinggroup/Documents/cgo/cgo/benchmark/logs_real_world/p2grapheasy_autotuner/bfs_parent/rt-retweet-crawl.txt
p2grapheasy_autotuner,bfs_parent,web-google,0.0,0.0,0.0,final_program,/home/readinggroup/Documents/cgo/cgo/benchmark/logs_real_world/p2grapheasy_autotuner/bfs_parent/web-google.txt
p2grapheasy_autotuner,bfs_parent,web-hudong,0.61,1.03,0.39,final_program,/home/readinggroup/Documents/cgo/cgo/benchmark/logs_real_world/p2grapheasy_autotuner/bfs_parent/web-hudong.txt
p2grapheasy_autotuner,cc,ER-AvgDeg10-1M-L2,0.33,0.39,0.18,final_program,/home/readinggroup/Documents/cgo/cgo/benchmark/logs_real_world/p2grapheasy_autotuner/cc/ER-AvgDeg10-1M-L2.txt
p2grapheasy_autotuner,cc,road-belgium-osm,0.78,0.79,0.06,final_program,/home/readinggroup/Documents/cgo/cgo/benchmark/logs_real_world/p2grapheasy_autotuner/cc/road-belgium-osm.txt
p2grapheasy_autotuner,cc,rt-retweet-crawl,0.13,0.19,0.06,final_program,/home/readinggroup/Documents/cgo/cgo/benchmark/logs_real_world/p2grapheasy_autotuner/cc/rt-retweet-crawl.txt
p2grapheasy_autotuner,cc,web-google,0.0,0.0,0.0,final_program,/home/readinggroup/Documents/cgo/cgo/benchmark/logs_real_world/p2grapheasy_autotuner/cc/web-google.txt
p2grapheasy_autotuner,cc,web-hudong,0.54,0.92,0.4,final_program,/home/readinggroup/Documents/cgo/cgo/benchmark/logs_real_world/p2grapheasy_autotuner/cc/web-hudong.txt
p2grapheasy_autotuner,kcore,ER-AvgDeg10-1M-L2,0.18,0.3,0.13,final_program,/home/readinggroup/Documents/cgo/cgo/benchmark/logs_real_world/p2grapheasy_autotuner/kcore/ER-AvgDeg10-1M-L2.txt
p2grapheasy_autotuner,kcore,road-belgium-osm,0.08,0.11,0.04,final_program,/home/readinggroup/Documents/cgo/cgo/benchmark/logs_real_world/p2grapheasy_autotuner/kcore/road-belgium-osm.txt
p2grapheasy_autotuner,kcore,rt-retweet-crawl,0.1,0.15,0.06,final_program,/home/readinggroup/Documents/cgo/cgo/benchmark/logs_real_world/p2grapheasy_autotuner/kcore/rt-retweet-crawl.txt
p2grapheasy_autotuner,kcore,web-google,0.0,0.0,0.0,final_program,/home/readinggroup/Documents/cgo/cgo/benchmark/logs_real_world/p2grapheasy_autotuner/kcore/web-google.txt
p2grapheasy_autotuner,kcore,web-hudong,0.47,0.87,0.4,final_program,/home/readinggroup/Documents/cgo/cgo/benchmark/logs_real_world/p2grapheasy_autotuner/kcore/web-hudong.txt
p2grapheasy_autotuner,pagerank,ER-AvgDeg10-1M-L2,0.54,0.66,0.14,final_program,/home/readinggroup/Documents/cgo/cgo/benchmark/logs_real_world/p2grapheasy_autotuner/pagerank/ER-AvgDeg10-1M-L2.txt
p2grapheasy_autotuner,pagerank,road-belgium-osm,0.18,0.2,0.05,final_program,/home/readinggroup/Documents/cgo/cgo/benchmark/logs_real_world/p2grapheasy_autotuner/pagerank/road-belgium-osm.txt
p2grapheasy_autotuner,pagerank,rt-retweet-crawl,0.31,0.35,0.08,final_program,/home/readinggroup/Documents/cgo/cgo/benchmark/logs_real_world/p2grapheasy_autotuner/pagerank/rt-retweet-crawl.txt
p2grapheasy_autotuner,pagerank,web-google,0.0,0.0,0.0,final_program,/home/readinggroup/Documents/cgo/cgo/benchmark/logs_real_world/p2grapheasy_autotuner/pagerank/web-google.txt
p2grapheasy_autotuner,pagerank,web-hudong,1.43,1.88,0.36,final_program,/home/readinggroup/Documents/cgo/cgo/benchmark/logs_real_world/p2grapheasy_autotuner/pagerank/web-hudong.txt
p2grapheasy_autotuner,sssp,ER-AvgDeg10-1M-L2,0.65,0.79,0.15,final_program,/home/readinggroup/Documents/cgo/cgo/benchmark/logs_real_world/p2grapheasy_autotuner/sssp/ER-AvgDeg10-1M-L2.txt
p2grapheasy_autotuner,sssp,road-belgium-osm,0.31,0.31,0.06,final_program,/home/readinggroup/Documents/cgo/cgo/benchmark/logs_real_world/p2grapheasy_autotuner/sssp/road-belgium-osm.txt
p2grapheasy_autotuner,sssp,rt-retweet-crawl,0.52,0.56,0.09,final_program,/home/readinggroup/Documents/cgo/cgo/benchmark/logs_real_world/p2grapheasy_autotuner/sssp/rt-retweet-crawl.txt
p2grapheasy_autotuner,sssp,web-google,0.0,0.0,0.0,final_program,/home/readinggroup/Documents/cgo/cgo/benchmark/logs_real_world/p2grapheasy_autotuner/sssp/web-google.txt
p2grapheasy_autotuner,sssp,web-hudong,12.01,12.55,0.39,final_program,/home/readinggroup/Documents/cgo/cgo/benchmark/logs_real_world/p2grapheasy_autotuner/sssp/web-hudong.txt
graphit,bfs_parent,ER-AvgDeg10-1M-L2,0.27,0.88,0.08,outer_command,/home/readinggroup/Documents/cgo/cgo/benchmark/logs_real_world/graphit/bfs_parent/ER-AvgDeg10-1M-L2.txt
graphit,bfs_parent,road-belgium-osm,0.09,0.25,0.05,outer_command,/home/readinggroup/Documents/cgo/cgo/benchmark/logs_real_world/graphit/bfs_parent/road-belgium-osm.txt
graphit,bfs_parent,rt-retweet-crawl,0.15,0.38,0.1,outer_command,/home/readinggroup/Documents/cgo/cgo/benchmark/logs_real_world/graphit/bfs_parent/rt-retweet-crawl.txt
graphit,bfs_parent,web-google,0.0,0.0,0.0,outer_command,/home/readinggroup/Documents/cgo/cgo/benchmark/logs_real_world/graphit/bfs_parent/web-google.txt
graphit,bfs_parent,web-hudong,1.05,3.12,0.26,outer_command,/home/readinggroup/Documents/cgo/cgo/benchmark/logs_real_world/graphit/bfs_parent/web-hudong.txt
graphit,cc,ER-AvgDeg10-1M-L2,0.29,1.05,0.14,outer_command,/home/readinggroup/Documents/cgo/cgo/benchmark/logs_real_world/graphit/cc/ER-AvgDeg10-1M-L2.txt
graphit,cc,road-belgium-osm,0.09,0.3,0.02,outer_command,/home/readinggroup/Documents/cgo/cgo/benchmark/logs_real_world/graphit/cc/road-belgium-osm.txt
graphit,cc,rt-retweet-crawl,0.14,0.43,0.1,outer_command,/home/readinggroup/Documents/cgo/cgo/benchmark/logs_real_world/graphit/cc/rt-retweet-crawl.txt
graphit,cc,web-google,0.0,0.0,0.01,outer_command,/home/readinggroup/Documents/cgo/cgo/benchmark/logs_real_world/graphit/cc/web-google.txt
graphit,cc,web-hudong,1.14,3.33,0.29,outer_command,/home/readinggroup/Documents/cgo/cgo/benchmark/logs_real_world/graphit/cc/web-hudong.txt
graphit,kcore,ER-AvgDeg10-1M-L2,0.32,1.09,0.11,outer_command,/home/readinggroup/Documents/cgo/cgo/benchmark/logs_real_world/graphit/kcore/ER-AvgDeg10-1M-L2.txt
graphit,kcore,road-belgium-osm,0.11,0.31,0.1,outer_command,/home/readinggroup/Documents/cgo/cgo/benchmark/logs_real_world/graphit/kcore/road-belgium-osm.txt
graphit,kcore,rt-retweet-crawl,0.2,0.56,0.27,outer_command,/home/readinggroup/Documents/cgo/cgo/benchmark/logs_real_world/graphit/kcore/rt-retweet-crawl.txt
graphit,kcore,web-google,0.0,0.0,0.02,outer_command,/home/readinggroup/Documents/cgo/cgo/benchmark/logs_real_world/graphit/kcore/web-google.txt
graphit,kcore,web-hudong,1.23,3.78,0.64,outer_command,/home/readinggroup/Documents/cgo/cgo/benchmark/logs_real_world/graphit/kcore/web-hudong.txt
graphit,pagerank,ER-AvgDeg10-1M-L2,0.36,2.26,0.05,outer_command,/home/readinggroup/Documents/cgo/cgo/benchmark/logs_real_world/graphit/pagerank/ER-AvgDeg10-1M-L2.txt
graphit,pagerank,road-belgium-osm,0.19,1.75,0.1,outer_command,/home/readinggroup/Documents/cgo/cgo/benchmark/logs_real_world/graphit/pagerank/road-belgium-osm.txt
graphit,pagerank,rt-retweet-crawl,0.21,1.45,0.13,outer_command,/home/readinggroup/Documents/cgo/cgo/benchmark/logs_real_world/graphit/pagerank/rt-retweet-crawl.txt
graphit,pagerank,web-google,0.0,0.0,0.01,outer_command,/home/readinggroup/Documents/cgo/cgo/benchmark/logs_real_world/graphit/pagerank/web-google.txt
graphit,pagerank,web-hudong,1.47,6.85,0.25,outer_command,/home/readinggroup/Documents/cgo/cgo/benchmark/logs_real_world/graphit/pagerank/web-hudong.txt
graphit,sssp,ER-AvgDeg10-1M-L2,0.37,1.19,0.13,outer_command,/home/readinggroup/Documents/cgo/cgo/benchmark/logs_real_world/graphit/sssp/ER-AvgDeg10-1M-L2.txt
graphit,sssp,road-belgium-osm,0.13,0.3,0.11,outer_command,/home/readinggroup/Documents/cgo/cgo/benchmark/logs_real_world/graphit/sssp/road-belgium-osm.txt
graphit,sssp,rt-retweet-crawl,0.18,0.52,0.09,outer_command,/home/readinggroup/Documents/cgo/cgo/benchmark/logs_real_world/graphit/sssp/rt-retweet-crawl.txt
graphit,sssp,web-google,0.0,0.0,0.0,outer_command,/home/readinggroup/Documents/cgo/cgo/benchmark/logs_real_world/graphit/sssp/web-google.txt
graphit,sssp,web-hudong,1.53,4.38,0.42,outer_command,/home/readinggroup/Documents/cgo/cgo/benchmark/logs_real_world/graphit/sssp/web-hudong.txt
ligra,bfs_parent,ER-AvgDeg10-1M-L2,0.1,0.76,0.26,outer_command,/home/readinggroup/Documents/cgo/cgo/benchmark/logs_real_world/ligra/bfs_parent/ER-AvgDeg10-1M-L2.txt
ligra,bfs_parent,road-belgium-osm,0.17,0.45,0.65,outer_command,/home/readinggroup/Documents/cgo/cgo/benchmark/logs_real_world/ligra/bfs_parent/road-belgium-osm.txt
ligra,bfs_parent,rt-retweet-crawl,0.06,0.39,0.13,outer_command,/home/readinggroup/Documents/cgo/cgo/benchmark/logs_real_world/ligra/bfs_parent/rt-retweet-crawl.txt
ligra,bfs_parent,web-google,0.01,0.0,0.0,outer_command,/home/readinggroup/Documents/cgo/cgo/benchmark/logs_real_world/ligra/bfs_parent/web-google.txt
ligra,bfs_parent,web-hudong,0.26,2.28,0.63,outer_command,/home/readinggroup/Documents/cgo/cgo/benchmark/logs_real_world/ligra/bfs_parent/web-hudong.txt
ligra,cc,ER-AvgDeg10-1M-L2,0.1,1.01,0.28,outer_command,/home/readinggroup/Documents/cgo/cgo/benchmark/logs_real_world/ligra/cc/ER-AvgDeg10-1M-L2.txt
ligra,cc,road-belgium-osm,0.48,2.73,0.89,outer_command,/home/readinggroup/Documents/cgo/cgo/benchmark/logs_real_world/ligra/cc/road-belgium-osm.txt
ligra,cc,rt-retweet-crawl,0.06,0.61,0.11,outer_command,/home/readinggroup/Documents/cgo/cgo/benchmark/logs_real_world/ligra/cc/rt-retweet-crawl.txt
ligra,cc,web-google,0.0,0.0,0.0,outer_command,/home/readinggroup/Documents/cgo/cgo/benchmark/logs_real_world/ligra/cc/web-google.txt
ligra,cc,web-hudong,0.31,2.86,0.52,outer_command,/home/readinggroup/Documents/cgo/cgo/benchmark/logs_real_world/ligra/cc/web-hudong.txt
ligra,kcore,ER-AvgDeg10-1M-L2,0.21,1.33,0.31,outer_command,/home/readinggroup/Documents/cgo/cgo/benchmark/logs_real_world/ligra/kcore/ER-AvgDeg10-1M-L2.txt
ligra,kcore,road-belgium-osm,0.27,1.2,0.33,outer_command,/home/readinggroup/Documents/cgo/cgo/benchmark/logs_real_world/ligra/kcore/road-belgium-osm.txt
ligra,kcore,rt-retweet-crawl,0.49,1.95,0.42,outer_command,/home/readinggroup/Documents/cgo/cgo/benchmark/logs_real_world/ligra/kcore/rt-retweet-crawl.txt
ligra,kcore,web-google,0.0,0.0,0.03,outer_command,/home/readinggroup/Documents/cgo/cgo/benchmark/logs_real_world/ligra/kcore/web-google.txt
ligra,kcore,web-hudong,1.82,12.45,1.73,outer_command,/home/readinggroup/Documents/cgo/cgo/benchmark/logs_real_world/ligra/kcore/web-hudong.txt
ligra,pagerank,ER-AvgDeg10-1M-L2,0.23,3.6,0.25,outer_command,/home/readinggroup/Documents/cgo/cgo/benchmark/logs_real_world/ligra/pagerank/ER-AvgDeg10-1M-L2.txt
ligra,pagerank,road-belgium-osm,0.13,1.52,0.1,outer_command,/home/readinggroup/Documents/cgo/cgo/benchmark/logs_real_world/ligra/pagerank/road-belgium-osm.txt
ligra,pagerank,rt-retweet-crawl,0.15,2.02,0.11,outer_command,/home/readinggroup/Documents/cgo/cgo/benchmark/logs_real_world/ligra/pagerank/rt-retweet-crawl.txt
ligra,pagerank,web-google,0.0,0.0,0.01,outer_command,/home/readinggroup/Documents/cgo/cgo/benchmark/logs_real_world/ligra/pagerank/web-google.txt
ligra,pagerank,web-hudong,1.84,9.79,0.55,outer_command,/home/readinggroup/Documents/cgo/cgo/benchmark/logs_real_world/ligra/pagerank/web-hudong.txt
ligra,sssp,ER-AvgDeg10-1M-L2,0.22,2.07,0.43,outer_command,/home/readinggroup/Documents/cgo/cgo/benchmark/logs_real_world/ligra/sssp/ER-AvgDeg10-1M-L2.txt
ligra,sssp,road-belgium-osm,0.34,0.98,1.05,outer_command,/home/readinggroup/Documents/cgo/cgo/benchmark/logs_real_world/ligra/sssp/road-belgium-osm.txt
ligra,sssp,rt-retweet-crawl,0.13,1.09,0.18,outer_command,/home/readinggroup/Documents/cgo/cgo/benchmark/logs_real_world/ligra/sssp/rt-retweet-crawl.txt
ligra,sssp,web-google,0.0,0.0,0.01,outer_command,/home/readinggroup/Documents/cgo/cgo/benchmark/logs_real_world/ligra/sssp/web-google.txt
ligra,sssp,web-hudong,0.58,4.63,1.06,outer_command,/home/readinggroup/Documents/cgo/cgo/benchmark/logs_real_world/ligra/sssp/web-hudong.txt
graptor,bfs_parent,ER-AvgDeg10-1M-L2,0.06,0.33,0.14,outer_command,/home/readinggroup/Documents/cgo/cgo/benchmark/logs_real_world/graptor/bfs_parent/ER-AvgDeg10-1M-L2.txt
graptor,bfs_parent,road-belgium-osm,0.1,1.19,0.05,outer_command,/home/readinggroup/Documents/cgo/cgo/benchmark/logs_real_world/graptor/bfs_parent/road-belgium-osm.txt
graptor,bfs_parent,rt-retweet-crawl,0.04,0.2,0.09,outer_command,/home/readinggroup/Documents/cgo/cgo/benchmark/logs_real_world/graptor/bfs_parent/rt-retweet-crawl.txt
graptor,bfs_parent,web-google,0.0,0.0,0.01,outer_command,/home/readinggroup/Documents/cgo/cgo/benchmark/logs_real_world/graptor/bfs_parent/web-google.txt
graptor,bfs_parent,web-hudong,0.14,1.31,0.17,outer_command,/home/readinggroup/Documents/cgo/cgo/benchmark/logs_real_world/graptor/bfs_parent/web-hudong.txt
graptor,cc,ER-AvgDeg10-1M-L2,0.07,0.76,0.08,outer_command,/home/readinggroup/Documents/cgo/cgo/benchmark/logs_real_world/graptor/cc/ER-AvgDeg10-1M-L2.txt
graptor,cc,road-belgium-osm,0.08,0.66,0.17,outer_command,/home/readinggroup/Documents/cgo/cgo/benchmark/logs_real_world/graptor/cc/road-belgium-osm.txt
graptor,cc,rt-retweet-crawl,0.07,0.64,0.11,outer_command,/home/readinggroup/Documents/cgo/cgo/benchmark/logs_real_world/graptor/cc/rt-retweet-crawl.txt
graptor,cc,web-google,0.0,0.0,0.01,outer_command,/home/readinggroup/Documents/cgo/cgo/benchmark/logs_real_world/graptor/cc/web-google.txt
graptor,cc,web-hudong,0.18,1.87,0.35,outer_command,/home/readinggroup/Documents/cgo/cgo/benchmark/logs_real_world/graptor/cc/web-hudong.txt
graptor,kcore,ER-AvgDeg10-1M-L2,0.08,0.73,0.2,outer_command,/home/readinggroup/Documents/cgo/cgo/benchmark/logs_real_world/graptor/kcore/ER-AvgDeg10-1M-L2.txt
graptor,kcore,road-belgium-osm,0.06,0.2,0.26,outer_command,/home/readinggroup/Documents/cgo/cgo/benchmark/logs_real_world/graptor/kcore/road-belgium-osm.txt
graptor,kcore,rt-retweet-crawl,0.1,0.35,0.47,outer_command,/home/readinggroup/Documents/cgo/cgo/benchmark/logs_real_world/graptor/kcore/rt-retweet-crawl.txt
graptor,kcore,web-google,0.0,0.0,0.01,outer_command,/home/readinggroup/Documents/cgo/cgo/benchmark/logs_real_world/graptor/kcore/web-google.txt
graptor,kcore,web-hudong,0.31,2.14,1.4,outer_command,/home/readinggroup/Documents/cgo/cgo/benchmark/logs_real_world/graptor/kcore/web-hudong.txt
graptor,pagerank,ER-AvgDeg10-1M-L2,0.09,0.98,0.12,outer_command,/home/readinggroup/Documents/cgo/cgo/benchmark/logs_real_world/graptor/pagerank/ER-AvgDeg10-1M-L2.txt
graptor,pagerank,road-belgium-osm,0.05,0.28,0.08,outer_command,/home/readinggroup/Documents/cgo/cgo/benchmark/logs_real_world/graptor/pagerank/road-belgium-osm.txt
graptor,pagerank,rt-retweet-crawl,0.06,0.47,0.04,outer_command,/home/readinggroup/Documents/cgo/cgo/benchmark/logs_real_world/graptor/pagerank/rt-retweet-crawl.txt
graptor,pagerank,web-google,0.0,0.0,0.01,outer_command,/home/readinggroup/Documents/cgo/cgo/benchmark/logs_real_world/graptor/pagerank/web-google.txt
graptor,pagerank,web-hudong,0.29,3.78,0.26,outer_command,/home/readinggroup/Documents/cgo/cgo/benchmark/logs_real_world/graptor/pagerank/web-hudong.txt
graptor,sssp,ER-AvgDeg10-1M-L2,0.23,1.11,1.93,outer_command,/home/readinggroup/Documents/cgo/cgo/benchmark/logs_real_world/graptor/sssp/ER-AvgDeg10-1M-L2.txt
graptor,sssp,road-belgium-osm,2.85,2.91,13.59,outer_command,/home/readinggroup/Documents/cgo/cgo/benchmark/logs_real_world/graptor/sssp/road-belgium-osm.txt
graptor,sssp,rt-retweet-crawl,0.15,0.53,0.87,outer_command,/home/readinggroup/Documents/cgo/cgo/benchmark/logs_real_world/graptor/sssp/rt-retweet-crawl.txt
graptor,sssp,web-google,0.01,0.0,0.06,outer_command,/home/readinggroup/Documents/cgo/cgo/benchmark/logs_real_world/graptor/sssp/web-google.txt
graptor,sssp,web-hudong,0.38,2.77,1.71,outer_command,/home/readinggroup/Documents/cgo/cgo/benchmark/logs_real_world/graptor/sssp/web-hudong.txt
bgl,bfs_parent,ER-AvgDeg10-1M-L2,0.45,0.33,0.12,outer_command,/home/readinggroup/Documents/cgo/cgo/benchmark/logs_real_world/bgl/bfs_parent/ER-AvgDeg10-1M-L2.txt
bgl,bfs_parent,road-belgium-osm,0.19,0.14,0.05,outer_command,/home/readinggroup/Documents/cgo/cgo/benchmark/logs_real_world/bgl/bfs_parent/road-belgium-osm.txt
bgl,bfs_parent,rt-retweet-crawl,0.42,0.36,0.05,outer_command,/home/readinggroup/Documents/cgo/cgo/benchmark/logs_real_world/bgl/bfs_parent/rt-retweet-crawl.txt
bgl,bfs_parent,web-google,0.0,0.0,0.0,outer_command,/home/readinggroup/Documents/cgo/cgo/benchmark/logs_real_world/bgl/bfs_parent/web-google.txt
bgl,bfs_parent,web-hudong,1.69,1.4,0.29,outer_command,/home/readinggroup/Documents/cgo/cgo/benchmark/logs_real_world/bgl/bfs_parent/web-hudong.txt
bgl,cc,ER-AvgDeg10-1M-L2,1.51,1.3,0.2,outer_command,/home/readinggroup/Documents/cgo/cgo/benchmark/logs_real_world/bgl/cc/ER-AvgDeg10-1M-L2.txt
bgl,cc,road-belgium-osm,0.3,0.24,0.06,outer_command,/home/readinggroup/Documents/cgo/cgo/benchmark/logs_real_world/bgl/cc/road-belgium-osm.txt
bgl,cc,rt-retweet-crawl,0.64,0.54,0.09,outer_command,/home/readinggroup/Documents/cgo/cgo/benchmark/logs_real_world/bgl/cc/rt-retweet-crawl.txt
bgl,cc,web-google,0.0,0.0,0.0,outer_command,/home/readinggroup/Documents/cgo/cgo/benchmark/logs_real_world/bgl/cc/web-google.txt
bgl,cc,web-hudong,2.7,2.25,0.44,outer_command,/home/readinggroup/Documents/cgo/cgo/benchmark/logs_real_world/bgl/cc/web-hudong.txt
bgl,sssp,ER-AvgDeg10-1M-L2,0.6,0.48,0.11,outer_command,/home/readinggroup/Documents/cgo/cgo/benchmark/logs_real_world/bgl/sssp/ER-AvgDeg10-1M-L2.txt
bgl,sssp,road-belgium-osm,0.23,0.18,0.04,outer_command,/home/readinggroup/Documents/cgo/cgo/benchmark/logs_real_world/bgl/sssp/road-belgium-osm.txt
bgl,sssp,rt-retweet-crawl,0.53,0.47,0.06,outer_command,/home/readinggroup/Documents/cgo/cgo/benchmark/logs_real_world/bgl/sssp/rt-retweet-crawl.txt
bgl,sssp,web-google,0.0,0.0,0.0,outer_command,/home/readinggroup/Documents/cgo/cgo/benchmark/logs_real_world/bgl/sssp/web-google.txt
bgl,sssp,web-hudong,3.55,3.26,0.28,outer_command,/home/readinggroup/Documents/cgo/cgo/benchmark/logs_real_world/bgl/sssp/web-hudong.txt
graph_tool,bfs_parent,ER-AvgDeg10-1M-L2,1.83,2.44,2.05,outer_command,/home/readinggroup/Documents/cgo/cgo/benchmark/logs_real_world/graph_tool/bfs_parent/ER-AvgDeg10-1M-L2.txt
graph_tool,bfs_parent,road-belgium-osm,0.98,1.67,1.96,outer_command,/home/readinggroup/Documents/cgo/cgo/benchmark/logs_real_world/graph_tool/bfs_parent/road-belgium-osm.txt
graph_tool,bfs_parent,rt-retweet-crawl,1.1,1.79,1.95,outer_command,/home/readinggroup/Documents/cgo/cgo/benchmark/logs_real_world/graph_tool/bfs_parent/rt-retweet-crawl.txt
graph_tool,bfs_parent,web-google,0.54,1.23,1.95,outer_command,/home/readinggroup/Documents/cgo/cgo/benchmark/logs_real_world/graph_tool/bfs_parent/web-google.txt
graph_tool,bfs_parent,web-hudong,5.96,6.5,2.11,outer_command,/home/readinggroup/Documents/cgo/cgo/benchmark/logs_real_world/graph_tool/bfs_parent/web-hudong.txt
graph_tool,cc,ER-AvgDeg10-1M-L2,1.75,2.34,2.04,outer_command,/home/readinggroup/Documents/cgo/cgo/benchmark/logs_real_world/graph_tool/cc/ER-AvgDeg10-1M-L2.txt
graph_tool,cc,road-belgium-osm,0.83,1.51,1.97,outer_command,/home/readinggroup/Documents/cgo/cgo/benchmark/logs_real_world/graph_tool/cc/road-belgium-osm.txt
graph_tool,cc,rt-retweet-crawl,1.07,1.69,1.96,outer_command,/home/readinggroup/Documents/cgo/cgo/benchmark/logs_real_world/graph_tool/cc/rt-retweet-crawl.txt
graph_tool,cc,web-google,0.54,1.24,1.95,outer_command,/home/readinggroup/Documents/cgo/cgo/benchmark/logs_real_world/graph_tool/cc/web-google.txt
graph_tool,cc,web-hudong,2.67,3.18,2.12,outer_command,/home/readinggroup/Documents/cgo/cgo/benchmark/logs_real_world/graph_tool/cc/web-hudong.txt
graph_tool,kcore,ER-AvgDeg10-1M-L2,1.74,2.39,2.02,outer_command,/home/readinggroup/Documents/cgo/cgo/benchmark/logs_real_world/graph_tool/kcore/ER-AvgDeg10-1M-L2.txt
graph_tool,kcore,road-belgium-osm,0.85,1.55,1.94,outer_command,/home/readinggroup/Documents/cgo/cgo/benchmark/logs_real_world/graph_tool/kcore/road-belgium-osm.txt
graph_tool,kcore,rt-retweet-crawl,1.08,1.72,1.98,outer_command,/home/readinggroup/Documents/cgo/cgo/benchmark/logs_real_world/graph_tool/kcore/rt-retweet-crawl.txt
graph_tool,kcore,web-google,0.54,1.28,1.87,outer_command,/home/readinggroup/Documents/cgo/cgo/benchmark/logs_real_world/graph_tool/kcore/web-google.txt
graph_tool,kcore,web-hudong,2.94,3.41,2.18,outer_command,/home/readinggroup/Documents/cgo/cgo/benchmark/logs_real_world/graph_tool/kcore/web-hudong.txt
graph_tool,pagerank,ER-AvgDeg10-1M-L2,1.73,6.62,3.96,outer_command,/home/readinggroup/Documents/cgo/cgo/benchmark/logs_real_world/graph_tool/pagerank/ER-AvgDeg10-1M-L2.txt
graph_tool,pagerank,road-belgium-osm,0.92,4.81,3.94,outer_command,/home/readinggroup/Documents/cgo/cgo/benchmark/logs_real_world/graph_tool/pagerank/road-belgium-osm.txt
graph_tool,pagerank,rt-retweet-crawl,1.12,4.62,3.81,outer_command,/home/readinggroup/Documents/cgo/cgo/benchmark/logs_real_world/graph_tool/pagerank/rt-retweet-crawl.txt
graph_tool,pagerank,web-google,0.54,1.25,1.96,outer_command,/home/readinggroup/Documents/cgo/cgo/benchmark/logs_real_world/graph_tool/pagerank/web-google.txt
graph_tool,pagerank,web-hudong,3.5,9.81,4.17,outer_command,/home/readinggroup/Documents/cgo/cgo/benchmark/logs_real_world/graph_tool/pagerank/web-hudong.txt
graph_tool,sssp,ER-AvgDeg10-1M-L2,1.71,2.28,2.07,outer_command,/home/readinggroup/Documents/cgo/cgo/benchmark/logs_real_world/graph_tool/sssp/ER-AvgDeg10-1M-L2.txt
graph_tool,sssp,road-belgium-osm,0.88,1.51,2.02,outer_command,/home/readinggroup/Documents/cgo/cgo/benchmark/logs_real_world/graph_tool/sssp/road-belgium-osm.txt
graph_tool,sssp,rt-retweet-crawl,1.1,1.7,2.04,outer_command,/home/readinggroup/Documents/cgo/cgo/benchmark/logs_real_world/graph_tool/sssp/rt-retweet-crawl.txt
graph_tool,sssp,web-google,0.54,1.33,1.88,outer_command,/home/readinggroup/Documents/cgo/cgo/benchmark/logs_real_world/graph_tool/sssp/web-google.txt
graph_tool,sssp,web-hudong,4.96,5.36,2.18,outer_command,/home/readinggroup/Documents/cgo/cgo/benchmark/logs_real_world/graph_tool/sssp/web-hudong.txt
