policy,case,run,p,ordinary,loops,n,ordinary_n,ratio,order,level_ns,loop_ns,sum_prediction_ns,resource_prediction_ns,early_loop_count,w0,parents0,spare0,w1,parents1,spare1,w2,parents2,spare2,w3,parents3,spare3,w4,parents4,spare4,w5,parents5,spare5,w6,parents6,spare6,w7,parents7,spare7
new,overflow-many-loops,1,4,2,4,100000,1000,1,0,4969166,4709258,13537400,3501730,0,1,4,0,1,4,0,1,4,0,1,4,0
fixed,overflow-two-short,2,8,10,2,200000,1000,3,0,34667062,34433293,40744916,33760141,22,1,8,0,1,8,0
old,overflow-two-short,2,8,10,2,200000,1000,3,0,12048629,11442545,10700409,10700409,22,2,1,7,5,1,7
old,overflow-many-loops,0,2,2,2,100000,1000,1,0,3504846,3376510,6637648,3333217,22,1,2,0,1,2,0
phased_sum,fits-loops,0,4,0,2,200000,1000,3,0,17294115,17146878,23632416,16962145,0,1,2,2,2,2,2
phased_sum,tiny-overflow,0,4,6,1,1025,16,1,0,207929,33575,33605,33605,0,1,1,3
fixed,fits-mixed,1,2,1,1,200000,1000,1,0,6938195,6796303,6617811,6617811,11,1,2,0
phased_sum,overflow-two-short,2,2,4,2,200000,1000,3,0,34669446,34309597,40598484,34000371,0,1,2,0,1,2,0
phased_sum,fits-loops,2,4,0,2,200000,1000,3,0,17580790,17416383,23791631,17124416,0,1,2,2,2,2,2
fixed,overflow-one-long,1,4,6,1,200000,300000,1,0,21741756,6860296,6846610,6846610,11,1,4,0
fixed,tiny-overflow,1,2,4,1,1025,16,1,0,112326,34006,33595,33595,11,1,2,0
fixed,overflow-one-long,0,8,10,1,200000,300000,1,0,24932832,10034890,6717452,6717452,11,1,8,0
fixed,fits-loops,0,2,0,2,200000,1000,3,0,34309971,34141654,40580290,33921280,0,1,2,0,1,2,0
fixed,overflow-many-loops,1,4,2,4,100000,1000,1,0,3763098,3650277,13253074,3324480,44,1,4,0,1,4,0,1,4,0,1,4,0
new,fits-mixed,1,4,1,1,200000,1000,1,0,3742082,3612614,3412116,3412116,11,2,2,2
new,overflow-many-loops,2,8,2,8,100000,1000,1,0,5568827,5272026,26444483,3347485,0,1,8,0,1,8,0,1,8,0,1,8,0,1,8,0,1,8,0,1,8,0,1,8,0
fixed,overflow-many-loops,2,8,2,8,100000,1000,1,0,5393992,5274933,27113988,3999438,88,1,8,0,1,8,0,1,8,0,1,8,0,1,8,0,1,8,0,1,8,0,1,8,0
new,overflow-one-short,1,2,4,1,200000,1000,1,0,6987460,6711550,6814539,6814539,0,1,1,1
old,fits-loops,1,2,0,2,200000,1000,3,0,34264605,34102785,40431264,33847719,0,1,2,0,1,2,0
new,overflow-one-long,1,8,10,1,200000,300000,1,0,24363634,1572954,1084596,1084596,0,7,1,7
new,overflow-two-short,1,8,10,2,200000,1000,3,0,10031805,9375162,12630116,6801462,0,1,2,6,6,2,6
old,overflow-two-short,0,8,10,2,200000,1000,3,0,10732387,10210534,10453937,10453937,22,2,1,7,5,1,7
fixed,overflow-two-short,2,4,6,2,200000,1000,3,0,31518758,31362685,37955489,31100367,22,1,4,0,1,4,0
new,fits-loops,0,2,0,2,200000,1000,3,0,31571541,31382419,37238709,31143486,0,1,2,0,1,2,0
new,overflow-many-loops,2,4,2,4,100000,1000,1,0,4004868,3784250,12813196,3764170,0,1,4,0,1,4,0,1,4,0,1,4,0
new,overflow-one-short,2,4,6,1,200000,1000,1,0,2481960,2241451,2128204,2128204,0,3,1,3
old,overflow-one-long,0,8,10,1,200000,300000,1,0,30101873,2554272,1652899,1652899,11,4,4,4
new,overflow-one-long,1,2,4,1,200000,300000,1,0,24970743,6152272,6396982,6396982,0,1,1,1
new,overflow-many-loops,0,2,2,2,100000,1000,1,0,3304238,3077068,6078149,3053842,0,1,2,0,1,2,0
phased_sum,overflow-one-long,1,4,6,1,200000,300000,1,0,21202752,2314200,2180397,2180397,0,3,1,3
old,overflow-two-short,0,2,4,2,200000,1000,3,0,31631387,31455550,37303054,31162740,22,1,2,0,1,2,0
new,overflow-many-loops,2,2,2,2,100000,1000,1,0,3508165,3257599,6072648,3039552,0,1,2,0,1,2,0
fixed,fits-mixed,0,8,1,1,200000,1000,1,0,1759039,1638376,1169375,1169375,11,6,2,6
fixed,overflow-two-short,0,4,6,2,200000,1000,3,0,31487321,31320502,37253888,31078943,21,1,4,0,1,4,0
phased_sum,tiny-overflow,0,8,10,1,1025,16,1,0,422738,30794,30610,30610,0,1,1,7
fixed,overflow-two-short,1,8,10,2,200000,1000,3,0,31460068,31254846,37917482,31706342,22,1,8,0,1,8,0
old,fits-loops,2,2,0,2,200000,1000,3,0,31400797,31236371,37217350,31092300,0,1,2,0,1,2,0
new,fits-loops,2,2,0,2,200000,1000,3,0,31528810,31362492,37355660,31284785,0,1,2,0,1,2,0
old,fits-mixed,1,4,1,1,200000,1000,1,0,2597290,2524995,2128861,2128861,11,3,1,3
old,fits-loops,0,8,0,2,200000,1000,3,0,10543489,10470662,10296503,10296503,0,2,1,7,5,1,7
old,fits-mixed,2,4,1,1,200000,1000,1,0,2277639,2206915,2162711,2162711,11,3,1,3
old,overflow-two-ordinary-first,2,2,4,2,200000,1000,3,1,31445150,31182819,37677691,31125494,11,1,2,0,1,2,0
phased_sum,overflow-two-ordinary-first,0,2,4,2,200000,1000,3,1,31902111,31495875,37285895,31211520,0,1,2,0,1,2,0
phased_sum,overflow-two-ordinary-first,2,4,6,2,200000,1000,3,1,16648283,16278894,21755726,15680469,0,1,2,2,2,2,2
phased_sum,fits-mixed,2,2,1,1,200000,1000,1,0,6253136,6122608,6162347,6162347,11,1,2,0
fixed,overflow-two-ordinary-first,2,2,4,2,200000,1000,3,1,31753793,31493020,38283594,31319017,11,1,2,0,1,2,0
new,fits-mixed,1,2,1,1,200000,1000,1,0,6293164,6142417,6132596,6132596,11,1,2,0
fixed,tiny-overflow,2,4,6,1,1025,16,1,0,171287,30977,30618,30618,11,1,4,0
new,overflow-two-ordinary-first,2,4,6,2,200000,1000,3,1,16280781,15878755,21743346,15664737,0,1,2,2,2,2,2
phased_sum,tiny-overflow,0,2,4,1,1025,16,1,0,129657,31115,31170,31170,0,1,1,1
phased_sum,tiny-overflow,2,4,6,1,1025,16,1,0,198562,30756,30619,30619,0,1,1,3
old,fits-mixed,0,4,1,1,200000,1000,1,0,2281304,2215787,2126059,2126059,11,3,1,3
old,overflow-two-ordinary-first,2,4,6,2,200000,1000,3,1,31782540,31436150,37345110,31315570,22,1,4,0,1,4,0
fixed,fits-loops,2,2,0,2,200000,1000,3,0,31443234,31307444,37265954,31205291,0,1,2,0,1,2,0
old,overflow-two-short,1,4,6,2,200000,1000,3,0,31526569,31315894,37554178,31437705,22,1,4,0,1,4,0
new,overflow-one-short,0,4,6,1,200000,1000,1,0,2450983,2242823,2108415,2108415,0,3,1,3
old,tiny-overflow,0,2,4,1,1025,16,1,0,34394,30885,30618,30618,11,1,1,0
new,tiny-overflow,0,4,6,1,1025,16,1,0,206203,30959,48188,48188,0,1,1,3
phased_sum,overflow-one-long,0,8,10,1,200000,300000,1,0,22367964,1446892,1004623,1004623,0,7,1,7
phased_sum,overflow-two-short,2,4,6,2,200000,1000,3,0,16445183,16052200,21876583,15664176,0,1,2,2,2,2,2
new,overflow-one-short,0,2,4,1,200000,1000,1,0,6301995,6079472,6204702,6204702,0,1,1,1
fixed,fits-loops,0,8,0,2,200000,1000,3,0,11820256,11669302,11163963,11163963,0,2,2,6,4,2,6
phased_sum,overflow-one-short,0,2,4,1,200000,1000,1,0,6331905,6132875,6118549,6118549,0,1,1,1
old,fits-loops,0,2,0,2,200000,1000,3,0,31584252,31438267,37238717,31107293,0,1,2,0,1,2,0
phased_sum,overflow-many-loops,1,2,2,2,100000,1000,1,0,3388119,3101111,6061976,3035024,0,1,2,0,1,2,0
old,overflow-many-loops,2,2,2,2,100000,1000,1,0,3377785,3250990,6099942,3074496,22,1,2,0,1,2,0
phased_sum,overflow-two-ordinary-first,2,2,4,2,200000,1000,3,1,31705293,31382079,37297621,31231208,0,1,2,0,1,2,0
old,tiny-overflow,2,2,4,1,1025,16,1,0,34394,30885,30619,30619,11,1,1,0
fixed,fits-mixed,0,4,1,1,200000,1000,1,0,3403192,3297194,3132851,3132851,11,2,2,2
old,overflow-two-ordinary-first,0,4,6,2,200000,1000,3,1,31721274,31415437,37498966,31278790,22,1,4,0,1,4,0
fixed,overflow-many-loops,0,2,2,2,100000,1000,1,0,3247812,3129609,6066935,3047395,22,1,2,0,1,2,0
fixed,overflow-many-loops,1,2,2,2,100000,1000,1,0,3177946,3095169,6105402,3076476,22,1,2,0,1,2,0
phased_sum,fits-loops,0,8,0,2,200000,1000,3,0,11602582,11468940,11096232,11096232,0,2,2,6,4,2,6
new,overflow-one-long,0,4,6,1,200000,300000,1,0,21465214,2265113,2112401,2112401,0,3,1,3
new,fits-loops,1,8,0,2,200000,1000,3,0,8809027,8639751,11519753,6096048,0,1,2,6,6,2,6
old,overflow-two-ordinary-first,0,2,4,2,200000,1000,3,1,31538994,31292400,37493786,31312255,11,1,2,0,1,2,0
old,overflow-one-short,2,4,6,1,200000,1000,1,0,6332732,6165492,6133086,6133086,11,1,4,0
phased_sum,fits-mixed,0,8,1,1,200000,1000,1,0,1719523,1620925,1172658,1172658,11,6,2,6
fixed,tiny-overflow,1,4,6,1,1025,16,1,0,154792,31014,30628,30628,11,1,4,0
old,overflow-one-long,2,4,6,1,200000,300000,1,0,19632603,6290312,6318406,6318406,11,1,4,0
new,overflow-two-ordinary-first,1,2,4,2,200000,1000,3,1,32091884,31744950,37409811,31242919,0,1,2,0,1,2,0
new,overflow-two-short,2,4,6,2,200000,1000,3,0,16480698,16027956,22549241,16004942,0,1,2,2,2,2,2
fixed,fits-loops,1,2,0,2,200000,1000,3,0,31531519,31367140,37366266,31272560,0,1,2,0,1,2,0
new,tiny-overflow,1,8,10,1,1025,16,1,0,428772,30811,30582,30582,0,1,1,7
new,overflow-two-ordinary-first,2,8,10,2,200000,1000,3,1,9425064,8699418,11544499,6166451,0,1,2,6,6,2,6
old,fits-loops,0,4,0,2,200000,1000,3,0,13115406,13046803,12684042,12684042,0,3,1,3,3,1,3
fixed,tiny-overflow,2,8,10,1,1025,16,1,0,388235,31629,30977,30977,11,1,8,0
old,overflow-one-long,0,4,6,1,200000,300000,1,0,19280204,6301498,6215281,6215281,11,1,4,0
new,fits-loops,1,4,0,2,200000,1000,3,0,16231762,16087752,22037540,15844309,0,1,2,2,2,2,2
new,overflow-two-short,0,4,6,2,200000,1000,3,0,16387882,16017421,21967340,15874295,0,1,2,2,2,2,2
fixed,tiny-overflow,2,2,4,1,1025,16,1,0,99791,31482,30986,30986,11,1,2,0
new,overflow-two-short,2,2,4,2,200000,1000,3,0,31747209,31377373,37460983,31225241,0,1,2,0,1,2,0
old,fits-loops,1,4,0,2,200000,1000,3,0,13208061,13149624,12778867,12778867,0,3,1,3,3,1,3
old,overflow-one-short,2,8,10,1,200000,1000,1,0,1857031,1411637,1004954,1004954,11,7,1,7
phased_sum,overflow-two-ordinary-first,2,8,10,2,200000,1000,3,1,12373606,11805385,11175168,11175168,0,2,2,6,4,2,6
fixed,overflow-one-long,0,4,6,1,200000,300000,1,0,20712279,6391526,6224668,6224668,11,1,4,0
fixed,overflow-one-long,1,2,4,1,200000,300000,1,0,24634723,6223675,6120485,6120485,11,1,2,0
new,fits-loops,0,8,0,2,200000,1000,3,0,6717095,6602580,11478360,6152988,0,1,2,6,6,2,6
phased_sum,overflow-one-short,1,8,10,1,200000,1000,1,0,1896044,1412996,996956,996956,0,7,1,7
new,overflow-two-short,0,8,10,2,200000,1000,3,0,9425983,8635003,11543624,6164900,0,1,2,6,6,2,6
fixed,overflow-one-long,2,8,10,1,200000,300000,1,0,23952089,9150157,6722244,6722244,11,1,8,0
fixed,overflow-two-ordinary-first,1,2,4,2,200000,1000,3,1,31574361,31319249,37845414,31667805,11,1,2,0,1,2,0
phased_sum,fits-loops,1,8,0,2,200000,1000,3,0,11989686,11829125,11122505,11122505,0,2,2,6,4,2,6
old,overflow-two-short,0,4,6,2,200000,1000,3,0,31567428,31368214,37240797,31076788,22,1,4,0,1,4,0
old,overflow-many-loops,1,4,2,4,100000,1000,1,0,8249174,3765675,12211810,3136060,44,1,4,0,1,4,0,1,4,0,1,4,0
new,overflow-two-short,2,8,10,2,200000,1000,3,0,6865714,6303933,11412353,6093037,0,1,2,6,6,2,6
old,overflow-one-short,1,4,6,1,200000,1000,1,0,6261889,6123830,6080280,6080280,11,1,4,0
old,tiny-overflow,1,8,10,1,1025,16,1,0,358902,31078,142924,142924,11,2,6,2
old,fits-mixed,2,2,1,1,200000,1000,1,0,6112968,6080715,6094046,6094046,11,1,1,1
old,overflow-two-short,1,8,10,2,200000,1000,3,0,10822793,10316014,9550753,9550753,22,2,1,7,5,1,7
fixed,overflow-two-short,0,8,10,2,200000,1000,3,0,31909586,31654242,37725915,31624568,22,1,8,0,1,8,0
fixed,overflow-many-loops,0,8,2,8,100000,1000,1,0,4992205,4874128,25056926,3257429,88,1,8,0,1,8,0,1,8,0,1,8,0,1,8,0,1,8,0,1,8,0,1,8,0
new,overflow-many-loops,0,8,2,8,100000,1000,1,0,5274927,4987669,24424144,3098558,0,1,8,0,1,8,0,1,8,0,1,8,0,1,8,0,1,8,0,1,8,0,1,8,0
phased_sum,overflow-one-long,1,8,10,1,200000,300000,1,0,22450277,1451596,1022845,1022845,0,7,1,7
new,overflow-one-long,1,4,6,1,200000,300000,1,0,21422182,2308477,2166298,2166298,0,3,1,3
fixed,overflow-many-loops,0,4,2,4,100000,1000,1,0,3415517,3319176,12183263,3068775,44,1,4,0,1,4,0,1,4,0,1,4,0
phased_sum,overflow-one-short,0,8,10,1,200000,1000,1,0,1919739,1419581,1024852,1024852,0,7,1,7
new,overflow-two-short,1,4,6,2,200000,1000,3,0,16701843,16310028,21981253,15745179,0,1,2,2,2,2,2
phased_sum,fits-mixed,0,4,1,1,200000,1000,1,0,3402926,3283179,3180721,3180721,11,2,2,2
old,overflow-two-ordinary-first,2,8,10,2,200000,1000,3,1,11006408,10497398,9581273,9581273,0,2,1,7,5,1,7
new,fits-loops,2,4,0,2,200000,1000,3,0,16090974,15948782,21904808,15779352,0,1,2,2,2,2,2
new,tiny-overflow,1,2,4,1,1025,16,1,0,129096,31114,30774,30774,0,1,1,1
old,overflow-one-short,1,8,10,1,200000,1000,1,0,1830206,1409801,1030858,1030858,11,7,1,7
fixed,fits-loops,0,4,0,2,200000,1000,3,0,16154160,15984233,22012659,15684454,0,1,2,2,2,2,2
fixed,overflow-one-long,1,8,10,1,200000,300000,1,0,22387037,9160920,6154063,6154063,11,1,8,0
old,fits-loops,2,8,0,2,200000,1000,3,0,10344654,10265738,9699531,9699531,0,2,1,7,5,1,7
phased_sum,overflow-two-short,2,8,10,2,200000,1000,3,0,12659651,12054691,11278438,11278438,0,2,2,6,4,2,6
new,tiny-overflow,2,2,4,1,1025,16,1,0,128095,31096,30766,30766,0,1,1,1
fixed,overflow-one-short,2,4,6,1,200000,1000,1,0,6386256,6255103,6184635,6184635,11,1,4,0
fixed,fits-loops,1,8,0,2,200000,1000,3,0,12026763,11889344,11249892,11249892,0,2,2,6,4,2,6
phased_sum,overflow-one-long,1,2,4,1,200000,300000,1,0,25156458,6157433,6129808,6129808,0,1,1,1
new,fits-mixed,2,2,1,1,200000,1000,1,0,6256911,6104572,6185435,6185435,11,1,2,0
phased_sum,overflow-two-short,0,8,10,2,200000,1000,3,0,12353653,11727712,11177177,11177177,0,2,2,6,4,2,6
new,tiny-overflow,0,8,10,1,1025,16,1,0,391935,31142,30756,30756,0,1,1,7
phased_sum,overflow-one-long,2,2,4,1,200000,300000,1,0,25155493,6197520,6899821,6899821,0,1,1,1
fixed,overflow-two-short,1,4,6,2,200000,1000,3,0,31483524,31286501,37273478,31207542,22,1,4,0,1,4,0
old,overflow-one-short,0,2,4,1,200000,1000,1,0,6307440,6165460,6096370,6096370,11,1,1,0
new,overflow-two-short,1,2,4,2,200000,1000,3,0,31832985,31477903,37260445,31187733,0,1,2,0,1,2,0
old,overflow-one-short,0,4,6,1,200000,1000,1,0,6274801,6100429,6069600,6069600,11,1,4,0
old,overflow-many-loops,2,4,2,4,100000,1000,1,0,3785844,3574378,12195396,3076003,44,1,4,0,1,4,0,1,4,0,1,4,0
fixed,overflow-two-ordinary-first,0,4,6,2,200000,1000,3,1,31551332,31328998,38763424,31316582,22,1,4,0,1,4,0
phased_sum,overflow-two-short,1,2,4,2,200000,1000,3,0,31647914,31327291,37288281,31165590,0,1,2,0,1,2,0
old,tiny-overflow,0,4,6,1,1025,16,1,0,166043,31189,30619,30619,11,1,4,0
new,overflow-one-long,2,2,4,1,200000,300000,1,0,25229102,6227551,6156928,6156928,0,1,1,1
old,overflow-many-loops,2,8,2,8,100000,1000,1,0,21843449,9295730,7880556,7880556,88,2,1,6,7,1,6,7,1,6,2,1,6,7,1,6,2,1,6,7,1,6,7,1,6
new,overflow-one-short,2,8,10,1,200000,1000,1,0,1895182,1412661,993651,993651,0,7,1,7
new,overflow-one-short,0,8,10,1,200000,1000,1,0,1839417,1399855,1003419,1003419,0,7,1,7
old,fits-mixed,0,8,1,1,200000,1000,1,0,1459862,1394849,996225,996225,11,7,1,7
old,overflow-two-short,2,2,4,2,200000,1000,3,0,31634146,31486534,37297988,31238575,22,1,2,0,1,2,0
new,fits-mixed,0,8,1,1,200000,1000,1,0,1714472,1611715,1144650,1144650,11,6,2,6
phased_sum,overflow-two-short,1,8,10,2,200000,1000,3,0,12471972,11882557,11153008,11153008,0,2,2,6,4,2,6
phased_sum,overflow-many-loops,1,4,2,4,100000,1000,1,0,3791083,3531164,12223402,3100937,0,1,4,0,1,4,0,1,4,0,1,4,0
old,fits-mixed,1,8,1,1,200000,1000,1,0,1480341,1411022,1003772,1003772,11,7,1,7
old,tiny-overflow,1,2,4,1,1025,16,1,0,34825,31261,31179,31179,11,1,1,0
phased_sum,fits-mixed,1,4,1,1,200000,1000,1,0,3432232,3336556,3132797,3132797,11,2,2,2
fixed,tiny-overflow,1,8,10,1,1025,16,1,0,353143,31417,30618,30618,11,1,8,0
fixed,overflow-two-short,1,2,4,2,200000,1000,3,0,31607110,31480561,37513650,31216745,22,1,2,0,1,2,0
phased_sum,overflow-two-ordinary-first,1,8,10,2,200000,1000,3,1,12676165,12050819,11289596,11289596,0,2,2,6,4,2,6
old,overflow-one-long,1,2,4,1,200000,300000,1,0,24912996,6181677,6171236,6171236,11,1,2,0
phased_sum,overflow-one-short,2,4,6,1,200000,1000,1,0,2538321,2271036,2104455,2104455,0,3,1,3
old,fits-mixed,1,2,1,1,200000,1000,1,0,6140820,6105435,6093919,6093919,11,1,1,1
old,overflow-many-loops,1,2,2,2,100000,1000,1,0,3285204,3183949,6109942,3084468,22,1,2,0,1,2,0
old,overflow-two-short,2,4,6,2,200000,1000,3,0,31835369,31569532,37326450,31240109,22,1,4,0,1,4,0
phased_sum,overflow-many-loops,1,8,2,8,100000,1000,1,0,5169131,4929260,25755052,3717140,0,1,8,0,1,8,0,1,8,0,1,8,0,1,8,0,1,8,0,1,8,0,1,8,0
fixed,overflow-one-short,0,2,4,1,200000,1000,1,0,6413807,6281184,6552115,6552115,11,1,2,0
new,overflow-many-loops,0,4,2,4,100000,1000,1,0,4049594,3804266,13134590,3395418,0,1,4,0,1,4,0,1,4,0,1,4,0
new,overflow-one-long,2,8,10,1,200000,300000,1,0,24809489,1580853,1072154,1072154,0,7,1,7
old,overflow-two-ordinary-first,1,8,10,2,200000,1000,3,1,13536097,11347441,10381378,10381378,0,2,1,7,5,1,7
fixed,overflow-two-short,2,2,4,2,200000,1000,3,0,33755563,33537144,40171150,33397102,22,1,2,0,1,2,0
old,tiny-overflow,1,4,6,1,1025,16,1,0,193846,33359,33280,33280,11,1,4,0
fixed,overflow-two-short,0,2,4,2,200000,1000,3,0,33585449,33411184,40243461,33649703,22,1,2,0,1,2,0
phased_sum,overflow-many-loops,2,8,2,8,100000,1000,1,0,5476499,5146790,25888216,3268545,0,1,8,0,1,8,0,1,8,0,1,8,0,1,8,0,1,8,0,1,8,0,1,8,0
fixed,overflow-one-short,0,4,6,1,200000,1000,1,0,6714888,6583641,6603001,6603001,11,1,4,0
phased_sum,overflow-two-ordinary-first,0,8,10,2,200000,1000,3,1,13257907,12592783,11973022,11973022,0,2,2,6,4,2,6
new,fits-mixed,2,8,1,1,200000,1000,1,0,1868138,1748438,1239533,1239533,11,6,2,6
phased_sum,overflow-two-short,0,2,4,2,200000,1000,3,0,34049289,33712453,40013879,33349463,0,1,2,0,1,2,0
fixed,overflow-two-ordinary-first,1,8,10,2,200000,1000,3,1,33771719,33470682,39673001,33129963,22,1,8,0,1,8,0
phased_sum,overflow-two-ordinary-first,1,4,6,2,200000,1000,3,1,17459678,17074011,23273333,16786728,0,1,2,2,2,2,2
phased_sum,fits-mixed,1,8,1,1,200000,1000,1,0,1835377,1725853,1226292,1226292,11,6,2,6
phased_sum,overflow-one-short,2,2,4,1,200000,1000,1,0,6756774,6521523,6667473,6667473,0,1,1,1
new,tiny-overflow,2,8,10,1,1025,16,1,0,431500,33270,33447,33447,0,1,1,7
old,overflow-one-short,2,2,4,1,200000,1000,1,0,6634743,6489144,6736370,6736370,11,1,1,0
fixed,overflow-two-ordinary-first,0,8,10,2,200000,1000,3,1,34025761,33698393,40049205,33459241,22,1,8,0,1,8,0
new,tiny-overflow,2,4,6,1,1025,16,1,0,227254,33466,41533,41533,0,1,1,3
old,tiny-overflow,0,8,10,1,1025,16,1,0,338738,33789,186202,186202,11,2,6,2
phased_sum,overflow-one-long,2,8,10,1,200000,300000,1,0,24206111,1537565,1085751,1085751,0,7,1,7
old,overflow-two-ordinary-first,0,8,10,2,200000,1000,3,1,11446189,10881413,10268973,10268973,0,2,1,7,5,1,7
phased_sum,fits-mixed,1,2,1,1,200000,1000,1,0,6709864,6579191,6583102,6583102,11,1,2,0
fixed,overflow-two-ordinary-first,1,4,6,2,200000,1000,3,1,33482160,33271699,40288761,33752711,22,1,4,0,1,4,0
old,fits-loops,2,4,0,2,200000,1000,3,0,14056760,13997071,13402316,13402316,0,3,1,3,3,1,3
old,overflow-one-short,1,2,4,1,200000,1000,1,0,6596022,6461806,6469265,6469265,11,1,1,0
old,overflow-one-long,1,4,6,1,200000,300000,1,0,20757601,6712928,6539343,6539343,11,1,4,0
phased_sum,overflow-two-short,1,4,6,2,200000,1000,3,0,17588602,17163963,23540652,16950149,0,1,2,2,2,2,2
fixed,overflow-one-short,1,2,4,1,200000,1000,1,0,6695448,6579269,6827333,6827333,11,1,2,0
fixed,overflow-one-short,1,8,10,1,200000,1000,1,0,7556421,7308445,7102042,7102042,11,1,8,0
phased_sum,fits-loops,2,8,0,2,200000,1000,3,0,13002589,12856115,11971034,11971034,0,2,2,6,4,2,6
fixed,tiny-overflow,0,8,10,1,1025,16,1,0,531094,33848,41720,41720,11,1,8,0
fixed,fits-loops,2,4,0,2,200000,1000,3,0,17472240,17312716,23716042,16975735,0,1,2,2,2,2,2
old,overflow-one-long,1,8,10,1,200000,300000,1,0,40737650,2168489,1468047,1468047,11,5,3,5
old,overflow-many-loops,1,8,2,8,100000,1000,1,0,13405407,10149498,8473731,8473731,88,2,1,6,7,1,6,2,1,6,7,1,6,7,1,6,7,1,6,2,1,6,7,1,6
new,overflow-two-ordinary-first,0,8,10,2,200000,1000,3,1,9869322,9182385,12529322,6757550,0,1,2,6,6,2,6
old,overflow-two-short,1,2,4,2,200000,1000,3,0,34781614,34562897,40563127,33885371,22,1,2,0,1,2,0
new,overflow-one-long,0,8,10,1,200000,300000,1,0,26094683,1573441,1098680,1098680,0,7,1,7
old,overflow-one-short,0,8,10,1,200000,1000,1,0,2042724,1594540,1121113,1121113,11,7,1,7
fixed,tiny-overflow,0,2,4,1,1025,16,1,0,131575,34294,41988,41988,11,1,2,0
phased_sum,fits-loops,1,4,0,2,200000,1000,3,0,17861589,17673773,24186822,17471606,0,1,2,2,2,2,2
fixed,overflow-one-short,1,4,6,1,200000,1000,1,0,6832383,6669291,6823838,6823838,11,1,4,0
phased_sum,fits-mixed,2,8,1,1,200000,1000,1,0,1937410,1823115,1293522,1293522,11,6,2,6
new,overflow-two-ordinary-first,1,8,10,2,200000,1000,3,1,9981143,9199243,12702890,6766020,0,1,2,6,6,2,6
phased_sum,overflow-many-loops,0,8,2,8,100000,1000,1,0,5668156,5367164,27286487,3937353,0,1,8,0,1,8,0,1,8,0,1,8,0,1,8,0,1,8,0,1,8,0,1,8,0
fixed,fits-loops,1,4,0,2,200000,1000,3,0,16284615,16123701,22316179,15893121,0,1,2,2,2,2,2
old,tiny-overflow,2,4,6,1,1025,16,1,0,215663,31371,30794,30794,11,1,4,0
phased_sum,fits-mixed,2,4,1,1,200000,1000,1,0,3404166,3275557,3227711,3227711,11,2,2,2
phased_sum,overflow-one-long,0,4,6,1,200000,300000,1,0,21987257,2307187,2375272,2375272,0,3,1,3
new,overflow-many-loops,1,8,2,8,100000,1000,1,0,5152687,4856058,24628218,3137194,0,1,8,0,1,8,0,1,8,0,1,8,0,1,8,0,1,8,0,1,8,0,1,8,0
new,fits-mixed,1,8,1,1,200000,1000,1,0,1754560,1636429,1171552,1171552,11,6,2,6
old,overflow-two-ordinary-first,1,2,4,2,200000,1000,3,1,31738657,31462153,37690991,31453925,11,1,2,0,1,2,0
phased_sum,fits-loops,2,2,0,2,200000,1000,3,0,31960042,31793680,37671603,31497676,0,1,2,0,1,2,0
fixed,overflow-many-loops,2,2,2,2,100000,1000,1,0,3437430,3325126,6403558,3268118,22,1,2,0,1,2,0
fixed,fits-mixed,2,2,1,1,200000,1000,1,0,6224098,6109145,6319308,6319308,11,1,2,0
new,fits-loops,2,8,0,2,200000,1000,3,0,8759370,8611814,11533143,6138531,0,1,2,6,6,2,6
new,overflow-two-ordinary-first,2,2,4,2,200000,1000,3,1,31899927,31500978,38445383,31376837,0,1,2,0,1,2,0
phased_sum,overflow-two-ordinary-first,1,2,4,2,200000,1000,3,1,31998170,31680160,37470331,31308297,0,1,2,0,1,2,0
fixed,fits-mixed,2,8,1,1,200000,1000,1,0,1822825,1678775,1161733,1161733,11,6,2,6
new,overflow-one-short,1,4,6,1,200000,1000,1,0,2641775,2383647,2160195,2160195,0,3,1,3
fixed,overflow-one-long,2,2,4,1,200000,300000,1,0,25088360,6181879,6349052,6349052,11,1,2,0
old,overflow-one-long,2,8,10,1,200000,300000,1,0,31856547,2488976,1679162,1679162,11,4,4,4
phased_sum,fits-mixed,0,2,1,1,200000,1000,1,0,6515985,6346636,6199182,6199182,11,1,2,0
old,overflow-two-ordinary-first,1,4,6,2,200000,1000,3,1,31802404,31465451,37339601,31228096,22,1,4,0,1,4,0
phased_sum,overflow-many-loops,2,2,2,2,100000,1000,1,0,3387237,3156360,6069673,3035750,0,1,2,0,1,2,0
old,fits-loops,1,8,0,2,200000,1000,3,0,10620088,10536416,9646636,9646636,0,2,1,7,5,1,7
phased_sum,tiny-overflow,1,8,10,1,1025,16,1,0,414757,31344,30986,30986,0,1,1,7
new,overflow-one-short,1,8,10,1,200000,1000,1,0,1895810,1406270,1104421,1104421,0,7,1,7
fixed,overflow-many-loops,1,8,2,8,100000,1000,1,0,5118386,4997521,24656318,3162450,88,1,8,0,1,8,0,1,8,0,1,8,0,1,8,0,1,8,0,1,8,0,1,8,0
old,overflow-one-long,2,2,4,1,200000,300000,1,0,27142640,6475595,6448115,6448115,11,1,2,0
phased_sum,overflow-one-long,0,2,4,1,200000,300000,1,0,26066152,6240978,6749465,6749465,0,1,1,1
old,fits-mixed,2,8,1,1,200000,1000,1,0,1532605,1443809,1062501,1062501,11,7,1,7
new,overflow-two-ordinary-first,1,4,6,2,200000,1000,3,1,17196081,16793672,22196504,15944654,0,1,2,2,2,2,2
phased_sum,overflow-many-loops,0,2,2,2,100000,1000,1,0,3709618,3415752,6994790,3656848,0,1,2,0,1,2,0
new,overflow-many-loops,1,2,2,2,100000,1000,1,0,3637931,3399676,6578482,3395102,0,1,2,0,1,2,0
new,tiny-overflow,0,2,4,1,1025,16,1,0,135543,31510,31317,31317,0,1,1,1
new,tiny-overflow,1,4,6,1,1025,16,1,0,235627,31758,31326,31326,0,1,1,3
old,overflow-one-long,0,2,4,1,200000,300000,1,0,24970212,6242437,6293620,6293620,11,1,2,0
phased_sum,tiny-overflow,1,4,6,1,1025,16,1,0,213925,31354,31179,31179,0,1,1,3
old,tiny-overflow,2,8,10,1,1025,16,1,0,474047,31684,147507,147507,11,2,6,2
old,fits-mixed,0,2,1,1,200000,1000,1,0,6344267,6308809,7034188,7034188,11,1,1,1
fixed,overflow-one-short,2,8,10,1,200000,1000,1,0,6373519,6178593,6136863,6136863,11,1,8,0
phased_sum,tiny-overflow,2,2,4,1,1025,16,1,0,125295,31289,31170,31170,0,1,1,1
fixed,overflow-one-short,0,8,10,1,200000,1000,1,0,6511704,6346509,6227229,6227229,11,1,8,0
fixed,fits-mixed,1,4,1,1,200000,1000,1,0,4200292,4009284,3797488,3797488,11,2,2,2
new,fits-mixed,0,2,1,1,200000,1000,1,0,7402018,7180992,7233623,7233623,11,1,2,0
phased_sum,overflow-one-short,2,8,10,1,200000,1000,1,0,2416239,1651702,1221575,1221575,0,7,1,7
fixed,overflow-two-ordinary-first,2,4,6,2,200000,1000,3,1,33339146,33081633,53205381,46683021,22,1,4,0,1,4,0
fixed,fits-mixed,2,4,1,1,200000,1000,1,0,3661606,3517981,3283110,3283110,11,2,2,2
new,overflow-two-short,0,2,4,2,200000,1000,3,0,33223808,32783358,39454091,32576356,0,1,2,0,1,2,0
phased_sum,fits-loops,0,2,0,2,200000,1000,3,0,33985521,33787786,43984756,36065187,0,1,2,0,1,2,0
old,overflow-many-loops,0,4,2,4,100000,1000,1,0,6839872,4888593,14533563,3923077,44,1,4,0,1,4,0,1,4,0,1,4,0
phased_sum,overflow-one-short,0,4,6,1,200000,1000,1,0,3108377,2718152,2447689,2447689,0,3,1,3
new,overflow-one-long,2,4,6,1,200000,300000,1,0,25630275,2714663,2402273,2402273,0,3,1,3
fixed,fits-loops,2,8,0,2,200000,1000,3,0,13337088,13102955,11569667,11569667,0,2,2,6,4,2,6
phased_sum,overflow-one-long,2,4,6,1,200000,300000,1,0,25281430,2742741,2284549,2284549,0,3,1,3
phased_sum,tiny-overflow,1,2,4,1,1025,16,1,0,147583,31693,31546,31546,0,1,1,1
phased_sum,overflow-many-loops,0,4,2,4,100000,1000,1,0,4315270,4063653,13129108,3454328,0,1,4,0,1,4,0,1,4,0,1,4,0
phased_sum,overflow-one-short,1,2,4,1,200000,1000,1,0,6569984,6367392,6451387,6451387,0,1,1,1
phased_sum,fits-loops,1,2,0,2,200000,1000,3,0,32563898,32387906,39236984,32420974,0,1,2,0,1,2,0
phased_sum,overflow-two-short,0,4,6,2,200000,1000,3,0,17228266,16778002,22714755,16322705,0,1,2,2,2,2,2
fixed,fits-mixed,0,2,1,1,200000,1000,1,0,6854775,6668501,6546087,6546087,11,1,2,0
old,overflow-many-loops,0,8,2,8,100000,1000,1,0,46953686,10474905,9026615,9026615,88,7,1,6,2,1,6,2,1,6,2,1,6,7,1,6,7,1,6,7,1,6,7,1,6
new,overflow-two-ordinary-first,0,2,4,2,200000,1000,3,1,33531292,33143333,39394184,33018517,0,1,2,0,1,2,0
fixed,overflow-one-long,0,2,4,1,200000,300000,1,0,26980748,6821685,6675737,6675737,11,1,2,0
new,overflow-two-ordinary-first,0,4,6,2,200000,1000,3,1,17342829,16919819,22912031,16017278,0,1,2,2,2,2,2
phased_sum,tiny-overflow,2,8,10,1,1025,16,1,0,526643,31629,31353,31353,0,1,1,7
fixed,overflow-many-loops,2,4,2,4,100000,1000,1,0,4884571,4757321,13479587,3662211,44,1,4,0,1,4,0,1,4,0,1,4,0
fixed,overflow-two-ordinary-first,0,2,4,2,200000,1000,3,1,33621019,33302841,39243507,32563958,11,1,2,0,1,2,0
new,overflow-one-short,2,2,4,1,200000,1000,1,0,6873647,6605978,6437216,6437216,0,1,1,1
phased_sum,overflow-two-ordinary-first,0,4,6,2,200000,1000,3,1,17653544,17061082,23613117,16611705,0,1,2,2,2,2,2
new,overflow-one-long,0,2,4,1,200000,300000,1,0,26853591,6534969,6537402,6537402,0,1,1,1
fixed,tiny-overflow,0,4,6,1,1025,16,1,0,162232,32189,31730,31730,11,1,4,0
fixed,overflow-two-ordinary-first,2,8,10,2,200000,1000,3,1,32669661,32297417,39007730,32586769,22,1,8,0,1,8,0
fixed,overflow-one-long,2,4,6,1,200000,300000,1,0,22666573,6932213,6523590,6523590,11,1,4,0
fixed,fits-mixed,1,8,1,1,200000,1000,1,0,1778033,1654795,1261008,1261008,11,6,2,6
phased_sum,overflow-one-short,1,4,6,1,200000,1000,1,0,2869386,2610661,2225603,2225603,0,3,1,3
new,fits-loops,0,4,0,2,200000,1000,3,0,16983334,16815363,22593453,16210018,0,1,2,2,2,2,2
phased_sum,overflow-many-loops,2,4,2,4,100000,1000,1,0,4311798,4063717,13621174,3930938,0,1,4,0,1,4,0,1,4,0,1,4,0
new,fits-mixed,0,4,1,1,200000,1000,1,0,3450057,3334879,3389479,3389479,11,2,2,2
new,fits-loops,1,2,0,2,200000,1000,3,0,33053352,32874921,39079751,32752794,0,1,2,0,1,2,0
fixed,overflow-one-short,2,2,4,1,200000,1000,1,0,6623315,6457995,6666196,6666196,11,1,2,0
new,fits-mixed,2,4,1,1,200000,1000,1,0,3464301,3341928,3275821,3275821,11,2,2,2
