case,budget,before_native_ms,before_fixed_winner_ms,before_cold_native_ns,before_total_learning_ns,before_steady_learning_ns,before_searches,before_evaluations,before_allocations,after_native_ms,after_fixed_winner_ms,after_cold_native_ns,after_total_learning_ns,after_steady_learning_ns,after_searches,after_evaluations,after_allocations,after_over_before,after_over_fixed_winner
tiny,2,0.002604,0.001733,1270977,863789,2073,1,16,"1,1",0.002595,0.001724,1310887,877530,1894,1,16,"1,1",0.9965437788018433,1.5052204176334107
tiny,4,0.002595,0.001743,2477875,2074825,1853,1,16,"1,1",0.002625,0.001733,3167318,2797208,1974,1,16,"1,1",1.0115606936416186,1.5147143681477209
tiny,6,0.002585,0.001753,4124371,3753810,1763,1,16,"1,1",0.002615,0.001723,4865431,4463272,2094,1,16,"1,1",1.011605415860735,1.5177016831108534
tiny,8,0.002565,0.001724,6432279,6035239,1192,1,16,"1,1",0.002624,0.001723,7312372,6947332,2023,1,16,"1,1",1.0230019493177387,1.522925130586187
chunk_edge,2,0.013074,0.012203,1301504,912800,1753,1,16,"1,1",0.013075,0.012222,1281752,901413,1954,1,16,"1,1",1.0000764876854826,1.0697921780396007
chunk_edge,4,0.013094,0.012233,2651629,2260099,2104,1,16,"1,1",0.013104,0.012222,3038869,2664443,2024,1,16,"1,1",1.0007637085688101,1.0721649484536082
chunk_edge,6,0.013104,0.012233,4087633,3677609,1863,1,16,"1,1",0.013095,0.012232,4799336,4400193,1823,1,16,"1,1",0.9993131868131869,1.070552648790059
chunk_edge,8,0.013185,0.012363,6747269,6307968,2194,1,16,"1,1",0.013185,0.012353,7610844,7188222,2876,1,16,"1,1",1.0,1.0673520602282847
short,2,0.043151,0.042269,1350820,914438,2314,1,16,"1,1",0.045615,0.044222,1311142,860243,1884,1,16,"1,1",1.0571018052884058,1.031500158292253
short,4,0.04317,0.044112,2576543,2133658,2144,1,16,"1,1",0.045205,0.042298,3083247,2638443,2294,1,16,"1,1",1.0471392170488767,1.0687266537424938
short,6,0.043371,0.044123,4205352,3797261,2164,1,16,"1,1",0.045595,0.042539,4781835,4333260,2204,1,16,"1,1",1.0512785040695394,1.0718399586262017
short,8,0.04318,0.042148,6385602,5922429,1864,1,16,"1,1",0.045104,0.043751,7329490,6921620,2043,1,16,"1,1",1.0445576655859192,1.0309250074284015
balanced_compute,2,2.718692,2.628976,3873337,988856,0,1,16,"1,1",2.753909,2.609249,3829783,925613,0,1,16,"1,1",1.012953655654999,1.0554412399889777
balanced_compute,4,2.672197,1.970781,5454789,2592419,3898,1,16,"2,1",1.989475,1.950498,5723132,2919817,3496,1,16,"3,3",0.7445091061774263,1.0199831017514502
balanced_compute,6,2.675272,1.220031,7078801,4128880,5831,1,16,"2,1",1.248465,1.24079,8237140,5159192,3296,1,16,"5,5",0.46666843595716617,1.00618557531895
balanced_compute,8,2.146637,1.215865,8946772,6368248,3627,1,16,"3,3",1.402512,1.209713,9924191,7067782,3276,1,16,"7,7",0.6533531286379578,1.1593758188925802
trip_skew,2,4.364878,4.326788,5559171,1025389,3436,1,16,"1,1",4.358597,4.344616,5670840,1122246,0,1,16,"1,1",0.9985610136182499,1.0032180059181293
trip_skew,4,2.740664,1.891333,5555484,2519048,3506,1,16,"2,1",1.81508,1.906892,5847299,3008892,3587,1,16,"3,3",0.6622774626878741,0.9518525433008267
trip_skew,6,1.6,1.177343,6118703,4270693,3056,1,16,"4,1",1.184727,1.187661,6809912,4907799,2795,1,16,"5,5",0.740454375,0.997529598092385
trip_skew,8,1.807826,1.070774,9398892,6965479,3356,1,16,"6,1",1.681422,1.590842,9655421,7531817,3918,1,16,"7,7",0.9300795541163807,1.056938401173718
work_skew,2,6.289342,6.281919,7420782,1017555,2956,1,16,"1,1",6.293371,6.294472,7481143,1013109,0,1,16,"1,1",1.0006406075548124,0.9998250846139278
work_skew,4,3.477015,2.457506,6149653,2641400,4108,1,16,"2,1",2.413079,2.405961,6591948,3005743,3637,1,16,"3,3",0.6940087977762535,1.0029584851957285
work_skew,6,2.151741,1.613776,8956111,5477861,3647,1,16,"4,1",1.82112,1.701133,7502936,5136336,3947,1,16,"5,5",0.8463472137213541,1.0705335796789552
work_skew,8,1.568366,1.47657,8950679,7208765,3437,1,16,"6,1",1.543935,1.683506,11919675,8597250,4068,1,16,"7,7",0.9844226411437127,0.9170950385683212
work_skew_reversed,2,6.228598,6.181982,7417665,1070454,0,1,16,"1,1",6.204385,6.119316,7432412,1045918,3196,1,16,"1,1",0.9961126083269461,1.013901717120018
work_skew_reversed,4,3.532442,2.394179,6001076,2428573,3797,1,16,"1,2",2.423573,2.498919,6455351,2795247,3427,1,16,"3,3",0.6860899626943627,0.9698485625184331
work_skew_reversed,6,2.002319,1.585548,6704591,4248022,3546,1,16,"1,4",1.584931,1.653651,9054212,5691811,3607,1,16,"5,5",0.7915477004413384,0.9584434684222971
work_skew_reversed,8,1.580585,1.511415,11418476,8121250,3066,1,16,"1,6",1.559004,1.519263,12101507,8850353,4358,1,16,"7,7",0.9863461946051622,1.0261580779628017
large_arrays,2,6.105857,5.973174,7280543,1089828,0,1,16,"1,1",6.122653,6.034849,7153648,1044276,0,1,16,"1,1",1.0027508014026532,1.0145494941132742
large_arrays,4,5.739925,5.335757,8295990,2585203,4017,1,16,"2,1",5.474804,5.33189,8811075,3143049,6001,1,16,"3,3",0.9538110689599602,1.0268036287320257
large_arrays,6,5.765137,5.402611,10242689,4510223,4338,1,16,"2,1",5.314958,5.626218,11860658,4976970,5230,1,16,"5,5",0.9219135642396702,0.9446768681910299
large_arrays,8,5.607534,5.484104,14286046,6498321,3948,1,16,"3,3",7.192715,5.544045,15227757,7887538,4390,1,16,"7,7",1.2826877197712934,1.29737673485695
uneven_chunks,2,0.069154,0.068033,1227328,824225,2461,1,16,"1,1",0.069264,0.068263,1228991,832711,1910,1,16,"1,1",1.0015906527460452,1.0146638735478957
uneven_chunks,4,0.069209,0.067895,2405211,1998683,2682,1,16,"1,1",0.069099,0.067868,2848179,2445105,1791,1,16,"1,1",0.9984106113366756,1.0181381505274945
uneven_chunks,6,0.069117,0.067933,4010483,3561866,1855,1,16,"1,1",0.069182,0.06797,4793807,4334840,2094,1,16,"1,1",1.000940434335981,1.0178313962042076
uneven_chunks,8,0.069577,0.068428,6146036,5713324,2103,1,16,"1,1",0.069934,0.069062,7254722,6796398,2186,1,16,"1,1",1.0051310059358696,1.012626335756277
mixed_one_ordinary,2,0.230035,0.224726,1417883,848259,3582,1,16,"1,1",0.224827,0.223937,1371110,879621,2057,1,16,"1,1",0.9773599669615494,1.0039743320666081
mixed_one_ordinary,4,0.225912,0.21794,1342676,852190,2664,1,16,"1,1",0.22346,0.217251,2446042,1972535,2259,1,16,"1,3;3,3",0.989146216225787,1.028579845432242
mixed_one_ordinary,6,0.224873,0.220823,3513128,2943030,3453,1,16,"1,1",0.227702,0.213293,4135911,3623718,2140,1,16,"1,1;5,1",1.0125804342895768,1.067554959609551
mixed_two_ordinary,2,0.229392,0.225819,1394794,890523,16622,1,16,"1,1",0.233415,0.232836,1521815,971365,17137,1,16,"1,1",1.0175376647834276,1.0024867288563626
mixed_two_ordinary,4,0.232891,0.273685,1482169,898449,3720,1,16,"1,1",0.241984,0.287068,3074218,2459098,3306,1,16,"1,1;3,3",1.0390440162994707,0.8429501024147589
mixed_two_ordinary,6,0.233846,0.249642,3117358,2475411,3168,1,16,"1,1",0.23099,0.254968,3804028,3255886,3270,1,16,"1,1",0.9877868340702856,0.9059568259546297
mixed_short_ordinary,2,0.224552,0.223267,1360429,877086,16568,1,16,"1,1",0.22436,0.22211,1340325,867618,17504,1,16,"1,1",0.9991449641953757,1.0101301157084328
mixed_short_ordinary,4,0.225618,0.221146,1441549,925868,4555,1,16,"1,1",0.22637,0.217316,2579207,2038978,3646,1,16,"1,1;3,1",1.0033330673971048,1.0416628320050065
mixed_short_ordinary,6,0.224461,0.221292,1475024,871940,1736,1,16,"1,1",0.252591,0.240551,2810426,2265122,3003,1,16,"1,1;5,5",1.125322439087414,1.050051756176445
mixed_medium_ordinary,4,0.270958,0.256044,1455242,909899,4518,1,16,"1,1",0.270535,0.251755,2745020,2134548,3683,1,16,"1,1;3,3",0.9984388724451762,1.0745963337371651
mixed_medium_ordinary,6,0.275237,0.310935,1561011,913215,4573,1,16,"1,1",0.27915,0.32888,3420366,2726193,3774,1,16,"1,1;5,5",1.0142168385791155,0.8487898321576259
mixed_long_ordinary,4,0.631852,0.644288,1769562,951986,0,1,16,"1,1",0.632146,0.640789,2820583,2030934,0,1,16,"1,1",1.0004652988358034,0.9865119407480465
mixed_one_long_ordinary,4,0.414418,0.410206,1583762,889460,2269,1,16,"1,1",0.424541,0.412067,2605674,1956284,0,1,16,"1,1;3,3",1.024427027783542,1.0302717761917357
mixed_compute,4,1.419994,0.930563,2458844,919814,0,1,16,"1,1",0.939335,0.929921,3222408,1730042,2700,1,16,"3,3",0.6615063162238713,1.0101234405933408
mixed_compute,6,1.378493,0.672931,2486414,896980,0,1,16,"1,1",0.666466,0.680977,3645874,2107785,2314,1,16,"5,5",0.4834743448098757,0.9786909102656918
mixed_loop_skew,4,0.48662,0.266118,1748480,867333,3480,1,16,"1,1",0.26834,0.268772,2823999,2026031,2590,1,16,"3,1",0.5514364391105997,0.9983926897147025
mixed_loop_skew,6,0.486446,0.216003,1725823,868920,2461,1,16,"1,1",0.218822,0.214,3196007,2314346,2470,1,16,"5,1",0.4498382143136134,1.0225327102803738
