case,budget,repeat,left,right,order,parents,prediction_ns,measured_ns
balanced_compute,6,0,1,1,0,1,4950221,4882933
balanced_compute,6,0,1,1,0,2,2693345,2709446
balanced_compute,6,0,1,1,1,1,4950221,4832099
balanced_compute,6,0,1,1,1,2,2693345,2715668
balanced_compute,6,0,1,2,0,1,3823419,4121997
balanced_compute,6,0,1,2,0,2,2652563,2756844
balanced_compute,6,0,1,2,1,1,3823419,4164185
balanced_compute,6,0,1,2,1,2,2652563,2849571
balanced_compute,6,0,1,3,0,1,3409567,3741899
balanced_compute,6,0,1,3,0,2,2652563,2734582
balanced_compute,6,0,1,3,1,1,3409567,3671636
balanced_compute,6,0,1,3,1,2,2652563,2869905
balanced_compute,6,0,1,4,0,1,3193340,3515117
balanced_compute,6,0,1,4,0,2,2652563,3243751
balanced_compute,6,0,1,4,1,1,3193340,3414360
balanced_compute,6,0,1,4,1,2,2652563,2913827
balanced_compute,6,0,1,5,0,1,3082270,3335993
balanced_compute,6,0,1,5,1,1,3082270,3225191
balanced_compute,6,0,2,1,0,1,3842120,4017903
balanced_compute,6,0,2,1,0,2,2693345,2802464
balanced_compute,6,0,2,1,1,1,3842120,4059695
balanced_compute,6,0,2,1,1,2,2693345,2673048
balanced_compute,6,0,2,2,0,1,2715318,3061021
balanced_compute,6,0,2,2,0,2,2908117,3332059
balanced_compute,6,0,2,2,1,1,2715318,3112627
balanced_compute,6,0,2,2,1,2,2908117,3261063
balanced_compute,6,0,2,3,0,1,2301466,2584759
balanced_compute,6,0,2,3,1,1,2301466,2556240
balanced_compute,6,0,2,4,0,1,2085239,2279956
balanced_compute,6,0,2,4,1,1,2085239,2304441
balanced_compute,6,0,2,5,0,1,1974168,2308373
balanced_compute,6,0,2,5,1,1,1974168,2145270
balanced_compute,6,0,3,1,0,1,3434404,3584030
balanced_compute,6,0,3,1,0,2,2693345,2830731
balanced_compute,6,0,3,1,1,1,3434404,3595265
balanced_compute,6,0,3,1,1,2,2693345,2648143
balanced_compute,6,0,3,2,0,1,2307602,2524470
balanced_compute,6,0,3,2,1,1,2307602,2549725
balanced_compute,6,0,3,3,0,1,1893751,2097677
balanced_compute,6,0,3,3,1,1,1893751,1993623
balanced_compute,6,0,3,4,0,1,1677523,1835489
balanced_compute,6,0,3,4,1,1,1677523,1877062
balanced_compute,6,0,3,5,0,1,1566453,1658599
balanced_compute,6,0,3,5,1,1,1566453,1655473
balanced_compute,6,0,4,1,0,1,3221391,3307760
balanced_compute,6,0,4,1,0,2,2693345,2817637
balanced_compute,6,0,4,1,1,1,3221391,3272895
balanced_compute,6,0,4,1,1,2,2693345,2692084
balanced_compute,6,0,4,2,0,1,2094589,2288252
balanced_compute,6,0,4,2,1,1,2094589,2350207
balanced_compute,6,0,4,3,0,1,1680738,1779023
balanced_compute,6,0,4,3,1,1,1680738,1789652
balanced_compute,6,0,4,4,0,1,1464510,1499152
balanced_compute,6,0,4,4,1,1,1464510,1504773
balanced_compute,6,0,4,5,0,1,1353440,1360379
balanced_compute,6,0,4,5,1,1,1353440,1657527
balanced_compute,6,0,5,1,0,1,3112074,3176875
balanced_compute,6,0,5,1,1,1,3112074,3144324
balanced_compute,6,0,5,2,0,1,1985272,2168073
balanced_compute,6,0,5,2,1,1,1985272,2095312
balanced_compute,6,0,5,3,0,1,1571420,1728469
balanced_compute,6,0,5,3,1,1,1571420,1752940
balanced_compute,6,0,5,4,0,1,1355193,1362107
balanced_compute,6,0,5,4,1,1,1355193,1363049
balanced_compute,6,0,5,5,0,1,1244123,1266518
balanced_compute,6,0,5,5,1,1,1244123,1520376
balanced_compute,6,1,1,1,0,1,4927549,4894985
balanced_compute,6,1,1,1,0,2,2697909,2766421
balanced_compute,6,1,1,1,1,1,4927549,4835164
balanced_compute,6,1,1,1,1,2,2697909,2760630
balanced_compute,6,1,1,2,0,1,3840656,4080769
balanced_compute,6,1,1,2,0,2,2697909,2742286
balanced_compute,6,1,1,2,1,1,3840656,4129931
balanced_compute,6,1,1,2,1,2,2697909,2852521
balanced_compute,6,1,1,3,0,1,3435589,3654253
balanced_compute,6,1,1,3,0,2,2697909,2815272
balanced_compute,6,1,1,3,1,1,3435589,3628226
balanced_compute,6,1,1,3,1,2,2697909,2918844
balanced_compute,6,1,1,4,0,1,3217808,3477475
balanced_compute,6,1,1,4,0,2,2697909,2768395
balanced_compute,6,1,1,4,1,1,3217808,3352784
balanced_compute,6,1,1,4,1,2,2697909,2883610
balanced_compute,6,1,1,5,0,1,3116286,3278945
balanced_compute,6,1,1,5,1,1,3116286,3220745
balanced_compute,6,1,2,1,0,1,3802692,4003535
balanced_compute,6,1,2,1,0,2,2618845,2701030
balanced_compute,6,1,2,1,1,1,3802692,4032660
balanced_compute,6,1,2,1,1,2,2618845,2714544
balanced_compute,6,1,2,2,0,1,2715799,3056114
balanced_compute,6,1,2,2,0,2,2905749,3218774
balanced_compute,6,1,2,2,1,1,2715799,2985933
balanced_compute,6,1,2,2,1,2,2905749,3285418
balanced_compute,6,1,2,3,0,1,2310732,2597486
balanced_compute,6,1,2,3,1,1,2310732,2620864
balanced_compute,6,1,2,4,0,1,2092951,2285345
balanced_compute,6,1,2,4,1,1,2092951,2311815
balanced_compute,6,1,2,5,0,1,1991429,2155012
balanced_compute,6,1,2,5,1,1,1991429,2171484
balanced_compute,6,1,3,1,0,1,3385168,3660826
balanced_compute,6,1,3,1,0,2,2618845,2809812
balanced_compute,6,1,3,1,1,1,3385168,3634152
balanced_compute,6,1,3,1,1,2,2618845,3003202
balanced_compute,6,1,3,2,0,1,2298275,2517939
balanced_compute,6,1,3,2,1,1,2298275,2613767
balanced_compute,6,1,3,3,0,1,1893209,2066518
balanced_compute,6,1,3,3,1,1,1893209,2037775
balanced_compute,6,1,3,4,0,1,1675427,1833905
balanced_compute,6,1,3,4,1,1,1675427,1838473
balanced_compute,6,1,3,5,0,1,1573905,1677374
balanced_compute,6,1,3,5,1,1,1573905,1689005
balanced_compute,6,1,4,1,0,1,3160862,3326213
balanced_compute,6,1,4,1,0,2,2618845,2813052
balanced_compute,6,1,4,1,1,1,3160862,3322315
balanced_compute,6,1,4,1,1,2,2618845,2880544
balanced_compute,6,1,4,2,0,1,2073969,2270679
balanced_compute,6,1,4,2,1,1,2073969,2360065
balanced_compute,6,1,4,3,0,1,1668902,1755422
balanced_compute,6,1,4,3,1,1,1668902,1837081
balanced_compute,6,1,4,4,0,1,1451121,1515091
balanced_compute,6,1,4,4,1,1,1451121,1536722
balanced_compute,6,1,4,5,0,1,1349599,1361756
balanced_compute,6,1,4,5,1,1,1349599,1382043
balanced_compute,6,1,5,1,0,1,3055781,3267459
balanced_compute,6,1,5,1,1,1,3055781,3245633
balanced_compute,6,1,5,2,0,1,1968887,2179108
balanced_compute,6,1,5,2,1,1,1968887,2123084
balanced_compute,6,1,5,3,0,1,1563821,1693163
balanced_compute,6,1,5,3,1,1,1563821,1717268
balanced_compute,6,1,5,4,0,1,1346039,1655573
balanced_compute,6,1,5,4,1,1,1346039,1556840
balanced_compute,6,1,5,5,0,1,1244517,1519780
balanced_compute,6,1,5,5,1,1,1244517,1529898
balanced_compute,6,2,1,1,0,1,4938413,4839271
balanced_compute,6,2,1,1,0,2,2688042,2786349
balanced_compute,6,2,1,1,1,1,4938413,4833180
balanced_compute,6,2,1,1,1,2,2688042,2937790
balanced_compute,6,2,1,2,0,1,3849607,4123718
balanced_compute,6,2,1,2,0,2,2688042,2797218
balanced_compute,6,2,1,2,1,1,3849607,4125938
balanced_compute,6,2,1,2,1,2,2688042,2829254
balanced_compute,6,2,1,3,0,1,3427693,3667639
balanced_compute,6,2,1,3,0,2,2688042,2811946
balanced_compute,6,2,1,3,1,1,3427693,3952540
balanced_compute,6,2,1,3,1,2,2688042,2923964
balanced_compute,6,2,1,4,0,1,3214226,3603529
balanced_compute,6,2,1,4,0,2,2688042,3049728
balanced_compute,6,2,1,4,1,1,3214226,3418764
balanced_compute,6,2,1,4,1,2,2688042,2879362
balanced_compute,6,2,1,5,0,1,3114196,3292396
balanced_compute,6,2,1,5,1,1,3114196,3269808
balanced_compute,6,2,2,1,0,1,3831908,4174614
balanced_compute,6,2,2,1,0,2,2649385,2801586
balanced_compute,6,2,2,1,1,1,3831908,4075138
balanced_compute,6,2,2,1,1,2,2649385,2767365
balanced_compute,6,2,2,2,0,1,2743102,3034751
balanced_compute,6,2,2,2,0,2,2937287,3258348
balanced_compute,6,2,2,2,1,1,2743102,3022728
balanced_compute,6,2,2,2,1,2,2937287,3198746
balanced_compute,6,2,2,3,0,1,2321187,2515340
balanced_compute,6,2,2,3,1,1,2321187,2724693
balanced_compute,6,2,2,4,0,1,2107720,2430436
balanced_compute,6,2,2,4,1,1,2107720,2298515
balanced_compute,6,2,2,5,0,1,2007690,2334973
balanced_compute,6,2,2,5,1,1,2007690,2195488
balanced_compute,6,2,3,1,0,1,3404185,3734075
balanced_compute,6,2,3,1,0,2,2649385,3034099
balanced_compute,6,2,3,1,1,1,3404185,3714126
balanced_compute,6,2,3,1,1,2,2649385,2779100
balanced_compute,6,2,3,2,0,1,2315379,2554437
balanced_compute,6,2,3,2,1,1,2315379,2526935
balanced_compute,6,2,3,3,0,1,1893465,2109568
balanced_compute,6,2,3,3,1,1,1893465,2100677
balanced_compute,6,2,3,4,0,1,1679998,1824407
balanced_compute,6,2,3,4,1,1,1679998,1882325
balanced_compute,6,2,3,5,0,1,1579968,2167455
balanced_compute,6,2,3,5,1,1,1579968,1742886
balanced_compute,6,2,4,1,0,1,3187676,3327035
balanced_compute,6,2,4,1,0,2,2649385,3030464
balanced_compute,6,2,4,1,1,1,3187676,3313680
balanced_compute,6,2,4,1,1,2,2649385,2812757
balanced_compute,6,2,4,2,0,1,2098870,2397765
balanced_compute,6,2,4,2,1,1,2098870,2279304
balanced_compute,6,2,4,3,0,1,1676956,1889869
balanced_compute,6,2,4,3,1,1,1676956,1828003
balanced_compute,6,2,4,4,0,1,1463489,1561978
balanced_compute,6,2,4,4,1,1,1463489,1577168
balanced_compute,6,2,4,5,0,1,1363459,1468124
balanced_compute,6,2,4,5,1,1,1363459,1433389
balanced_compute,6,2,5,1,0,1,3085987,3305229
balanced_compute,6,2,5,1,1,1,3085987,3189254
balanced_compute,6,2,5,2,0,1,1997181,2339256
balanced_compute,6,2,5,2,1,1,1997181,2094820
balanced_compute,6,2,5,3,0,1,1575267,1637134
balanced_compute,6,2,5,3,1,1,1575267,1648450
balanced_compute,6,2,5,4,0,1,1361800,1367321
balanced_compute,6,2,5,4,1,1,1361800,1484634
balanced_compute,6,2,5,5,0,1,1261770,1572248
balanced_compute,6,2,5,5,1,1,1261770,1497008
balanced_compute,6,3,1,1,0,1,5038920,4944057
balanced_compute,6,3,1,1,0,2,2757854,2821023
balanced_compute,6,3,1,1,1,1,5038920,4983589
balanced_compute,6,3,1,1,1,2,2757854,2884846
balanced_compute,6,3,1,2,0,1,3919832,4126804
balanced_compute,6,3,1,2,0,2,2757854,2838415
balanced_compute,6,3,1,2,1,1,3919832,4549820
balanced_compute,6,3,1,2,1,2,2757854,3047325
balanced_compute,6,3,1,3,0,1,3511541,3744799
balanced_compute,6,3,1,3,0,2,2757854,3025523
balanced_compute,6,3,1,3,1,1,3511541,3698697
balanced_compute,6,3,1,3,1,2,2757854,2920539
balanced_compute,6,3,1,4,0,1,3289406,3511038
balanced_compute,6,3,1,4,0,2,2757854,2937208
balanced_compute,6,3,1,4,1,1,3289406,3435878
balanced_compute,6,3,1,4,1,2,2757854,2936518
balanced_compute,6,3,1,5,0,1,3185794,3452345
balanced_compute,6,3,1,5,1,1,3185794,3640509
balanced_compute,6,3,2,1,0,1,3885192,4464064
balanced_compute,6,3,2,1,0,2,2685519,3018401
balanced_compute,6,3,2,1,1,1,3885192,4125549
balanced_compute,6,3,2,1,1,2,2685519,2784178
balanced_compute,6,3,2,2,0,1,2766104,3192160
balanced_compute,6,3,2,2,0,2,2963354,3406032
balanced_compute,6,3,2,2,1,1,2766104,3052511
balanced_compute,6,3,2,2,1,2,2963354,3319878
balanced_compute,6,3,2,3,0,1,2357813,3142280
balanced_compute,6,3,2,3,1,1,2357813,2566671
balanced_compute,6,3,2,4,0,1,2135678,2588059
balanced_compute,6,3,2,4,1,1,2135678,2555044
balanced_compute,6,3,2,5,0,1,2032066,2269476
balanced_compute,6,3,2,5,1,1,2032066,2293653
balanced_compute,6,3,3,1,0,1,3465534,3712982
balanced_compute,6,3,3,1,0,2,2685519,3166614
balanced_compute,6,3,3,1,1,1,3465534,3743994
balanced_compute,6,3,3,1,1,2,2685519,2908435
balanced_compute,6,3,3,2,0,1,2346446,2919815
balanced_compute,6,3,3,2,1,1,2346446,2575326
balanced_compute,6,3,3,3,0,1,1938155,2091838
balanced_compute,6,3,3,3,1,1,1938155,2041169
balanced_compute,6,3,3,4,0,1,1716020,2215766
balanced_compute,6,3,3,4,1,1,1716020,2204605
balanced_compute,6,3,3,5,0,1,1612408,1933871
balanced_compute,6,3,3,5,1,1,1612408,1864962
balanced_compute,6,3,4,1,0,1,3237445,3597217
balanced_compute,6,3,4,1,0,2,2685519,2970211
balanced_compute,6,3,4,1,1,1,3237445,3541425
balanced_compute,6,3,4,1,1,2,2685519,2911942
balanced_compute,6,3,4,2,0,1,2118358,2401451
balanced_compute,6,3,4,2,1,1,2118358,2323251
balanced_compute,6,3,4,3,0,1,1710066,2305918
balanced_compute,6,3,4,3,1,1,1710066,1927040
balanced_compute,6,3,4,4,0,1,1487932,1676041
balanced_compute,6,3,4,4,1,1,1487932,1984486
balanced_compute,6,3,4,5,0,1,1384320,1518949
balanced_compute,6,3,4,5,1,1,1384320,1563195
balanced_compute,6,3,5,1,0,1,3130586,3321374
balanced_compute,6,3,5,1,1,1,3130586,3596689
balanced_compute,6,3,5,2,0,1,2011498,2302860
balanced_compute,6,3,5,2,1,1,2011498,2776706
balanced_compute,6,3,5,3,0,1,1603207,1892484
balanced_compute,6,3,5,3,1,1,1603207,1748886
balanced_compute,6,3,5,4,0,1,1381072,2014193
balanced_compute,6,3,5,4,1,1,1381072,2003892
balanced_compute,6,3,5,5,0,1,1277460,1790704
balanced_compute,6,3,5,5,1,1,1277460,1512285
balanced_compute,6,4,1,1,0,1,4886821,5059481
balanced_compute,6,4,1,1,0,2,2689710,3104050
balanced_compute,6,4,1,1,1,1,4886821,5015970
balanced_compute,6,4,1,1,1,2,2689710,2826339
balanced_compute,6,4,1,2,0,1,3806568,4295157
balanced_compute,6,4,1,2,0,2,2689710,2864874
balanced_compute,6,4,1,2,1,1,3806568,4205184
balanced_compute,6,4,1,2,1,2,2689710,3092187
balanced_compute,6,4,1,3,0,1,3409930,3685776
balanced_compute,6,4,1,3,0,2,2689710,2861147
balanced_compute,6,4,1,3,1,1,3409930,3869655
balanced_compute,6,4,1,3,1,2,2689710,2988935
balanced_compute,6,4,1,4,0,1,3202647,3591397
balanced_compute,6,4,1,4,0,2,2689710,2899589
balanced_compute,6,4,1,4,1,1,3202647,3541208
balanced_compute,6,4,1,4,1,2,2689710,3046022
balanced_compute,6,4,1,5,0,1,3098930,3306126
balanced_compute,6,4,1,5,1,1,3098930,3254047
balanced_compute,6,4,2,1,0,1,3762856,4246056
balanced_compute,6,4,2,1,0,2,2599100,2764509
balanced_compute,6,4,2,1,1,1,3762856,4022860
balanced_compute,6,4,2,1,1,2,2599100,2814771
balanced_compute,6,4,2,2,0,1,2682604,3028933
balanced_compute,6,4,2,2,0,2,2878448,3472075
balanced_compute,6,4,2,2,1,1,2682604,3135268
balanced_compute,6,4,2,2,1,2,2878448,3251289
balanced_compute,6,4,2,3,0,1,2285966,2643473
balanced_compute,6,4,2,3,1,1,2285966,2628965
balanced_compute,6,4,2,4,0,1,2078683,2524821
balanced_compute,6,4,2,4,1,1,2078683,2504280
balanced_compute,6,4,2,5,0,1,1974965,2476952
balanced_compute,6,4,2,5,1,1,1974965,2240592
balanced_compute,6,4,3,1,0,1,3351875,3705961
balanced_compute,6,4,3,1,0,2,2599100,2956214
balanced_compute,6,4,3,1,1,1,3351875,3666807
balanced_compute,6,4,3,1,1,2,2599100,2841851
balanced_compute,6,4,3,2,0,1,2271623,2747356
balanced_compute,6,4,3,2,1,1,2271623,2644165
balanced_compute,6,4,3,3,0,1,1874985,2056750
balanced_compute,6,4,3,3,1,1,1874985,2309873
balanced_compute,6,4,3,4,0,1,1667701,2082087
balanced_compute,6,4,3,4,1,1,1667701,1822784
balanced_compute,6,4,3,5,0,1,1563984,1868931
balanced_compute,6,4,3,5,1,1,1563984,1862549
balanced_compute,6,4,4,1,0,1,3137079,3547976
balanced_compute,6,4,4,1,0,2,2599100,2859248
balanced_compute,6,4,4,1,1,1,3137079,3801829
balanced_compute,6,4,4,1,1,2,2599100,2791537
balanced_compute,6,4,4,2,0,1,2056827,2408204
balanced_compute,6,4,4,2,1,1,2056827,2375914
balanced_compute,6,4,4,3,0,1,1660188,1919835
balanced_compute,6,4,4,3,1,1,1660188,1898565
balanced_compute,6,4,4,4,0,1,1452905,2065370
balanced_compute,6,4,4,4,1,1,1452905,1792948
balanced_compute,6,4,4,5,0,1,1349188,1647436
balanced_compute,6,4,4,5,1,1,1349188,1662686
balanced_compute,6,4,5,1,0,1,3029264,3483929
balanced_compute,6,4,5,1,1,1,3029264,3388209
balanced_compute,6,4,5,2,0,1,1949011,2250349
balanced_compute,6,4,5,2,1,1,1949011,2192913
balanced_compute,6,4,5,3,0,1,1552373,1944080
balanced_compute,6,4,5,3,1,1,1552373,1898124
balanced_compute,6,4,5,4,0,1,1345090,1672345
balanced_compute,6,4,5,4,1,1,1345090,1654530
balanced_compute,6,4,5,5,0,1,1241372,1707700
balanced_compute,6,4,5,5,1,1,1241372,1511234
tiny,6,0,1,1,0,1,2112,1763
tiny,6,0,1,1,0,2,199045,192728
tiny,6,0,1,1,1,1,2112,1783
tiny,6,0,1,1,1,2,199045,196811
tiny,6,0,1,2,0,1,124490,109103
tiny,6,0,1,2,0,2,321331,328713
tiny,6,0,1,2,1,1,124490,106278
tiny,6,0,1,2,1,2,321331,319005
tiny,6,0,1,3,0,1,119538,111227
tiny,6,0,1,3,0,2,316379,324134
tiny,6,0,1,3,1,1,119538,108862
tiny,6,0,1,3,1,2,316379,314125
tiny,6,0,1,4,0,1,109186,104800
tiny,6,0,1,4,0,2,306027,313814
tiny,6,0,1,4,1,1,109186,107219
tiny,6,0,1,4,1,2,306027,348088
tiny,6,0,1,5,0,1,113764,112389
tiny,6,0,1,5,1,1,113764,117253
tiny,6,0,2,1,0,1,124474,115585
tiny,6,0,2,1,0,2,321408,320857
tiny,6,0,2,1,1,1,124474,135427
tiny,6,0,2,1,1,2,321408,322841
tiny,6,0,2,2,0,1,246852,228396
tiny,6,0,2,2,0,2,444085,439819
tiny,6,0,2,2,1,1,246852,216764
tiny,6,0,2,2,1,2,444085,446401
tiny,6,0,2,3,0,1,241900,216884
tiny,6,0,2,3,1,1,241900,233775
tiny,6,0,2,4,0,1,231548,228973
tiny,6,0,2,4,1,1,231548,208148
tiny,6,0,2,5,0,1,236126,236100
tiny,6,0,2,5,1,1,236126,222885
tiny,6,0,3,1,0,1,119517,105551
tiny,6,0,3,1,0,2,316451,317241
tiny,6,0,3,1,1,1,119517,111417
tiny,6,0,3,1,1,2,316451,328983
tiny,6,0,3,2,0,1,241895,231511
tiny,6,0,3,2,1,1,241895,206735
tiny,6,0,3,3,0,1,236943,230299
tiny,6,0,3,3,1,1,236943,221242
tiny,6,0,3,4,0,1,226591,222430
tiny,6,0,3,4,1,1,226591,239360
tiny,6,0,3,5,0,1,231169,214600
tiny,6,0,3,5,1,1,231169,226913
tiny,6,0,4,1,0,1,109163,110386
tiny,6,0,4,1,0,2,306096,320737
tiny,6,0,4,1,1,1,109163,108552
tiny,6,0,4,1,1,2,306096,313985
tiny,6,0,4,2,0,1,231540,214961
tiny,6,0,4,2,1,1,231540,223156
tiny,6,0,4,3,0,1,226588,208238
tiny,6,0,4,3,1,1,226588,213056
tiny,6,0,4,4,0,1,216236,220641
tiny,6,0,4,4,1,1,216236,228987
tiny,6,0,4,5,0,1,220815,211193
tiny,6,0,4,5,1,1,220815,217495
tiny,6,0,5,1,0,1,113739,111382
tiny,6,0,5,1,1,1,113739,107810
tiny,6,0,5,2,0,1,236117,214139
tiny,6,0,5,2,1,1,236117,225790
tiny,6,0,5,3,0,1,231165,230950
tiny,6,0,5,3,1,1,231165,229197
tiny,6,0,5,4,0,1,220813,233340
tiny,6,0,5,4,1,1,220813,232954
tiny,6,0,5,5,0,1,225391,219700
tiny,6,0,5,5,1,1,225391,228957
tiny,6,1,1,1,0,1,2201,1763
tiny,6,1,1,1,0,2,198939,221733
tiny,6,1,1,1,1,1,2201,1783
tiny,6,1,1,1,1,2,198939,229427
tiny,6,1,1,2,0,1,130078,104094
tiny,6,1,1,2,0,2,326726,327470
tiny,6,1,1,2,1,1,130078,105176
tiny,6,1,1,2,1,2,326726,339673
tiny,6,1,1,3,0,1,119809,103843
tiny,6,1,1,3,0,2,316457,332465
tiny,6,1,1,3,1,1,119809,109373
tiny,6,1,1,3,1,2,316457,318694
tiny,6,1,1,4,0,1,140612,107020
tiny,6,1,1,4,0,2,337260,329584
tiny,6,1,1,4,1,1,140612,105917
tiny,6,1,1,4,1,2,337260,334243
tiny,6,1,1,5,0,1,111753,105467
tiny,6,1,1,5,1,1,111753,109213
tiny,6,1,2,1,0,1,130066,105687
tiny,6,1,2,1,0,2,326804,343159
tiny,6,1,2,1,1,1,130066,105036
tiny,6,1,2,1,1,2,326804,335375
tiny,6,1,2,2,0,1,257943,207997
tiny,6,1,2,2,0,2,454975,444949
tiny,6,1,2,2,1,1,257943,234823
tiny,6,1,2,2,1,2,454975,436022
tiny,6,1,2,3,0,1,247675,215882
tiny,6,1,2,3,1,1,247675,220021
tiny,6,1,2,4,0,1,268478,236340
tiny,6,1,2,4,1,1,268478,220095
tiny,6,1,2,5,0,1,239619,223556
tiny,6,1,2,5,1,1,239619,231380
tiny,6,1,3,1,0,1,119794,109637
tiny,6,1,3,1,0,2,316532,340835
tiny,6,1,3,1,1,1,119794,109444
tiny,6,1,3,1,1,2,316532,345313
tiny,6,1,3,2,0,1,247671,226001
tiny,6,1,3,2,1,1,247671,215942
tiny,6,1,3,3,0,1,237403,209691
tiny,6,1,3,3,1,1,237403,215461
tiny,6,1,3,4,0,1,258206,226943
tiny,6,1,3,4,1,1,258206,224598
tiny,6,1,3,5,0,1,229347,216778
tiny,6,1,3,5,1,1,229347,216905
tiny,6,1,4,1,0,1,140595,119553
tiny,6,1,4,1,0,2,337333,324654
tiny,6,1,4,1,1,1,140595,108141
tiny,6,1,4,1,1,2,337333,318433
tiny,6,1,4,2,0,1,268472,214118
tiny,6,1,4,2,1,1,268472,204180
tiny,6,1,4,3,0,1,258203,237347
tiny,6,1,4,3,1,1,258203,220651
tiny,6,1,4,4,0,1,279006,212035
tiny,6,1,4,4,1,1,279006,220271
tiny,6,1,4,5,0,1,250147,219659
tiny,6,1,4,5,1,1,250147,211584
tiny,6,1,5,1,0,1,111735,115655
tiny,6,1,5,1,1,1,111735,110481
tiny,6,1,5,2,0,1,239612,222985
tiny,6,1,5,2,1,1,239612,226211
tiny,6,1,5,3,0,1,229343,229969
tiny,6,1,5,3,1,1,229343,227768
tiny,6,1,5,4,0,1,250146,232163
tiny,6,1,5,4,1,1,250146,214639
tiny,6,1,5,5,0,1,221287,232904
tiny,6,1,5,5,1,1,221287,217415
tiny,6,2,1,1,0,1,2534,1753
tiny,6,2,1,1,0,2,270602,200343
tiny,6,2,1,1,1,1,2534,1754
tiny,6,2,1,1,1,2,270602,246880
tiny,6,2,1,2,0,1,143772,129962
tiny,6,2,1,2,0,2,411657,322561
tiny,6,2,1,2,1,1,143772,109393
tiny,6,2,1,2,1,2,411657,315988
tiny,6,2,1,3,0,1,133418,126185
tiny,6,2,1,3,0,2,401303,328582
tiny,6,2,1,3,1,1,133418,104986
tiny,6,2,1,3,1,2,401303,341393
tiny,6,2,1,4,0,1,140969,117589
tiny,6,2,1,4,0,2,408853,328973
tiny,6,2,1,4,1,1,140969,109594
tiny,6,2,1,4,1,2,408853,330806
tiny,6,2,1,5,0,1,116932,101980
tiny,6,2,1,5,1,1,116932,103703
tiny,6,2,2,1,0,1,143756,111888
tiny,6,2,2,1,0,2,411825,327860
tiny,6,2,2,1,1,1,143756,112523
tiny,6,2,2,1,1,2,411825,325636
tiny,6,2,2,2,0,1,284995,221002
tiny,6,2,2,2,0,2,553357,458320
tiny,6,2,2,2,1,1,284995,204812
tiny,6,2,2,2,1,2,553357,446773
tiny,6,2,2,3,0,1,274641,224538
tiny,6,2,2,3,1,1,274641,232874
tiny,6,2,2,4,0,1,282191,218186
tiny,6,2,2,4,1,1,282191,219388
tiny,6,2,2,5,0,1,258154,227314
tiny,6,2,2,5,1,1,258154,219649
tiny,6,2,3,1,0,1,133397,118234
tiny,6,2,3,1,0,2,401466,328713
tiny,6,2,3,1,1,1,133397,105927
tiny,6,2,3,1,1,2,401466,328172
tiny,6,2,3,2,0,1,274636,224177
tiny,6,2,3,2,1,1,274636,216022
tiny,6,2,3,3,0,1,264282,224017
tiny,6,2,3,3,1,1,264282,231301
tiny,6,2,3,4,0,1,271832,224779
tiny,6,2,3,4,1,1,271832,258505
tiny,6,2,3,5,0,1,247795,217986
tiny,6,2,3,5,1,1,247795,229838
tiny,6,2,4,1,0,1,140945,113201
tiny,6,2,4,1,0,2,409014,355484
tiny,6,2,4,1,1,1,140945,102912
tiny,6,2,4,1,1,2,409014,327680
tiny,6,2,4,2,0,1,282183,231057
tiny,6,2,4,2,1,1,282183,223035
tiny,6,2,4,3,0,1,271829,236571
tiny,6,2,4,3,1,1,271829,207487
tiny,6,2,4,4,0,1,279380,227112
tiny,6,2,4,4,1,1,279380,215381
tiny,6,2,4,5,0,1,255343,210402
tiny,6,2,4,5,1,1,255343,233996
tiny,6,2,5,1,0,1,116907,118392
tiny,6,2,5,1,1,1,116907,113442
tiny,6,2,5,2,0,1,258145,215231
tiny,6,2,5,2,1,1,258145,215441
tiny,6,2,5,3,0,1,247791,236521
tiny,6,2,5,3,1,1,247791,216944
tiny,6,2,5,4,0,1,255341,277477
tiny,6,2,5,4,1,1,255341,221379
tiny,6,2,5,5,0,1,231304,227304
tiny,6,2,5,5,1,1,231304,214129
tiny,6,3,1,1,0,1,2168,1783
tiny,6,3,1,1,0,2,198706,199882
tiny,6,3,1,1,1,1,2168,1803
tiny,6,3,1,1,1,2,198706,214921
tiny,6,3,1,2,0,1,121819,104104
tiny,6,3,1,2,0,2,318307,326408
tiny,6,3,1,2,1,1,121819,108883
tiny,6,3,1,2,1,2,318307,322011
tiny,6,3,1,3,0,1,122425,100618
tiny,6,3,1,3,0,2,318914,331848
tiny,6,3,1,3,1,1,122425,100638
tiny,6,3,1,3,1,2,318914,321609
tiny,6,3,1,4,0,1,126611,110956
tiny,6,3,1,4,0,2,323099,336477
tiny,6,3,1,4,1,1,126611,111640
tiny,6,3,1,4,1,2,323099,338951
tiny,6,3,1,5,0,1,108852,135653
tiny,6,3,1,5,1,1,108852,107811
tiny,6,3,2,1,0,1,121806,112598
tiny,6,3,2,1,0,2,318344,349571
tiny,6,3,2,1,1,1,121806,109264
tiny,6,3,2,1,1,2,318344,331442
tiny,6,3,2,2,0,1,241458,213227
tiny,6,3,2,2,0,2,438321,439800
tiny,6,3,2,2,1,1,241458,218557
tiny,6,3,2,2,1,2,438321,478471
tiny,6,3,2,3,0,1,242064,223356
tiny,6,3,2,3,1,1,242064,215541
tiny,6,3,2,4,0,1,246249,226957
tiny,6,3,2,4,1,1,246249,217054
tiny,6,3,2,5,0,1,228490,219830
tiny,6,3,2,5,1,1,228490,210046
tiny,6,3,3,1,0,1,122408,112029
tiny,6,3,3,1,0,2,318946,315778
tiny,6,3,3,1,1,1,122408,104675
tiny,6,3,3,1,1,2,318946,326919
tiny,6,3,3,2,0,1,242060,208858
tiny,6,3,3,2,1,1,242060,226271
tiny,6,3,3,3,0,1,242666,215141
tiny,6,3,3,3,1,1,242666,214370
tiny,6,3,3,4,0,1,246851,217114
tiny,6,3,3,4,1,1,246851,219228
tiny,6,3,3,5,0,1,229092,232393
tiny,6,3,3,5,1,1,229092,224638
tiny,6,3,4,1,0,1,126592,109264
tiny,6,3,4,1,0,2,323129,328261
tiny,6,3,4,1,1,1,126592,105998
tiny,6,3,4,1,1,2,323129,326207
tiny,6,3,4,2,0,1,246243,204080
tiny,6,3,4,2,1,1,246243,220009
tiny,6,3,4,3,0,1,246849,226201
tiny,6,3,4,3,1,1,246849,228495
tiny,6,3,4,4,0,1,251035,237503
tiny,6,3,4,4,1,1,251035,217475
tiny,6,3,4,5,0,1,233275,223907
tiny,6,3,4,5,1,1,233275,226066
tiny,6,3,5,1,0,1,108831,106178
tiny,6,3,5,1,1,1,108831,113141
tiny,6,3,5,2,0,1,228483,227424
tiny,6,3,5,2,1,1,228483,221482
tiny,6,3,5,3,0,1,229089,223291
tiny,6,3,5,3,1,1,229089,217364
tiny,6,3,5,4,0,1,233274,209670
tiny,6,3,5,4,1,1,233274,235669
tiny,6,3,5,5,0,1,215515,224413
tiny,6,3,5,5,1,1,215515,228450
tiny,6,4,1,1,0,1,2108,1764
tiny,6,4,1,1,0,2,204308,200604
tiny,6,4,1,1,1,1,2108,1803
tiny,6,4,1,1,1,2,204308,200433
tiny,6,4,1,2,0,1,120086,107170
tiny,6,4,1,2,0,2,322176,341266
tiny,6,4,1,2,1,1,120086,106288
tiny,6,4,1,2,1,2,322176,320247
tiny,6,4,1,3,0,1,112299,102801
tiny,6,4,1,3,0,2,314388,322901
tiny,6,4,1,3,1,1,112299,104885
tiny,6,4,1,3,1,2,314388,316319
tiny,6,4,1,4,0,1,106125,102711
tiny,6,4,1,4,0,2,308214,319706
tiny,6,4,1,4,1,1,106125,111528
tiny,6,4,1,4,1,2,308214,321459
tiny,6,4,1,5,0,1,107962,112239
tiny,6,4,1,5,1,1,107962,105296
tiny,6,4,2,1,0,1,120071,116827
tiny,6,4,2,1,0,2,322271,316640
tiny,6,4,2,1,1,1,120071,107550
tiny,6,4,2,1,1,2,322271,316590
tiny,6,4,2,2,0,1,238049,231141
tiny,6,4,2,2,0,2,440526,430102
tiny,6,4,2,2,1,1,238049,216604
tiny,6,4,2,2,1,2,440526,435641
tiny,6,4,2,3,0,1,230262,214920
tiny,6,4,2,3,1,1,230262,218707
tiny,6,4,2,4,0,1,224087,230259
tiny,6,4,2,4,1,1,224087,222684
tiny,6,4,2,5,0,1,225924,217716
tiny,6,4,2,5,1,1,225924,235609
tiny,6,4,3,1,0,1,112278,104204
tiny,6,4,3,1,0,2,314478,328822
tiny,6,4,3,1,1,1,112278,109033
tiny,6,4,3,1,1,2,314478,311710
tiny,6,4,3,2,0,1,230257,208359
tiny,6,4,3,2,1,1,230257,218427
tiny,6,4,3,3,0,1,222469,222484
tiny,6,4,3,3,1,1,222469,224258
tiny,6,4,3,4,0,1,216295,209981
tiny,6,4,3,4,1,1,216295,209731
tiny,6,4,3,5,0,1,218132,225861
tiny,6,4,3,5,1,1,218132,209220
tiny,6,4,4,1,0,1,106101,116507
tiny,6,4,4,1,0,2,308301,318303
tiny,6,4,4,1,1,1,106101,112419
tiny,6,4,4,1,1,2,308301,315327
tiny,6,4,4,2,0,1,224080,216152
tiny,6,4,4,2,1,1,224080,233064
tiny,6,4,4,3,0,1,216292,217916
tiny,6,4,4,3,1,1,216292,213668
tiny,6,4,4,4,0,1,210118,223696
tiny,6,4,4,4,1,1,210118,220741
tiny,6,4,4,5,0,1,211955,205293
tiny,6,4,4,5,1,1,211955,210231
tiny,6,4,5,1,0,1,107937,108953
tiny,6,4,5,1,1,1,107937,107640
tiny,6,4,5,2,0,1,225915,223857
tiny,6,4,5,2,1,1,225915,211153
tiny,6,4,5,3,0,1,218128,213227
tiny,6,4,5,3,1,1,218128,203719
tiny,6,4,5,4,0,1,211953,217304
tiny,6,4,5,4,1,1,211953,227604
tiny,6,4,5,5,0,1,213790,219639
tiny,6,4,5,5,1,1,213790,205673
trip_skew,6,0,1,1,0,1,4465469,4434688
trip_skew,6,0,1,1,0,2,4430187,4511951
trip_skew,6,0,1,1,1,1,4465469,4308413
trip_skew,6,0,1,1,1,2,4430187,4574216
trip_skew,6,0,1,2,0,1,4480641,4453232
trip_skew,6,0,1,2,0,2,4430187,4395731
trip_skew,6,0,1,2,1,1,4480641,4586230
trip_skew,6,0,1,2,1,2,4430187,4459974
trip_skew,6,0,1,3,0,1,4425064,4402457
trip_skew,6,0,1,3,0,2,4430187,4477498
trip_skew,6,0,1,3,1,1,4425064,4383952
trip_skew,6,0,1,3,1,2,4430187,4526160
trip_skew,6,0,1,4,0,1,4402886,4334482
trip_skew,6,0,1,4,0,2,4430187,4484561
trip_skew,6,0,1,4,1,1,4402886,4563768
trip_skew,6,0,1,4,1,2,4430187,4558807
trip_skew,6,0,1,5,0,1,4400957,4263088
trip_skew,6,0,1,5,1,1,4400957,4411112
trip_skew,6,0,2,1,0,1,2492136,2874178
trip_skew,6,0,2,1,0,2,2456855,3161687
trip_skew,6,0,2,1,1,1,2492136,2931030
trip_skew,6,0,2,1,1,2,2456855,2797550
trip_skew,6,0,2,2,0,1,2507309,2787140
trip_skew,6,0,2,2,0,2,2709637,3057787
trip_skew,6,0,2,2,1,1,2507309,2934599
trip_skew,6,0,2,2,1,2,2709637,3169704
trip_skew,6,0,2,3,0,1,2451732,2742086
trip_skew,6,0,2,3,1,1,2451732,2781424
trip_skew,6,0,2,4,0,1,2429554,2678206
trip_skew,6,0,2,4,1,1,2429554,2859725
trip_skew,6,0,2,5,0,1,2427625,2729694
trip_skew,6,0,2,5,1,1,2427625,2874993
trip_skew,6,0,3,1,0,1,1773962,2055657
trip_skew,6,0,3,1,0,2,1738680,2828135
trip_skew,6,0,3,1,1,1,1773962,2113866
trip_skew,6,0,3,1,1,2,1738680,2989131
trip_skew,6,0,3,2,0,1,1789134,2099738
trip_skew,6,0,3,2,1,1,1789134,2100886
trip_skew,6,0,3,3,0,1,1733557,1975683
trip_skew,6,0,3,3,1,1,1733557,2074132
trip_skew,6,0,3,4,0,1,1711379,1864922
trip_skew,6,0,3,4,1,1,1711379,1946976
trip_skew,6,0,3,5,0,1,1709451,2058373
trip_skew,6,0,3,5,1,1,1709451,2153430
trip_skew,6,0,4,1,0,1,1420129,1563101
trip_skew,6,0,4,1,0,2,1384848,2234920
trip_skew,6,0,4,1,1,1,1420129,1640154
trip_skew,6,0,4,1,1,2,1384848,2595924
trip_skew,6,0,4,2,0,1,1435301,1609507
trip_skew,6,0,4,2,1,1,1435301,2067400
trip_skew,6,0,4,3,0,1,1379725,1600380
trip_skew,6,0,4,3,1,1,1379725,2288812
trip_skew,6,0,4,4,0,1,1357546,1457004
trip_skew,6,0,4,4,1,1,1357546,1464948
trip_skew,6,0,4,5,0,1,1355618,1558080
trip_skew,6,0,4,5,1,1,1355618,1505224
trip_skew,6,0,5,1,0,1,1219421,2151036
trip_skew,6,0,5,1,1,1,1219421,2193535
trip_skew,6,0,5,2,0,1,1234594,2240091
trip_skew,6,0,5,2,1,1,1234594,1936716
trip_skew,6,0,5,3,0,1,1179017,2126029
trip_skew,6,0,5,3,1,1,1179017,2180294
trip_skew,6,0,5,4,0,1,1156839,2080835
trip_skew,6,0,5,4,1,1,1156839,1862107
trip_skew,6,0,5,5,0,1,1154910,1874038
trip_skew,6,0,5,5,1,1,1154910,1486857
trip_skew,6,1,1,1,0,1,4532601,4025512
trip_skew,6,1,1,1,0,2,4485865,4456899
trip_skew,6,1,1,1,1,1,4532601,4649908
trip_skew,6,1,1,1,1,2,4485865,4076316
trip_skew,6,1,1,2,0,1,4534132,4088668
trip_skew,6,1,1,2,0,2,4485865,4078301
trip_skew,6,1,1,2,1,1,4534132,4461046
trip_skew,6,1,1,2,1,2,4485865,4104629
trip_skew,6,1,1,3,0,1,4469308,4003122
trip_skew,6,1,1,3,0,2,4485865,4715486
trip_skew,6,1,1,3,1,1,4469308,4070852
trip_skew,6,1,1,3,1,2,4485865,4681666
trip_skew,6,1,1,4,0,1,4443099,4319031
trip_skew,6,1,1,4,0,2,4485865,4625101
trip_skew,6,1,1,4,1,1,4443099,4046303
trip_skew,6,1,1,4,1,2,4485865,4111048
trip_skew,6,1,1,5,0,1,4446826,4636566
trip_skew,6,1,1,5,1,1,4446826,4000211
trip_skew,6,1,2,1,0,1,2537526,2603773
trip_skew,6,1,2,1,0,2,2490789,4136542
trip_skew,6,1,2,1,1,1,2537526,2557882
trip_skew,6,1,2,1,1,2,2490789,2593252
trip_skew,6,1,2,2,0,1,2539056,3122681
trip_skew,6,1,2,2,0,2,2755147,3459029
trip_skew,6,1,2,2,1,1,2539056,2558865
trip_skew,6,1,2,2,1,2,2755147,4241453
trip_skew,6,1,2,3,0,1,2474232,2800168
trip_skew,6,1,2,3,1,1,2474232,3231075
trip_skew,6,1,2,4,0,1,2448023,2393594
trip_skew,6,1,2,4,1,1,2448023,2452324
trip_skew,6,1,2,5,0,1,2451750,2502292
trip_skew,6,1,2,5,1,1,2451750,2496057
trip_skew,6,1,3,1,0,1,1807168,1952057
trip_skew,6,1,3,1,0,2,1760431,2738194
trip_skew,6,1,3,1,1,1,1807168,2267105
trip_skew,6,1,3,1,1,2,1760431,2912513
trip_skew,6,1,3,2,0,1,1808698,1890854
trip_skew,6,1,3,2,1,1,1808698,1949328
trip_skew,6,1,3,3,0,1,1743875,2265303
trip_skew,6,1,3,3,1,1,1743875,2171191
trip_skew,6,1,3,4,0,1,1717666,1804596
trip_skew,6,1,3,4,1,1,1717666,2478964
trip_skew,6,1,3,5,0,1,1721393,1737449
trip_skew,6,1,3,5,1,1,1721393,1832401
trip_skew,6,1,4,1,0,1,1448190,1629803
trip_skew,6,1,4,1,0,2,1401454,2234227
trip_skew,6,1,4,1,1,1,1448190,2314121
trip_skew,6,1,4,1,1,2,1401454,1745159
trip_skew,6,1,4,2,0,1,1449720,2478483
trip_skew,6,1,4,2,1,1,1449720,1460165
trip_skew,6,1,4,3,0,1,1384897,1524432
trip_skew,6,1,4,3,1,1,1384897,1561799
trip_skew,6,1,4,4,0,1,1358688,1686691
trip_skew,6,1,4,4,1,1,1358688,1446507
trip_skew,6,1,4,5,0,1,1362415,1439005
trip_skew,6,1,4,5,1,1,1362415,1448804
trip_skew,6,1,5,1,0,1,1252257,2200407
trip_skew,6,1,5,1,1,1,1252257,2139232
trip_skew,6,1,5,2,0,1,1253787,2072372
trip_skew,6,1,5,2,1,1,1253787,1929621
trip_skew,6,1,5,3,0,1,1188964,2346022
trip_skew,6,1,5,3,1,1,1188964,2012696
trip_skew,6,1,5,4,0,1,1162755,1593008
trip_skew,6,1,5,4,1,1,1162755,2161896
trip_skew,6,1,5,5,0,1,1166482,1157000
trip_skew,6,1,5,5,1,1,1166482,1277821
trip_skew,6,2,1,1,0,1,4475018,4030122
trip_skew,6,2,1,1,0,2,4419932,4112655
trip_skew,6,2,1,1,1,1,4475018,3875357
trip_skew,6,2,1,1,1,2,4419932,4017092
trip_skew,6,2,1,2,0,1,4470811,4025649
trip_skew,6,2,1,2,0,2,4419932,4089237
trip_skew,6,2,1,2,1,1,4470811,4101357
trip_skew,6,2,1,2,1,2,4419932,4345776
trip_skew,6,2,1,3,0,1,4422248,4006879
trip_skew,6,2,1,3,0,2,4419932,4115994
trip_skew,6,2,1,3,1,1,4422248,4098366
trip_skew,6,2,1,3,1,2,4419932,4093490
trip_skew,6,2,1,4,0,1,4383208,3944804
trip_skew,6,2,1,4,0,2,4419932,4095751
trip_skew,6,2,1,4,1,1,4383208,4098580
trip_skew,6,2,1,4,1,2,4419932,4106218
trip_skew,6,2,1,5,0,1,4380168,3946651
trip_skew,6,2,1,5,1,1,4380168,4207861
trip_skew,6,2,2,1,0,1,2495474,2577303
trip_skew,6,2,2,1,0,2,2440388,2469501
trip_skew,6,2,2,1,1,1,2495474,2538366
trip_skew,6,2,2,1,1,2,2440388,2936888
trip_skew,6,2,2,2,0,1,2491267,2597576
trip_skew,6,2,2,2,0,2,2688658,2828977
trip_skew,6,2,2,2,1,1,2491267,2567377
trip_skew,6,2,2,2,1,2,2688658,2964144
trip_skew,6,2,2,3,0,1,2442704,3525979
trip_skew,6,2,2,3,1,1,2442704,2425607
trip_skew,6,2,2,4,0,1,2403664,2416718
trip_skew,6,2,2,4,1,1,2403664,2857318
trip_skew,6,2,2,5,0,1,2400624,2437964
trip_skew,6,2,2,5,1,1,2400624,2512414
trip_skew,6,2,3,1,0,1,1788519,1878687
trip_skew,6,2,3,1,0,2,1733433,1898417
trip_skew,6,2,3,1,1,1,1788519,1829911
trip_skew,6,2,3,1,1,2,1733433,1905641
trip_skew,6,2,3,2,0,1,1784312,2567902
trip_skew,6,2,3,2,1,1,1784312,1789567
trip_skew,6,2,3,3,0,1,1735749,2453505
trip_skew,6,2,3,3,1,1,1735749,1821527
trip_skew,6,2,3,4,0,1,1696709,1968376
trip_skew,6,2,3,4,1,1,1696709,2321032
trip_skew,6,2,3,5,0,1,1693669,1893233
trip_skew,6,2,3,5,1,1,1693669,1772201
trip_skew,6,2,4,1,0,1,1420202,1740884
trip_skew,6,2,4,1,0,2,1365116,1925854
trip_skew,6,2,4,1,1,1,1420202,1541446
trip_skew,6,2,4,1,1,2,1365116,2332236
trip_skew,6,2,4,2,0,1,1415995,1461487
trip_skew,6,2,4,2,1,1,1415995,2674369
trip_skew,6,2,4,3,0,1,1367432,1461955
trip_skew,6,2,4,3,1,1,1367432,2306575
trip_skew,6,2,4,4,0,1,1328392,1461789
trip_skew,6,2,4,4,1,1,1328392,1592043
trip_skew,6,2,4,5,0,1,1325352,2256372
trip_skew,6,2,4,5,1,1,1325352,1902030
trip_skew,6,2,5,1,0,1,1219644,1912859
trip_skew,6,2,5,1,1,1,1219644,1443725
trip_skew,6,2,5,2,0,1,1215437,1336113
trip_skew,6,2,5,2,1,1,1215437,1313619
trip_skew,6,2,5,3,0,1,1166874,1957254
trip_skew,6,2,5,3,1,1,1166874,1643460
trip_skew,6,2,5,4,0,1,1127834,1892141
trip_skew,6,2,5,4,1,1,1127834,1857412
trip_skew,6,2,5,5,0,1,1124794,2003631
trip_skew,6,2,5,5,1,1,1124794,1379825
trip_skew,6,3,1,1,0,1,3913929,3970152
trip_skew,6,3,1,1,0,2,3875697,4107972
trip_skew,6,3,1,1,1,1,3913929,3902963
trip_skew,6,3,1,1,1,2,3875697,3956478
trip_skew,6,3,1,2,0,1,3926777,3987584
trip_skew,6,3,1,2,0,2,3875697,3952785
trip_skew,6,3,1,2,1,1,3926777,4086390
trip_skew,6,3,1,2,1,2,3875697,4049362
trip_skew,6,3,1,3,0,1,3869364,3897334
trip_skew,6,3,1,3,0,2,3875697,3954089
trip_skew,6,3,1,3,1,1,3869364,4017053
trip_skew,6,3,1,3,1,2,3875697,4106801
trip_skew,6,3,1,4,0,1,3846254,3965376
trip_skew,6,3,1,4,0,2,3875697,4039050
trip_skew,6,3,1,4,1,1,3846254,4185585
trip_skew,6,3,1,4,1,2,3875697,4149593
trip_skew,6,3,1,5,0,1,3842846,3956468
trip_skew,6,3,1,5,1,1,3842846,3934390
trip_skew,6,3,2,1,0,1,2195459,2636335
trip_skew,6,3,2,1,0,2,2157227,2579987
trip_skew,6,3,2,1,1,1,2195459,2612549
trip_skew,6,3,2,1,1,2,2157227,2540836
trip_skew,6,3,2,2,0,1,2208306,2550722
trip_skew,6,3,2,2,0,2,2389789,2769788
trip_skew,6,3,2,2,1,1,2208306,2655587
trip_skew,6,3,2,2,1,2,2389789,2874647
trip_skew,6,3,2,3,0,1,2150893,2744009
trip_skew,6,3,2,3,1,1,2150893,2574758
trip_skew,6,3,2,4,0,1,2127783,2538701
trip_skew,6,3,2,4,1,1,2127783,2496166
trip_skew,6,3,2,5,0,1,2124375,2515241
trip_skew,6,3,2,5,1,1,2124375,2500225
trip_skew,6,3,3,1,0,1,1561020,2770309
trip_skew,6,3,3,1,0,2,1522788,1831941
trip_skew,6,3,3,1,1,1,1561020,1881594
trip_skew,6,3,3,1,1,2,1522788,1825678
trip_skew,6,3,3,2,0,1,1573867,1885909
trip_skew,6,3,3,2,1,1,1573867,1832079
trip_skew,6,3,3,3,0,1,1516455,1817688
trip_skew,6,3,3,3,1,1,1516455,1815576
trip_skew,6,3,3,4,0,1,1493344,1847453
trip_skew,6,3,3,4,1,1,1493344,1830242
trip_skew,6,3,3,5,0,1,1489937,1660783
trip_skew,6,3,3,5,1,1,1489937,1833936
trip_skew,6,3,4,1,0,1,1249277,1638867
trip_skew,6,3,4,1,0,2,1211045,1577886
trip_skew,6,3,4,1,1,1,1249277,2253560
trip_skew,6,3,4,1,1,2,1211045,1482121
trip_skew,6,3,4,2,0,1,1262124,1498442
trip_skew,6,3,4,2,1,1,1262124,1400653
trip_skew,6,3,4,3,0,1,1204712,1421252
trip_skew,6,3,4,3,1,1,1204712,1488624
trip_skew,6,3,4,4,0,1,1181601,1423364
trip_skew,6,3,4,4,1,1,1181601,2620368
trip_skew,6,3,4,5,0,1,1178193,1276783
trip_skew,6,3,4,5,1,1,1178193,1458768
trip_skew,6,3,5,1,0,1,1072761,1959798
trip_skew,6,3,5,1,1,1,1072761,1947289
trip_skew,6,3,5,2,0,1,1085608,2281000
trip_skew,6,3,5,2,1,1,1085608,1619401
trip_skew,6,3,5,3,0,1,1028196,1257892
trip_skew,6,3,5,3,1,1,1028196,1141689
trip_skew,6,3,5,4,0,1,1005086,1086696
trip_skew,6,3,5,4,1,1,1005086,1130293
trip_skew,6,3,5,5,0,1,1001678,1247083
trip_skew,6,3,5,5,1,1,1001678,1195001
trip_skew,6,4,1,1,0,1,4232702,3920779
trip_skew,6,4,1,1,0,2,4362706,4075848
trip_skew,6,4,1,1,1,1,4232702,4523611
trip_skew,6,4,1,1,1,2,4362706,4241533
trip_skew,6,4,1,2,0,1,4240421,4071265
trip_skew,6,4,1,2,0,2,4362706,4396222
trip_skew,6,4,1,2,1,1,4240421,4059636
trip_skew,6,4,1,2,1,2,4362706,4136222
trip_skew,6,4,1,3,0,1,4210291,4031765
trip_skew,6,4,1,3,0,2,4362706,4126752
trip_skew,6,4,1,3,1,1,4210291,4455109
trip_skew,6,4,1,3,1,2,4362706,4642449
trip_skew,6,4,1,4,0,1,4182867,4327130
trip_skew,6,4,1,4,0,2,4362706,4229250
trip_skew,6,4,1,4,1,1,4182867,4040416
trip_skew,6,4,1,4,1,2,4362706,4094228
trip_skew,6,4,1,5,0,1,4211061,4150025
trip_skew,6,4,1,5,1,1,4211061,3891170
trip_skew,6,4,2,1,0,1,2397977,2667514
trip_skew,6,4,2,1,0,2,2527980,2575569
trip_skew,6,4,2,1,1,1,2397977,2654118
trip_skew,6,4,2,1,1,2,2527980,2779068
trip_skew,6,4,2,2,0,1,2405695,2525232
trip_skew,6,4,2,2,0,2,2802723,2823779
trip_skew,6,4,2,2,1,1,2405695,2535463
trip_skew,6,4,2,2,1,2,2802723,3765171
trip_skew,6,4,2,3,0,1,2375565,2473087
trip_skew,6,4,2,3,1,1,2375565,2499476
trip_skew,6,4,2,4,0,1,2348141,3786772
trip_skew,6,4,2,4,1,1,2348141,2498362
trip_skew,6,4,2,5,0,1,2376335,2599741
trip_skew,6,4,2,5,1,1,2376335,2656584
trip_skew,6,4,3,1,0,1,1753462,1812504
trip_skew,6,4,3,1,0,2,1883465,2434139
trip_skew,6,4,3,1,1,1,1753462,1814538
trip_skew,6,4,3,1,1,2,1883465,2042709
trip_skew,6,4,3,2,0,1,1761180,2021027
trip_skew,6,4,3,2,1,1,1761180,2770902
trip_skew,6,4,3,3,0,1,1731050,2497038
trip_skew,6,4,3,3,1,1,1731050,1880786
trip_skew,6,4,3,4,0,1,1703626,1854385
trip_skew,6,4,3,4,1,1,1703626,2787856
trip_skew,6,4,3,5,0,1,1731820,2713949
trip_skew,6,4,3,5,1,1,1731820,1894063
trip_skew,6,4,4,1,0,1,1419201,1560273
trip_skew,6,4,4,1,0,2,1549205,2033439
trip_skew,6,4,4,1,1,1,1419201,1483509
trip_skew,6,4,4,1,1,2,1549205,2314363
trip_skew,6,4,4,2,0,1,1426920,2275535
trip_skew,6,4,4,2,1,1,1426920,1495763
trip_skew,6,4,4,3,0,1,1396789,2161740
trip_skew,6,4,4,3,1,1,1396789,1517590
trip_skew,6,4,4,4,0,1,1369366,1434336
trip_skew,6,4,4,4,1,1,1369366,1933247
trip_skew,6,4,4,5,0,1,1397559,2372712
trip_skew,6,4,4,5,1,1,1397559,2479985
trip_skew,6,4,5,1,0,1,1263079,2011221
trip_skew,6,4,5,1,1,1,1263079,1999426
trip_skew,6,4,5,2,0,1,1270798,1992335
trip_skew,6,4,5,2,1,1,1270798,1747395
trip_skew,6,4,5,3,0,1,1240668,2129129
trip_skew,6,4,5,3,1,1,1240668,1953296
trip_skew,6,4,5,4,0,1,1213244,1948410
trip_skew,6,4,5,4,1,1,1213244,1358982
trip_skew,6,4,5,5,0,1,1241438,1895869
trip_skew,6,4,5,5,1,1,1241438,1930079
uneven_chunks,6,0,1,1,0,1,125251,72873
uneven_chunks,6,0,1,1,0,2,376153,300842
uneven_chunks,6,0,1,1,1,1,125251,72901
uneven_chunks,6,0,1,1,1,2,376153,333766
uneven_chunks,6,0,1,2,0,1,250290,204142
uneven_chunks,6,0,1,2,0,2,501193,473111
uneven_chunks,6,0,1,2,1,1,250290,216022
uneven_chunks,6,0,1,2,1,2,501193,466353
uneven_chunks,6,0,1,3,0,1,258517,140999
uneven_chunks,6,0,1,3,0,2,509420,348106
uneven_chunks,6,0,1,3,1,1,258517,191365
uneven_chunks,6,0,1,3,1,2,509420,349900
uneven_chunks,6,0,1,4,0,1,209461,137697
uneven_chunks,6,0,1,4,0,2,460364,404803
uneven_chunks,6,0,1,4,1,1,209461,145462
uneven_chunks,6,0,1,4,1,2,460364,338918
uneven_chunks,6,0,1,5,0,1,190568,138596
uneven_chunks,6,0,1,5,1,1,190568,177504
uneven_chunks,6,0,2,1,0,1,271666,189484
uneven_chunks,6,0,2,1,0,2,480016,355936
uneven_chunks,6,0,2,1,1,1,271666,186169
uneven_chunks,6,0,2,1,1,2,480016,415804
uneven_chunks,6,0,2,2,0,1,396705,271994
uneven_chunks,6,0,2,2,0,2,687642,493637
uneven_chunks,6,0,2,2,1,1,396705,355853
uneven_chunks,6,0,2,2,1,2,687642,507614
uneven_chunks,6,0,2,3,0,1,404932,350222
uneven_chunks,6,0,2,3,1,1,404932,258918
uneven_chunks,6,0,2,4,0,1,355876,284067
uneven_chunks,6,0,2,4,1,1,355876,296140
uneven_chunks,6,0,2,5,0,1,336983,256125
uneven_chunks,6,0,2,5,1,1,336983,278452
uneven_chunks,6,0,3,1,0,1,290216,205726
uneven_chunks,6,0,3,1,0,2,498565,409798
uneven_chunks,6,0,3,1,1,1,290216,225959
uneven_chunks,6,0,3,1,1,2,498565,361858
uneven_chunks,6,0,3,2,0,1,415255,361334
uneven_chunks,6,0,3,2,1,1,415255,295772
uneven_chunks,6,0,3,3,0,1,423482,330928
uneven_chunks,6,0,3,3,1,1,423482,265378
uneven_chunks,6,0,3,4,0,1,374426,315080
uneven_chunks,6,0,3,4,1,1,374426,263569
uneven_chunks,6,0,3,5,0,1,355533,244527
uneven_chunks,6,0,3,5,1,1,355533,349093
uneven_chunks,6,0,4,1,0,1,241525,172806
uneven_chunks,6,0,4,1,0,2,449875,342811
uneven_chunks,6,0,4,1,1,1,241525,181191
uneven_chunks,6,0,4,1,1,2,449875,423289
uneven_chunks,6,0,4,2,0,1,366564,304791
uneven_chunks,6,0,4,2,1,1,366564,283944
uneven_chunks,6,0,4,3,0,1,374791,299933
uneven_chunks,6,0,4,3,1,1,374791,267022
uneven_chunks,6,0,4,4,0,1,325736,262761
uneven_chunks,6,0,4,4,1,1,325736,317115
uneven_chunks,6,0,4,5,0,1,306842,258353
uneven_chunks,6,0,4,5,1,1,306842,256999
uneven_chunks,6,0,5,1,0,1,220622,179681
uneven_chunks,6,0,5,1,1,1,220622,169477
uneven_chunks,6,0,5,2,0,1,345661,274511
uneven_chunks,6,0,5,2,1,1,345661,334721
uneven_chunks,6,0,5,3,0,1,353888,260802
uneven_chunks,6,0,5,3,1,1,353888,356381
uneven_chunks,6,0,5,4,0,1,304832,250754
uneven_chunks,6,0,5,4,1,1,304832,286249
uneven_chunks,6,0,5,5,0,1,285939,277580
uneven_chunks,6,0,5,5,1,1,285939,333917
uneven_chunks,6,1,1,1,0,1,75564,70531
uneven_chunks,6,1,1,1,0,2,278241,309014
uneven_chunks,6,1,1,1,1,1,75564,77866
uneven_chunks,6,1,1,1,1,2,278241,291491
uneven_chunks,6,1,1,2,0,1,163329,203703
uneven_chunks,6,1,1,2,0,2,366006,422018
uneven_chunks,6,1,1,2,1,1,163329,168657
uneven_chunks,6,1,1,2,1,2,366006,401521
uneven_chunks,6,1,1,3,0,1,143201,149235
uneven_chunks,6,1,1,3,0,2,345878,407156
uneven_chunks,6,1,1,3,1,1,143201,166296
uneven_chunks,6,1,1,3,1,2,345878,374358
uneven_chunks,6,1,1,4,0,1,142813,153433
uneven_chunks,6,1,1,4,0,2,345491,352859
uneven_chunks,6,1,1,4,1,1,142813,161386
uneven_chunks,6,1,1,4,1,2,345491,353253
uneven_chunks,6,1,1,5,0,1,164151,152216
uneven_chunks,6,1,1,5,1,1,164151,163043
uneven_chunks,6,1,2,1,0,1,183972,171710
uneven_chunks,6,1,2,1,0,2,345450,392261
uneven_chunks,6,1,2,1,1,1,183972,164078
uneven_chunks,6,1,2,1,1,2,345450,378475
uneven_chunks,6,1,2,2,0,1,271737,277584
uneven_chunks,6,1,2,2,0,2,490812,538284
uneven_chunks,6,1,2,2,1,1,271737,332417
uneven_chunks,6,1,2,2,1,2,490812,561773
uneven_chunks,6,1,2,3,0,1,251609,289985
uneven_chunks,6,1,2,3,1,1,251609,325917
uneven_chunks,6,1,2,4,0,1,251222,291904
uneven_chunks,6,1,2,4,1,1,251222,301809
uneven_chunks,6,1,2,5,0,1,272560,271839
uneven_chunks,6,1,2,5,1,1,272560,279242
uneven_chunks,6,1,3,1,0,1,171049,167295
uneven_chunks,6,1,3,1,0,2,332527,362447
uneven_chunks,6,1,3,1,1,1,171049,179580
uneven_chunks,6,1,3,1,1,2,332527,384300
uneven_chunks,6,1,3,2,0,1,258814,311956
uneven_chunks,6,1,3,2,1,1,258814,305195
uneven_chunks,6,1,3,3,0,1,238686,281765
uneven_chunks,6,1,3,3,1,1,238686,247980
uneven_chunks,6,1,3,4,0,1,238299,267367
uneven_chunks,6,1,3,4,1,1,238299,280160
uneven_chunks,6,1,3,5,0,1,259637,297938
uneven_chunks,6,1,3,5,1,1,259637,280591
uneven_chunks,6,1,4,1,0,1,173778,199414
uneven_chunks,6,1,4,1,0,2,335256,355349
uneven_chunks,6,1,4,1,1,1,173778,170882
uneven_chunks,6,1,4,1,1,2,335256,345033
uneven_chunks,6,1,4,2,0,1,261543,299603
uneven_chunks,6,1,4,2,1,1,261543,297485
uneven_chunks,6,1,4,3,0,1,241415,281278
uneven_chunks,6,1,4,3,1,1,241415,260213
uneven_chunks,6,1,4,4,0,1,241028,271830
uneven_chunks,6,1,4,4,1,1,241028,288031
uneven_chunks,6,1,4,5,0,1,262366,278878
uneven_chunks,6,1,4,5,1,1,262366,259055
uneven_chunks,6,1,5,1,0,1,194299,172086
uneven_chunks,6,1,5,1,1,1,194299,171332
uneven_chunks,6,1,5,2,0,1,282064,277347
uneven_chunks,6,1,5,2,1,1,282064,294528
uneven_chunks,6,1,5,3,0,1,261936,301864
uneven_chunks,6,1,5,3,1,1,261936,288322
uneven_chunks,6,1,5,4,0,1,261548,279077
uneven_chunks,6,1,5,4,1,1,261548,290823
uneven_chunks,6,1,5,5,0,1,282886,288228
uneven_chunks,6,1,5,5,1,1,282886,290072
uneven_chunks,6,2,1,1,0,1,112336,78680
uneven_chunks,6,2,1,1,0,2,323000,312479
uneven_chunks,6,2,1,1,1,1,112336,79141
uneven_chunks,6,2,1,1,1,2,323000,315913
uneven_chunks,6,2,1,2,0,1,214242,170418
uneven_chunks,6,2,1,2,0,2,424906,421357
uneven_chunks,6,2,1,2,1,1,214242,198101
uneven_chunks,6,2,1,2,1,2,424906,403179
uneven_chunks,6,2,1,3,0,1,190180,179834
uneven_chunks,6,2,1,3,0,2,400844,392935
uneven_chunks,6,2,1,3,1,1,190180,201936
uneven_chunks,6,2,1,3,1,2,400844,388503
uneven_chunks,6,2,1,4,0,1,188353,171830
uneven_chunks,6,2,1,4,0,2,399017,444803
uneven_chunks,6,2,1,4,1,1,188353,157489
uneven_chunks,6,2,1,4,1,2,399017,380242
uneven_chunks,6,2,1,5,0,1,178029,191403
uneven_chunks,6,2,1,5,1,1,178029,155942
uneven_chunks,6,2,2,1,0,1,245443,190012
uneven_chunks,6,2,2,1,0,2,393906,398258
uneven_chunks,6,2,2,1,1,1,245443,196091
uneven_chunks,6,2,2,1,1,2,393906,392583
uneven_chunks,6,2,2,2,0,1,347349,297576
uneven_chunks,6,2,2,2,0,2,581760,631796
uneven_chunks,6,2,2,2,1,1,347349,334326
uneven_chunks,6,2,2,2,1,2,581760,668756
uneven_chunks,6,2,2,3,0,1,323287,276723
uneven_chunks,6,2,2,3,1,1,323287,287689
uneven_chunks,6,2,2,4,0,1,321460,290456
uneven_chunks,6,2,2,4,1,1,321460,300625
uneven_chunks,6,2,2,5,0,1,311136,306002
uneven_chunks,6,2,2,5,1,1,311136,322410
uneven_chunks,6,2,3,1,0,1,232141,184563
uneven_chunks,6,2,3,1,0,2,380604,389611
uneven_chunks,6,2,3,1,1,1,232141,189705
uneven_chunks,6,2,3,1,1,2,380604,487080
uneven_chunks,6,2,3,2,0,1,334047,368825
uneven_chunks,6,2,3,2,1,1,334047,342363
uneven_chunks,6,2,3,3,0,1,309985,287211
uneven_chunks,6,2,3,3,1,1,309985,297868
uneven_chunks,6,2,3,4,0,1,308158,336484
uneven_chunks,6,2,3,4,1,1,308158,315004
uneven_chunks,6,2,3,5,0,1,297834,303001
uneven_chunks,6,2,3,5,1,1,297834,313431
uneven_chunks,6,2,4,1,0,1,235155,212328
uneven_chunks,6,2,4,1,0,2,383618,392936
uneven_chunks,6,2,4,1,1,1,235155,182422
uneven_chunks,6,2,4,1,1,2,383618,381888
uneven_chunks,6,2,4,2,0,1,337061,324790
uneven_chunks,6,2,4,2,1,1,337061,285054
uneven_chunks,6,2,4,3,0,1,312999,296924
uneven_chunks,6,2,4,3,1,1,312999,274358
uneven_chunks,6,2,4,4,0,1,311172,293891
uneven_chunks,6,2,4,4,1,1,311172,269428
uneven_chunks,6,2,4,5,0,1,300848,297657
uneven_chunks,6,2,4,5,1,1,300848,276478
uneven_chunks,6,2,5,1,0,1,223649,206324
uneven_chunks,6,2,5,1,1,1,223649,227091
uneven_chunks,6,2,5,2,0,1,325555,300338
uneven_chunks,6,2,5,2,1,1,325555,331820
uneven_chunks,6,2,5,3,0,1,301493,334933
uneven_chunks,6,2,5,3,1,1,301493,267420
uneven_chunks,6,2,5,4,0,1,299666,281771
uneven_chunks,6,2,5,4,1,1,299666,302330
uneven_chunks,6,2,5,5,0,1,289342,310834
uneven_chunks,6,2,5,5,1,1,289342,334300
uneven_chunks,6,3,1,1,0,1,78606,78549
uneven_chunks,6,3,1,1,0,2,309118,313092
uneven_chunks,6,3,1,1,1,1,78606,79182
uneven_chunks,6,3,1,1,1,2,309118,321245
uneven_chunks,6,3,1,2,0,1,184923,174198
uneven_chunks,6,3,1,2,0,2,415435,399675
uneven_chunks,6,3,1,2,1,1,184923,169942
uneven_chunks,6,3,1,2,1,2,415435,372289
uneven_chunks,6,3,1,3,0,1,174373,162239
uneven_chunks,6,3,1,3,0,2,404884,394071
uneven_chunks,6,3,1,3,1,1,174373,154818
uneven_chunks,6,3,1,3,1,2,404884,404950
uneven_chunks,6,3,1,4,0,1,167714,166558
uneven_chunks,6,3,1,4,0,2,398226,404573
uneven_chunks,6,3,1,4,1,1,167714,150771
uneven_chunks,6,3,1,4,1,2,398226,384285
uneven_chunks,6,3,1,5,0,1,167840,157716
uneven_chunks,6,3,1,5,1,1,167840,158801
uneven_chunks,6,3,2,1,0,1,207022,181666
uneven_chunks,6,3,2,1,0,2,393489,365169
uneven_chunks,6,3,2,1,1,1,207022,200506
uneven_chunks,6,3,2,1,1,2,393489,369191
uneven_chunks,6,3,2,2,0,1,313339,308582
uneven_chunks,6,3,2,2,0,2,560042,605838
uneven_chunks,6,3,2,2,1,1,313339,300589
uneven_chunks,6,3,2,2,1,2,560042,544596
uneven_chunks,6,3,2,3,0,1,302789,294262
uneven_chunks,6,3,2,3,1,1,302789,279752
uneven_chunks,6,3,2,4,0,1,296130,299540
uneven_chunks,6,3,2,4,1,1,296130,289133
uneven_chunks,6,3,2,5,0,1,296256,306062
uneven_chunks,6,3,2,5,1,1,296256,306173
uneven_chunks,6,3,3,1,0,1,204012,188158
uneven_chunks,6,3,3,1,0,2,390480,371645
uneven_chunks,6,3,3,1,1,1,204012,197363
uneven_chunks,6,3,3,1,1,2,390480,415660
uneven_chunks,6,3,3,2,0,1,310329,318222
uneven_chunks,6,3,3,2,1,1,310329,327392
uneven_chunks,6,3,3,3,0,1,299779,282081
uneven_chunks,6,3,3,3,1,1,299779,308903
uneven_chunks,6,3,3,4,0,1,293120,329290
uneven_chunks,6,3,3,4,1,1,293120,281072
uneven_chunks,6,3,3,5,0,1,293247,303426
uneven_chunks,6,3,3,5,1,1,293247,262576
uneven_chunks,6,3,4,1,0,1,200863,186361
uneven_chunks,6,3,4,1,0,2,387330,365240
uneven_chunks,6,3,4,1,1,1,200863,200083
uneven_chunks,6,3,4,1,1,2,387330,384199
uneven_chunks,6,3,4,2,0,1,307180,281976
uneven_chunks,6,3,4,2,1,1,307180,335094
uneven_chunks,6,3,4,3,0,1,296629,294293
uneven_chunks,6,3,4,3,1,1,296629,277980
uneven_chunks,6,3,4,4,0,1,289971,285596
uneven_chunks,6,3,4,4,1,1,289971,290919
uneven_chunks,6,3,4,5,0,1,290097,292527
uneven_chunks,6,3,4,5,1,1,290097,276036
uneven_chunks,6,3,5,1,0,1,200184,179813
uneven_chunks,6,3,5,1,1,1,200184,185717
uneven_chunks,6,3,5,2,0,1,306501,301538
uneven_chunks,6,3,5,2,1,1,306501,303893
uneven_chunks,6,3,5,3,0,1,295951,312931
uneven_chunks,6,3,5,3,1,1,295951,284271
uneven_chunks,6,3,5,4,0,1,289292,270346
uneven_chunks,6,3,5,4,1,1,289292,293630
uneven_chunks,6,3,5,5,0,1,289419,292334
uneven_chunks,6,3,5,5,1,1,289419,303406
uneven_chunks,6,4,1,1,0,1,81541,77123
uneven_chunks,6,4,1,1,0,2,331206,307859
uneven_chunks,6,4,1,1,1,1,81541,77635
uneven_chunks,6,4,1,1,1,2,331206,300299
uneven_chunks,6,4,1,2,0,1,187885,235204
uneven_chunks,6,4,1,2,0,2,437550,402687
uneven_chunks,6,4,1,2,1,1,187885,187034
uneven_chunks,6,4,1,2,1,2,437550,412872
uneven_chunks,6,4,1,3,0,1,159564,162893
uneven_chunks,6,4,1,3,0,2,409229,406984
uneven_chunks,6,4,1,3,1,1,159564,178398
uneven_chunks,6,4,1,3,1,2,409229,420316
uneven_chunks,6,4,1,4,0,1,152925,150239
uneven_chunks,6,4,1,4,0,2,402590,380867
uneven_chunks,6,4,1,4,1,1,152925,161473
uneven_chunks,6,4,1,4,1,2,402590,380182
uneven_chunks,6,4,1,5,0,1,193232,156611
uneven_chunks,6,4,1,5,1,1,193232,147900
uneven_chunks,6,4,2,1,0,1,211219,190528
uneven_chunks,6,4,2,1,0,2,414280,367048
uneven_chunks,6,4,2,1,1,1,211219,231701
uneven_chunks,6,4,2,1,1,2,414280,376261
uneven_chunks,6,4,2,2,0,1,317564,278330
uneven_chunks,6,4,2,2,0,2,583685,579315
uneven_chunks,6,4,2,2,1,1,317564,294509
uneven_chunks,6,4,2,2,1,2,583685,586276
uneven_chunks,6,4,2,3,0,1,289243,286661
uneven_chunks,6,4,2,3,1,1,289243,295357
uneven_chunks,6,4,2,4,0,1,282603,279501
uneven_chunks,6,4,2,4,1,1,282603,284018
uneven_chunks,6,4,2,5,0,1,322911,270899
uneven_chunks,6,4,2,5,1,1,322911,289271
uneven_chunks,6,4,3,1,0,1,190784,186682
uneven_chunks,6,4,3,1,0,2,393844,370883
uneven_chunks,6,4,3,1,1,1,190784,197899
uneven_chunks,6,4,3,1,1,2,393844,362569
uneven_chunks,6,4,3,2,0,1,297129,327899
uneven_chunks,6,4,3,2,1,1,297129,281730
uneven_chunks,6,4,3,3,0,1,268808,278990
uneven_chunks,6,4,3,3,1,1,268808,271347
uneven_chunks,6,4,3,4,0,1,262168,292078
uneven_chunks,6,4,3,4,1,1,262168,297602
uneven_chunks,6,4,3,5,0,1,302476,278777
uneven_chunks,6,4,3,5,1,1,302476,269248
uneven_chunks,6,4,4,1,0,1,187926,202222
uneven_chunks,6,4,4,1,0,2,390986,367098
uneven_chunks,6,4,4,1,1,1,187926,217149
uneven_chunks,6,4,4,1,1,2,390986,420336
uneven_chunks,6,4,4,2,0,1,294270,325060
uneven_chunks,6,4,4,2,1,1,294270,310661
uneven_chunks,6,4,4,3,0,1,265949,261304
uneven_chunks,6,4,4,3,1,1,265949,263434
uneven_chunks,6,4,4,4,0,1,259310,280897
uneven_chunks,6,4,4,4,1,1,259310,300910
uneven_chunks,6,4,4,5,0,1,299618,278256
uneven_chunks,6,4,4,5,1,1,299618,302105
uneven_chunks,6,4,5,1,0,1,227415,184035
uneven_chunks,6,4,5,1,1,1,227415,188374
uneven_chunks,6,4,5,2,0,1,333759,289187
uneven_chunks,6,4,5,2,1,1,333759,277723
uneven_chunks,6,4,5,3,0,1,305438,303647
uneven_chunks,6,4,5,3,1,1,305438,276996
uneven_chunks,6,4,5,4,0,1,298799,275534
uneven_chunks,6,4,5,4,1,1,298799,331860
uneven_chunks,6,4,5,5,0,1,339107,312829
uneven_chunks,6,4,5,5,1,1,339107,283698
work_skew,6,0,1,1,0,1,6478155,6382817
work_skew,6,0,1,1,0,2,6360603,6894814
work_skew,6,0,1,1,1,1,6478155,6378403
work_skew,6,0,1,1,1,2,6360603,6397777
work_skew,6,0,1,2,0,1,6472219,6666074
work_skew,6,0,1,2,0,2,6360603,6476248
work_skew,6,0,1,2,1,1,6472219,6553157
work_skew,6,0,1,2,1,2,6360603,6532452
work_skew,6,0,1,3,0,1,6366712,6565582
work_skew,6,0,1,3,0,2,6360603,6361516
work_skew,6,0,1,3,1,1,6366712,6430379
work_skew,6,0,1,3,1,2,6360603,6731707
work_skew,6,0,1,4,0,1,6338491,6738695
work_skew,6,0,1,4,0,2,6360603,6409375
work_skew,6,0,1,4,1,1,6338491,6893002
work_skew,6,0,1,4,1,2,6360603,6392518
work_skew,6,0,1,5,0,1,6336452,6412309
work_skew,6,0,1,5,1,1,6336452,6465477
work_skew,6,0,2,1,0,1,3571145,3894296
work_skew,6,0,2,1,0,2,3453592,3582402
work_skew,6,0,2,1,1,1,3571145,4063558
work_skew,6,0,2,1,1,2,3453592,3840462
work_skew,6,0,2,2,0,1,3565209,3817432
work_skew,6,0,2,2,0,2,3779156,4267813
work_skew,6,0,2,2,1,1,3565209,4101576
work_skew,6,0,2,2,1,2,3779156,4001748
work_skew,6,0,2,3,0,1,3459702,3504744
work_skew,6,0,2,3,1,1,3459702,3570744
work_skew,6,0,2,4,0,1,3431481,3540209
work_skew,6,0,2,4,1,1,3431481,3752070
work_skew,6,0,2,5,0,1,3429442,3568518
work_skew,6,0,2,5,1,1,3429442,3755954
work_skew,6,0,3,1,0,1,2513723,2680230
work_skew,6,0,3,1,0,2,2396170,2601228
work_skew,6,0,3,1,1,1,2513723,2725427
work_skew,6,0,3,1,1,2,2396170,2507475
work_skew,6,0,3,2,0,1,2507787,2682596
work_skew,6,0,3,2,1,1,2507787,2594684
work_skew,6,0,3,3,0,1,2402280,3357653
work_skew,6,0,3,3,1,1,2402280,2860059
work_skew,6,0,3,4,0,1,2374059,2598314
work_skew,6,0,3,4,1,1,2374059,2566727
work_skew,6,0,3,5,0,1,2372019,2510934
work_skew,6,0,3,5,1,1,2372019,2597460
work_skew,6,0,4,1,0,1,1986880,2086272
work_skew,6,0,4,1,0,2,1869327,2205969
work_skew,6,0,4,1,1,1,1986880,2243123
work_skew,6,0,4,1,1,2,1869327,2298767
work_skew,6,0,4,2,0,1,1980944,2145832
work_skew,6,0,4,2,1,1,1980944,2191785
work_skew,6,0,4,3,0,1,1875437,1977599
work_skew,6,0,4,3,1,1,1875437,2104741
work_skew,6,0,4,4,0,1,1847215,2054723
work_skew,6,0,4,4,1,1,1847215,1909402
work_skew,6,0,4,5,0,1,1845176,1980016
work_skew,6,0,4,5,1,1,1845176,2205809
work_skew,6,0,5,1,0,1,1712865,1736427
work_skew,6,0,5,1,1,1,1712865,1937304
work_skew,6,0,5,2,0,1,1706929,1970703
work_skew,6,0,5,2,1,1,1706929,1652337
work_skew,6,0,5,3,0,1,1601422,1842994
work_skew,6,0,5,3,1,1,1601422,2196088
work_skew,6,0,5,4,0,1,1573200,1826513
work_skew,6,0,5,4,1,1,1573200,2008682
work_skew,6,0,5,5,0,1,1571161,1897077
work_skew,6,0,5,5,1,1,1571161,1705356
work_skew,6,1,1,1,0,1,6356662,6300406
work_skew,6,1,1,1,0,2,6272528,6365573
work_skew,6,1,1,1,1,1,6356662,6371223
work_skew,6,1,1,1,1,2,6272528,6367689
work_skew,6,1,1,2,0,1,6322827,6536368
work_skew,6,1,1,2,0,2,6272528,6667941
work_skew,6,1,1,2,1,1,6322827,6537443
work_skew,6,1,1,2,1,2,6272528,6440052
work_skew,6,1,1,3,0,1,6253845,6386206
work_skew,6,1,1,3,0,2,6272528,6691516
work_skew,6,1,1,3,1,1,6253845,6448978
work_skew,6,1,1,3,1,2,6272528,6398756
work_skew,6,1,1,4,0,1,6217906,6452365
work_skew,6,1,1,4,0,2,6272528,6606722
work_skew,6,1,1,4,1,1,6217906,6872136
work_skew,6,1,1,4,1,2,6272528,6536050
work_skew,6,1,1,5,0,1,6211158,7111426
work_skew,6,1,1,5,1,1,6211158,6626027
work_skew,6,1,2,1,0,1,3480231,3661279
work_skew,6,1,2,1,0,2,3396097,3666271
work_skew,6,1,2,1,1,1,3480231,3674582
work_skew,6,1,2,1,1,2,3396097,3652257
work_skew,6,1,2,2,0,1,3446396,3589164
work_skew,6,1,2,2,0,2,3691316,4035964
work_skew,6,1,2,2,1,1,3446396,3757501
work_skew,6,1,2,2,1,2,3691316,3948958
work_skew,6,1,2,3,0,1,3377414,4415283
work_skew,6,1,2,3,1,1,3377414,3656356
work_skew,6,1,2,4,0,1,3341475,4022885
work_skew,6,1,2,4,1,1,3341475,3676054
work_skew,6,1,2,5,0,1,3334727,3576174
work_skew,6,1,2,5,1,1,3334727,3464278
work_skew,6,1,3,1,0,1,2478522,3326669
work_skew,6,1,3,1,0,2,2394388,3035684
work_skew,6,1,3,1,1,1,2478522,2525117
work_skew,6,1,3,1,1,2,2394388,2535682
work_skew,6,1,3,2,0,1,2444687,2722125
work_skew,6,1,3,2,1,1,2444687,2583510
work_skew,6,1,3,3,0,1,2375706,2507206
work_skew,6,1,3,3,1,1,2375706,2611993
work_skew,6,1,3,4,0,1,2339767,2568267
work_skew,6,1,3,4,1,1,2339767,3150973
work_skew,6,1,3,5,0,1,2333019,2691660
work_skew,6,1,3,5,1,1,2333019,2630443
work_skew,6,1,4,1,0,1,1954012,2042101
work_skew,6,1,4,1,0,2,1869878,1920108
work_skew,6,1,4,1,1,1,1954012,2026542
work_skew,6,1,4,1,1,2,1869878,2090629
work_skew,6,1,4,2,0,1,1920177,1982321
work_skew,6,1,4,2,1,1,1920177,2026884
work_skew,6,1,4,3,0,1,1851196,2428490
work_skew,6,1,4,3,1,1,1851196,2001797
work_skew,6,1,4,4,0,1,1815257,1942095
work_skew,6,1,4,4,1,1,1815257,2091897
work_skew,6,1,4,5,0,1,1808509,1992161
work_skew,6,1,4,5,1,1,1808509,2319584
work_skew,6,1,5,1,0,1,1680771,1882915
work_skew,6,1,5,1,1,1,1680771,1930605
work_skew,6,1,5,2,0,1,1646936,1915030
work_skew,6,1,5,2,1,1,1646936,1974863
work_skew,6,1,5,3,0,1,1577954,1958030
work_skew,6,1,5,3,1,1,1577954,1889495
work_skew,6,1,5,4,0,1,1542015,1695146
work_skew,6,1,5,4,1,1,1542015,1796845
work_skew,6,1,5,5,0,1,1535267,1893394
work_skew,6,1,5,5,1,1,1535267,1744038
work_skew,6,2,1,1,0,1,6502749,6056870
work_skew,6,2,1,1,0,2,6355853,6187096
work_skew,6,2,1,1,1,1,6502749,5984463
work_skew,6,2,1,1,1,2,6355853,6218901
work_skew,6,2,1,2,0,1,6462635,6100841
work_skew,6,2,1,2,0,2,6355853,6080444
work_skew,6,2,1,2,1,1,6462635,6263530
work_skew,6,2,1,2,1,2,6355853,6637058
work_skew,6,2,1,3,0,1,6398179,6160646
work_skew,6,2,1,3,0,2,6355853,6436424
work_skew,6,2,1,3,1,1,6398179,6346250
work_skew,6,2,1,3,1,2,6355853,5923649
work_skew,6,2,1,4,0,1,6364003,6133709
work_skew,6,2,1,4,0,2,6355853,6099923
work_skew,6,2,1,4,1,1,6364003,6112312
work_skew,6,2,1,4,1,2,6355853,6453616
work_skew,6,2,1,5,0,1,6363192,6194442
work_skew,6,2,1,5,1,1,6363192,6084062
work_skew,6,2,2,1,0,1,3556262,3463873
work_skew,6,2,2,1,0,2,3409366,3419509
work_skew,6,2,2,1,1,1,3556262,3669642
work_skew,6,2,2,1,1,2,3409366,3476294
work_skew,6,2,2,2,0,1,3516149,3372890
work_skew,6,2,2,2,0,2,3707559,3679498
work_skew,6,2,2,2,1,1,3516149,3643223
work_skew,6,2,2,2,1,2,3707559,3737702
work_skew,6,2,2,3,0,1,3451693,3450139
work_skew,6,2,2,3,1,1,3451693,3464605
work_skew,6,2,2,4,0,1,3417517,3572652
work_skew,6,2,2,4,1,1,3417517,3436070
work_skew,6,2,2,5,0,1,3416705,3279845
work_skew,6,2,2,5,1,1,3416705,3500769
work_skew,6,2,3,1,0,1,2538152,2516444
work_skew,6,2,3,1,0,2,2391256,2584948
work_skew,6,2,3,1,1,1,2538152,2543954
work_skew,6,2,3,1,1,2,2391256,2449885
work_skew,6,2,3,2,0,1,2498039,2602747
work_skew,6,2,3,2,1,1,2498039,2506562
work_skew,6,2,3,3,0,1,2433583,2432039
work_skew,6,2,3,3,1,1,2433583,2513711
work_skew,6,2,3,4,0,1,2399407,2543564
work_skew,6,2,3,4,1,1,2399407,2311319
work_skew,6,2,3,5,0,1,2398595,2357078
work_skew,6,2,3,5,1,1,2398595,2465796
work_skew,6,2,4,1,0,1,2004444,2067099
work_skew,6,2,4,1,0,2,1857547,2028267
work_skew,6,2,4,1,1,1,2004444,2096504
work_skew,6,2,4,1,1,2,1857547,2092436
work_skew,6,2,4,2,0,1,1964330,1914430
work_skew,6,2,4,2,1,1,1964330,2072648
work_skew,6,2,4,3,0,1,1899874,2050683
work_skew,6,2,4,3,1,1,1899874,1967688
work_skew,6,2,4,4,0,1,1865698,1909295
work_skew,6,2,4,4,1,1,1865698,2311986
work_skew,6,2,4,5,0,1,1864887,1828870
work_skew,6,2,4,5,1,1,1864887,1938209
work_skew,6,2,5,1,0,1,1731160,1812034
work_skew,6,2,5,1,1,1,1731160,1865959
work_skew,6,2,5,2,0,1,1691046,1841878
work_skew,6,2,5,2,1,1,1691046,1821949
work_skew,6,2,5,3,0,1,1626590,1750205
work_skew,6,2,5,3,1,1,1626590,1751887
work_skew,6,2,5,4,0,1,1592414,1595397
work_skew,6,2,5,4,1,1,1592414,1657346
work_skew,6,2,5,5,0,1,1591603,1857497
work_skew,6,2,5,5,1,1,1591603,1677214
work_skew,6,3,1,1,0,1,6349198,6005734
work_skew,6,3,1,1,0,2,6216933,6078681
work_skew,6,3,1,1,1,1,6349198,5938646
work_skew,6,3,1,1,1,2,6216933,5950746
work_skew,6,3,1,2,0,1,6299949,6042993
work_skew,6,3,1,2,0,2,6216933,6035186
work_skew,6,3,1,2,1,1,6299949,5990526
work_skew,6,3,1,2,1,2,6216933,6021888
work_skew,6,3,1,3,0,1,6239857,6130295
work_skew,6,3,1,3,0,2,6216933,5936882
work_skew,6,3,1,3,1,1,6239857,5937811
work_skew,6,3,1,3,1,2,6216933,6030650
work_skew,6,3,1,4,0,1,6221039,5996349
work_skew,6,3,1,4,0,2,6216933,6004592
work_skew,6,3,1,4,1,1,6221039,5958357
work_skew,6,3,1,4,1,2,6216933,5997129
work_skew,6,3,1,5,0,1,6183297,5965931
work_skew,6,3,1,5,1,1,6183297,6147660
work_skew,6,3,2,1,0,1,3485231,3414525
work_skew,6,3,2,1,0,2,3352966,3837556
work_skew,6,3,2,1,1,1,3485231,3312738
work_skew,6,3,2,1,1,2,3352966,3348447
work_skew,6,3,2,2,0,1,3435982,3393135
work_skew,6,3,2,2,0,2,3657343,3672007
work_skew,6,3,2,2,1,1,3435982,3297381
work_skew,6,3,2,2,1,2,3657343,3684903
work_skew,6,3,2,3,0,1,3375890,3332955
work_skew,6,3,2,3,1,1,3375890,3378084
work_skew,6,3,2,4,0,1,3357072,3367374
work_skew,6,3,2,4,1,1,3357072,3364620
work_skew,6,3,2,5,0,1,3319330,3375484
work_skew,6,3,2,5,1,1,3319330,3333460
work_skew,6,3,3,1,0,1,2501560,2420774
work_skew,6,3,3,1,0,2,2369295,2433992
work_skew,6,3,3,1,1,1,2501560,2507376
work_skew,6,3,3,1,1,2,2369295,2462131
work_skew,6,3,3,2,0,1,2452311,2680639
work_skew,6,3,3,2,1,1,2452311,2693437
work_skew,6,3,3,3,0,1,2392218,2298045
work_skew,6,3,3,3,1,1,2392218,2355829
work_skew,6,3,3,4,0,1,2373401,2450880
work_skew,6,3,3,4,1,1,2373401,2552885
work_skew,6,3,3,5,0,1,2335659,2355177
work_skew,6,3,3,5,1,1,2335659,2330869
work_skew,6,3,4,1,0,1,1998963,2000371
work_skew,6,3,4,1,0,2,1866698,2047772
work_skew,6,3,4,1,1,1,1998963,1941736
work_skew,6,3,4,1,1,2,1866698,2144666
work_skew,6,3,4,2,0,1,1949714,2126886
work_skew,6,3,4,2,1,1,1949714,2214637
work_skew,6,3,4,3,0,1,1889621,2074493
work_skew,6,3,4,3,1,1,1889621,2029337
work_skew,6,3,4,4,0,1,1870804,2054749
work_skew,6,3,4,4,1,1,1870804,1999931
work_skew,6,3,4,5,0,1,1833062,2021485
work_skew,6,3,4,5,1,1,1833062,2080545
work_skew,6,3,5,1,0,1,1697341,1776548
work_skew,6,3,5,1,1,1,1697341,1789439
work_skew,6,3,5,2,0,1,1648092,1820828
work_skew,6,3,5,2,1,1,1648092,1822216
work_skew,6,3,5,3,0,1,1588000,1600971
work_skew,6,3,5,3,1,1,1588000,1871909
work_skew,6,3,5,4,0,1,1569182,1747487
work_skew,6,3,5,4,1,1,1569182,1579846
work_skew,6,3,5,5,0,1,1531440,1779667
work_skew,6,3,5,5,1,1,1531440,1746258
work_skew,6,4,1,1,0,1,6049225,6097469
work_skew,6,4,1,1,0,2,5942404,5989614
work_skew,6,4,1,1,1,1,6049225,6010996
work_skew,6,4,1,1,1,2,5942404,5891011
work_skew,6,4,1,2,0,1,6008351,6066217
work_skew,6,4,1,2,0,2,5942404,6068494
work_skew,6,4,1,2,1,1,6008351,6092961
work_skew,6,4,1,2,1,2,5942404,5970897
work_skew,6,4,1,3,0,1,5934786,5920030
work_skew,6,4,1,3,0,2,5942404,5994988
work_skew,6,4,1,3,1,1,5934786,6010179
work_skew,6,4,1,3,1,2,5942404,6011188
work_skew,6,4,1,4,0,1,5915415,5938628
work_skew,6,4,1,4,0,2,5942404,5993653
work_skew,6,4,1,4,1,1,5915415,5964892
work_skew,6,4,1,4,1,2,5942404,5962873
work_skew,6,4,1,5,0,1,5896653,5938042
work_skew,6,4,1,5,1,1,5896653,5935313
work_skew,6,4,2,1,0,1,3324410,3387643
work_skew,6,4,2,1,0,2,3217589,3394623
work_skew,6,4,2,1,1,1,3324410,3413017
work_skew,6,4,2,1,1,2,3217589,3523956
work_skew,6,4,2,2,0,1,3283535,3781272
work_skew,6,4,2,2,0,2,3511343,3560194
work_skew,6,4,2,2,1,1,3283535,3370623
work_skew,6,4,2,2,1,2,3511343,3612966
work_skew,6,4,2,3,0,1,3209970,3301297
work_skew,6,4,2,3,1,1,3209970,3316662
work_skew,6,4,2,4,0,1,3190600,3265260
work_skew,6,4,2,4,1,1,3190600,3291935
work_skew,6,4,2,5,0,1,3171838,3272102
work_skew,6,4,2,5,1,1,3171838,3271249
work_skew,6,4,3,1,0,1,2370177,2402534
work_skew,6,4,3,1,0,2,2263356,2329828
work_skew,6,4,3,1,1,1,2370177,2774963
work_skew,6,4,3,1,1,2,2263356,2367507
work_skew,6,4,3,2,0,1,2329303,2467847
work_skew,6,4,3,2,1,1,2329303,2653054
work_skew,6,4,3,3,0,1,2255738,2785254
work_skew,6,4,3,3,1,1,2255738,2371119
work_skew,6,4,3,4,0,1,2236367,2423440
work_skew,6,4,3,4,1,1,2236367,2365835
work_skew,6,4,3,5,0,1,2217605,2350538
work_skew,6,4,3,5,1,1,2217605,2315729
work_skew,6,4,4,1,0,1,1889505,1970075
work_skew,6,4,4,1,0,2,1782683,2105343
work_skew,6,4,4,1,1,1,1889505,1987598
work_skew,6,4,4,1,1,2,1782683,2050878
work_skew,6,4,4,2,0,1,1848630,2264889
work_skew,6,4,4,2,1,1,1848630,1883353
work_skew,6,4,4,3,0,1,1775065,2053981
work_skew,6,4,4,3,1,1,1775065,1984291
work_skew,6,4,4,4,0,1,1755694,1989425
work_skew,6,4,4,4,1,1,1755694,1941825
work_skew,6,4,4,5,0,1,1736932,1992244
work_skew,6,4,4,5,1,1,1736932,2063583
work_skew,6,4,5,1,0,1,1619123,1792487
work_skew,6,4,5,1,1,1,1619123,1766406
work_skew,6,4,5,2,0,1,1578248,1796200
work_skew,6,4,5,2,1,1,1578248,1873378
work_skew,6,4,5,3,0,1,1504684,1724675
work_skew,6,4,5,3,1,1,1504684,1752189
work_skew,6,4,5,4,0,1,1485313,1747341
work_skew,6,4,5,4,1,1,1485313,1732022
work_skew,6,4,5,5,0,1,1466551,1733766
work_skew,6,4,5,5,1,1,1466551,1788999
