case,budget,policy,backend,left,right,order,parents,median_ns,min_process_median_ns,max_process_median_ns
short,4,dynamic,0,1,1,0,2,163625,147054,190495
short,4,dynamic,0,1,2,0,2,267659,231366,275603
short,4,dynamic,0,2,1,0,2,207432,204903,223446
short,4,dynamic,1,1,1,0,1,42318,42298,59170
short,4,dynamic,1,1,1,0,2,171579,167862,205653
short,4,dynamic,1,1,1,1,1,42379,42369,42379
short,4,dynamic,1,1,1,1,2,168975,168584,197758
short,4,dynamic,1,1,2,0,1,112339,111588,118501
short,4,dynamic,1,1,2,0,2,240347,234322,248894
short,4,dynamic,1,1,2,1,1,110145,105977,116537
short,4,dynamic,1,1,2,1,2,275610,229773,276591
short,4,dynamic,1,1,3,0,1,100317,99465,103784
short,4,dynamic,1,1,3,1,1,98999,98764,108723
short,4,dynamic,1,2,1,0,1,110335,106909,112088
short,4,dynamic,1,2,1,0,2,244403,228270,247035
short,4,dynamic,1,2,1,1,1,107941,106619,109765
short,4,dynamic,1,2,1,1,2,251919,245346,272448
short,4,dynamic,1,2,2,0,1,173453,168906,179845
short,4,dynamic,1,2,2,1,1,184544,180556,192418
short,4,dynamic,1,2,3,0,1,180956,173333,209270
short,4,dynamic,1,2,3,1,1,173002,161321,173398
short,4,dynamic,1,3,1,0,1,104114,95928,115465
short,4,dynamic,1,3,1,1,1,107014,93685,127027
short,4,dynamic,1,3,2,0,1,182366,166394,184995
short,4,dynamic,1,3,2,1,1,171480,170016,192634
short,4,dynamic,1,3,3,0,1,186427,181839,194120
short,4,dynamic,1,3,3,1,1,173583,166039,179004
short,4,ordinary-first,0,1,1,0,2,152454,146163,161711
short,4,ordinary-first,0,1,2,0,2,238014,234146,252745
short,4,ordinary-first,0,2,1,0,2,226967,195214,279620
