p,case,run,policy,steady_ns,first_ns,all14_ns,early_loops,widths,cache_hits,plans,reference_calls,args
2,tiny,1,overload,217450,549324,4285900,10,1,10,2,4,"[4, 1, 1025, 16, 1, 0]"
2,tiny,1,joint,210658,584959,4454195,10,1,10,2,4,"[4, 1, 1025, 16, 1, 0]"
2,tiny,1,ordering,211043,567507,4239851,11,1,11,1,3,"[4, 1, 1025, 16, 1, 0]"
2,tiny,1,reference,167241,543843,2722305,0,1,0,0,0,"[4, 1, 1025, 16, 1, 0]"
4,fits-mixed,2,joint,1540619,3209668,25637384,11,3,8,4,3,"[1, 1, 100000, 1000, 1, 0]"
4,fits-mixed,2,reference,2281680,3030784,33034710,11,2,0,0,0,"[1, 1, 100000, 1000, 1, 0]"
4,fits-mixed,2,overload,2219574,3758039,34003576,11,2,0,0,14,"[1, 1, 100000, 1000, 1, 0]"
4,fits-mixed,2,ordering,2305994,3434852,35423015,11,2,9,3,14,"[1, 1, 100000, 1000, 1, 0]"
8,sequential-sites,1,joint,4120518,11813168,67885453,0,7;7;7,8,4,14,"[0, 3, 65536, 1000, 3, 0, 12, 1]"
8,sequential-sites,1,overload,4802559,13139605,75019534,0,7;7;7,0,0,14,"[0, 3, 65536, 1000, 3, 0, 12, 1]"
8,sequential-sites,1,reference,6876637,13158255,103627439,0,7;7;7,0,0,0,"[0, 3, 65536, 1000, 3, 0, 12, 1]"
8,sequential-sites,1,ordering,4046077,10164193,65859526,0,7;7;7,10,2,14,"[0, 3, 65536, 1000, 3, 0, 12, 1]"
8,overflow-short,2,ordering,1992952,8550919,50067108,11,7,8,4,3,"[10, 1, 100000, 1000, 1, 0]"
8,overflow-short,2,overload,1486489,8914661,42367561,11,6,4,8,3,"[10, 1, 100000, 1000, 1, 0]"
8,overflow-short,2,joint,1480492,8733720,41786753,11,6,5,7,3,"[10, 1, 100000, 1000, 1, 0]"
8,overflow-short,2,reference,1597601,8502789,29685620,0,7,0,0,0,"[10, 1, 100000, 1000, 1, 0]"
8,streaming,1,ordering,1064205,7577322,36208139,22,1;1,5,7,3,"[10, 2, 500000, 1000, 1, 0, 0]"
8,streaming,1,overload,943768,7176956,37678451,22,1;1,3,9,3,"[10, 2, 500000, 1000, 1, 0, 0]"
8,streaming,1,joint,1535791,8075488,43356036,22,1;1,3,9,3,"[10, 2, 500000, 1000, 1, 0, 0]"
8,streaming,1,reference,1306649,7553748,25105143,0,1;1,0,0,0,"[10, 2, 500000, 1000, 1, 0, 0]"
4,overflow-one-long,0,ordering,11130147,12157060,158268779,0,3,9,3,14,"[6, 1, 100000, 1000, 1, 0, 12, 0, 200000]"
4,overflow-one-long,0,reference,9526091,12264781,136401693,0,3,0,0,0,"[6, 1, 100000, 1000, 1, 0, 12, 0, 200000]"
4,overflow-one-long,0,joint,8354393,11551142,127220533,11,1,6,6,3,"[6, 1, 100000, 1000, 1, 0, 12, 0, 200000]"
4,overflow-one-long,0,overload,8647730,11746175,133127905,11,1,9,3,3,"[6, 1, 100000, 1000, 1, 0, 12, 0, 200000]"
8,overflow-all-long,1,joint,15620240,24880809,243424035,11,1,8,4,3,"[10, 1, 100000, 150000, 1, 0]"
8,overflow-all-long,1,reference,16240706,24915966,234316637,0,7,0,0,0,"[10, 1, 100000, 150000, 1, 0]"
8,overflow-all-long,1,overload,15568980,24459762,242265485,11,1,9,3,3,"[10, 1, 100000, 150000, 1, 0]"
8,overflow-all-long,1,ordering,16358687,23819079,249122565,0,7,8,4,3,"[10, 1, 100000, 150000, 1, 0]"
4,ordinary-only,2,joint,5911728,8050754,90499688,0,,8,4,14,"[6, 0, 1000, 1000, 1, 0, 12, 0, 150000]"
4,ordinary-only,2,overload,5940974,8331737,90742833,0,,10,2,14,"[6, 0, 1000, 1000, 1, 0, 12, 0, 150000]"
4,ordinary-only,2,reference,5697841,7192815,82539847,0,,0,0,0,"[6, 0, 1000, 1000, 1, 0, 12, 0, 150000]"
4,ordinary-only,2,ordering,5955105,8057791,90012208,0,,9,3,14,"[6, 0, 1000, 1000, 1, 0, 12, 0, 150000]"
2,sequential-sites,1,ordering,18550146,19666049,261793954,0,1;1;1,11,1,14,"[0, 3, 65536, 1000, 3, 0, 12, 1]"
2,sequential-sites,1,reference,17111454,19234241,244648416,0,1;1;1,0,0,0,"[0, 3, 65536, 1000, 3, 0, 12, 1]"
2,sequential-sites,1,joint,17098443,17920744,241617582,0,1;1;1,11,1,14,"[0, 3, 65536, 1000, 3, 0, 12, 1]"
2,sequential-sites,1,overload,17288004,18002037,242857624,0,1;1;1,0,0,14,"[0, 3, 65536, 1000, 3, 0, 12, 1]"
8,tiny,0,ordering,846436,8188691,35543236,2,1,6,6,12,"[10, 1, 1025, 16, 1, 0]"
8,tiny,0,reference,562968,6726287,14662335,0,1,0,0,0,"[10, 1, 1025, 16, 1, 0]"
8,tiny,0,overload,380649,7977647,28094551,10,1,3,9,3,"[10, 1, 1025, 16, 1, 0]"
8,tiny,0,joint,362976,7205228,28511429,11,1,10,2,3,"[10, 1, 1025, 16, 1, 0]"
8,tiny,1,overload,223483,6870555,25851064,11,1,6,6,3,"[10, 1, 1025, 16, 1, 0]"
8,tiny,1,reference,551988,7288324,15479540,0,1,0,0,0,"[10, 1, 1025, 16, 1, 0]"
8,tiny,1,ordering,644841,7878412,31209428,1,1,3,9,13,"[10, 1, 1025, 16, 1, 0]"
8,tiny,1,joint,282877,8519567,28247842,9,1,7,5,5,"[10, 1, 1025, 16, 1, 0]"
2,tiny,2,reference,189904,491510,3092418,0,1,0,0,0,"[4, 1, 1025, 16, 1, 0]"
2,tiny,2,overload,216414,601560,4505399,9,1,10,2,5,"[4, 1, 1025, 16, 1, 0]"
2,tiny,2,ordering,200569,619910,4228949,10,1,10,2,4,"[4, 1, 1025, 16, 1, 0]"
2,tiny,2,joint,222059,593540,4326584,9,1,9,3,5,"[4, 1, 1025, 16, 1, 0]"
8,fits-unequal-loops,0,overload,5500903,9355763,75409686,0,1;6,0,0,14,"[0, 2, 100000, 1000, 3, 0]"
8,fits-unequal-loops,0,joint,4623410,11387278,75887467,0,7;7,7,5,3,"[0, 2, 100000, 1000, 3, 0]"
8,fits-unequal-loops,0,reference,5131025,11824470,78964675,0,1;5,0,0,0,"[0, 2, 100000, 1000, 3, 0]"
8,fits-unequal-loops,0,ordering,5149129,12979622,81970109,0,1;6,10,2,14,"[0, 2, 100000, 1000, 3, 0]"
2,independent-doacross,1,ordering,6493924,9763402,96308882,22,1;1,9,3,2,"[4, 2, 65536, 1000, 1, 0, 12, 0, 150000, 1]"
2,independent-doacross,1,overload,6199595,10265858,94040204,22,1;1,10,2,2,"[4, 2, 65536, 1000, 1, 0, 12, 0, 150000, 1]"
2,independent-doacross,1,reference,8942743,9543793,126464215,0,1;1,0,0,0,"[4, 2, 65536, 1000, 1, 0, 12, 0, 150000, 1]"
2,independent-doacross,1,joint,6293380,11079705,99363537,22,1;1,4,8,2,"[4, 2, 65536, 1000, 1, 0, 12, 0, 150000, 1]"
2,ordinary-only,2,joint,5924723,7832732,86726178,0,,11,1,14,"[4, 0, 1000, 1000, 1, 0, 12, 0, 150000]"
2,ordinary-only,2,overload,6015889,7266292,85977950,0,,10,2,14,"[4, 0, 1000, 1000, 1, 0, 12, 0, 150000]"
2,ordinary-only,2,reference,5809113,6724578,84353603,0,,0,0,0,"[4, 0, 1000, 1000, 1, 0, 12, 0, 150000]"
2,ordinary-only,2,ordering,5830708,8324445,87092312,0,,11,1,14,"[4, 0, 1000, 1000, 1, 0, 12, 0, 150000]"
4,sequential-sites,0,overload,6769300,8885477,96381252,0,3;3;3,0,0,14,"[0, 3, 65536, 1000, 3, 0, 12, 1]"
4,sequential-sites,0,joint,7036524,8061104,97727179,0,3;3;3,10,2,14,"[0, 3, 65536, 1000, 3, 0, 12, 1]"
4,sequential-sites,0,ordering,7256013,9008738,103266773,0,3;3;3,10,2,14,"[0, 3, 65536, 1000, 3, 0, 12, 1]"
4,sequential-sites,0,reference,7032066,8001536,97780014,0,3;3;3,0,0,0,"[0, 3, 65536, 1000, 3, 0, 12, 1]"
2,streaming,1,joint,540446,1298368,9475444,22,1;1,3,9,3,"[4, 2, 500000, 1000, 1, 0, 0]"
2,streaming,1,ordering,557939,1583434,11319700,22,1;1,3,9,3,"[4, 2, 500000, 1000, 1, 0, 0]"
2,streaming,1,overload,537046,1398539,10472668,22,1;1,5,7,3,"[4, 2, 500000, 1000, 1, 0, 0]"
2,streaming,1,reference,627577,1019739,10191437,0,1;1,0,0,0,"[4, 2, 500000, 1000, 1, 0, 0]"
2,overflow-one-long,2,reference,11831178,12884875,166213457,0,1,0,0,0,"[4, 1, 100000, 1000, 1, 0, 12, 0, 200000]"
2,overflow-one-long,2,overload,8236138,13869610,126767133,11,1,9,3,2,"[4, 1, 100000, 1000, 1, 0, 12, 0, 200000]"
2,overflow-one-long,2,joint,8059047,14186589,124785406,11,1,9,3,2,"[4, 1, 100000, 1000, 1, 0, 12, 0, 200000]"
2,overflow-one-long,2,ordering,7999567,14420555,123909006,11,1,8,4,2,"[4, 1, 100000, 1000, 1, 0, 12, 0, 200000]"
8,overflow-one-long,1,joint,8551255,17366107,144278686,11,4,7,5,3,"[10, 1, 100000, 1000, 1, 0, 12, 0, 200000]"
8,overflow-one-long,1,ordering,8965926,17162512,149589519,0,7,8,4,14,"[10, 1, 100000, 1000, 1, 0, 12, 0, 200000]"
8,overflow-one-long,1,overload,8490954,17004818,139612343,11,5,6,6,3,"[10, 1, 100000, 1000, 1, 0, 12, 0, 200000]"
8,overflow-one-long,1,reference,9325747,16889383,138880269,0,7,0,0,0,"[10, 1, 100000, 1000, 1, 0, 12, 0, 200000]"
4,tiny,1,ordering,350254,2119010,9694199,6,1,10,2,7,"[6, 1, 1025, 16, 1, 0]"
4,tiny,1,overload,375920,2031523,9660330,6,1,7,5,8,"[6, 1, 1025, 16, 1, 0]"
4,tiny,1,reference,298966,2114333,5955486,0,1,0,0,0,"[6, 1, 1025, 16, 1, 0]"
4,tiny,1,joint,229929,2187926,8695546,10,1,10,2,4,"[6, 1, 1025, 16, 1, 0]"
4,fits-unequal-loops,2,reference,10321073,12713967,148728651,0,1;2,0,0,0,"[0, 2, 100000, 1000, 3, 0]"
4,fits-unequal-loops,2,joint,8498657,11012154,124987124,0,3;3,8,4,2,"[0, 2, 100000, 1000, 3, 0]"
4,fits-unequal-loops,2,overload,10162355,11530109,145323123,0,1;2,0,0,14,"[0, 2, 100000, 1000, 3, 0]"
4,fits-unequal-loops,2,ordering,10358867,12338248,150450892,0,1;2,10,2,14,"[0, 2, 100000, 1000, 3, 0]"
8,overflow-all-long,0,overload,15648732,24892949,248633866,11,1,10,2,3,"[10, 1, 100000, 150000, 1, 0]"
8,overflow-all-long,0,joint,15344234,23088306,240712713,11,1,8,4,3,"[10, 1, 100000, 150000, 1, 0]"
8,overflow-all-long,0,reference,15950660,25859279,232382184,0,7,0,0,0,"[10, 1, 100000, 150000, 1, 0]"
8,overflow-all-long,0,ordering,16110824,23808030,245723357,0,7,11,1,14,"[10, 1, 100000, 150000, 1, 0]"
4,many-loops,1,ordering,3844099,3701966,57115531,44,1;1;1;1,9,3,3,"[2, 4, 65536, 1000, 1, 0]"
4,many-loops,1,joint,3748447,4141538,56588064,44,1;1;1;1,9,3,3,"[2, 4, 65536, 1000, 1, 0]"
4,many-loops,1,reference,3749804,4479023,53713002,0,1;1;1;1,0,0,0,"[2, 4, 65536, 1000, 1, 0]"
4,many-loops,1,overload,3543944,3902378,52577594,44,1;1;1;1,10,2,3,"[2, 4, 65536, 1000, 1, 0]"
4,streaming,1,joint,639461,3174784,19069484,22,1;1,1,11,3,"[6, 2, 500000, 1000, 1, 0, 0]"
4,streaming,1,reference,924286,2510665,15368998,0,1;1,0,0,0,"[6, 2, 500000, 1000, 1, 0, 0]"
4,streaming,1,ordering,603705,2075816,14689025,22,1;1,6,6,3,"[6, 2, 500000, 1000, 1, 0, 0]"
4,streaming,1,overload,953056,2186141,18838450,22,1;1,5,7,3,"[6, 2, 500000, 1000, 1, 0, 0]"
2,sequential-sites,2,ordering,17842271,17956571,261458879,0,1;1;1,10,2,14,"[0, 3, 65536, 1000, 3, 0, 12, 1]"
2,sequential-sites,2,reference,17790261,17861885,250922297,0,1;1;1,0,0,0,"[0, 3, 65536, 1000, 3, 0, 12, 1]"
2,sequential-sites,2,joint,17869027,18515521,251016306,0,1;1;1,9,3,14,"[0, 3, 65536, 1000, 3, 0, 12, 1]"
2,sequential-sites,2,overload,17017662,18101698,245659378,0,1;1;1,0,0,14,"[0, 3, 65536, 1000, 3, 0, 12, 1]"
2,streaming,2,overload,741385,1165220,10691636,22,1;1,7,5,3,"[4, 2, 500000, 1000, 1, 0, 0]"
2,streaming,2,reference,622339,1100319,9251298,0,1;1,0,0,0,"[4, 2, 500000, 1000, 1, 0, 0]"
2,streaming,2,joint,540777,1801484,10474022,22,1;1,5,7,3,"[4, 2, 500000, 1000, 1, 0, 0]"
2,streaming,2,ordering,775413,2401673,14334005,22,1;1,3,9,3,"[4, 2, 500000, 1000, 1, 0, 0]"
8,streaming,2,overload,1260578,8169764,40336116,22,1;1,3,9,3,"[10, 2, 500000, 1000, 1, 0, 0]"
8,streaming,2,ordering,1075682,8065850,38493926,22,1;1,6,6,3,"[10, 2, 500000, 1000, 1, 0, 0]"
8,streaming,2,reference,1393445,8657505,27196392,0,1;1,0,0,0,"[10, 2, 500000, 1000, 1, 0, 0]"
8,streaming,2,joint,1109787,8256176,39505412,22,1;1,2,10,3,"[10, 2, 500000, 1000, 1, 0, 0]"
8,sequential-sites,0,reference,4173257,10759938,68310695,0,7;7;7,0,0,0,"[0, 3, 65536, 1000, 3, 0, 12, 1]"
8,sequential-sites,0,ordering,3955328,10525953,65831418,0,7;7;7,10,2,14,"[0, 3, 65536, 1000, 3, 0, 12, 1]"
8,sequential-sites,0,joint,4684535,10682636,71250573,0,7;7;7,10,2,14,"[0, 3, 65536, 1000, 3, 0, 12, 1]"
8,sequential-sites,0,overload,4264232,11245294,65117041,0,7;7;7,0,0,14,"[0, 3, 65536, 1000, 3, 0, 12, 1]"
8,overflow-unequal-loops,1,ordering,5894267,12572174,102044116,22,1;5,3,9,3,"[10, 2, 100000, 1000, 3, 0]"
8,overflow-unequal-loops,1,overload,5005626,11778796,93194638,22,6;7,5,7,3,"[10, 2, 100000, 1000, 3, 0]"
8,overflow-unequal-loops,1,reference,6063022,11733333,87407413,0,1;6,0,0,0,"[10, 2, 100000, 1000, 3, 0]"
8,overflow-unequal-loops,1,joint,5079571,11728945,94334588,22,6;7,8,4,3,"[10, 2, 100000, 1000, 3, 0]"
2,tiny,0,joint,232403,589698,4716736,11,1,11,1,3,"[4, 1, 1025, 16, 1, 0]"
2,tiny,0,ordering,233565,539184,4340955,9,1,9,3,5,"[4, 1, 1025, 16, 1, 0]"
2,tiny,0,reference,164806,466434,2651071,0,1,0,0,0,"[4, 1, 1025, 16, 1, 0]"
2,tiny,0,overload,242270,585991,4408850,8,1,10,2,6,"[4, 1, 1025, 16, 1, 0]"
2,overflow-one-long,1,joint,8088022,13750628,124703659,11,1,11,1,2,"[4, 1, 100000, 1000, 1, 0, 12, 0, 200000]"
2,overflow-one-long,1,overload,8728437,12974702,130616610,11,1,7,5,2,"[4, 1, 100000, 1000, 1, 0, 12, 0, 200000]"
2,overflow-one-long,1,reference,12830095,14775350,179893171,0,1,0,0,0,"[4, 1, 100000, 1000, 1, 0, 12, 0, 200000]"
2,overflow-one-long,1,ordering,7976525,12858777,122839996,11,1,9,3,2,"[4, 1, 100000, 1000, 1, 0, 12, 0, 200000]"
2,many-loops,2,reference,2978267,3510863,42434648,0,1;1,0,0,0,"[2, 2, 65536, 1000, 1, 0]"
2,many-loops,2,overload,3188133,3738759,45771323,22,1;1,11,1,3,"[2, 2, 65536, 1000, 1, 0]"
2,many-loops,2,ordering,2979920,3741488,44566455,22,1;1,7,5,3,"[2, 2, 65536, 1000, 1, 0]"
2,many-loops,2,joint,2944923,3497076,42885983,22,1;1,8,4,3,"[2, 2, 65536, 1000, 1, 0]"
8,overflow-unequal-loops,0,reference,6020653,11637720,88528501,0,1;6,0,0,0,"[10, 2, 100000, 1000, 3, 0]"
8,overflow-unequal-loops,0,ordering,5481829,12659125,100898524,22,1;5,6,6,3,"[10, 2, 100000, 1000, 3, 0]"
8,overflow-unequal-loops,0,joint,5046104,12670511,96848863,22,6;7,5,7,3,"[10, 2, 100000, 1000, 3, 0]"
8,overflow-unequal-loops,0,overload,5114014,11448671,94791925,22,6;7,2,10,3,"[10, 2, 100000, 1000, 3, 0]"
4,independent-doacross,2,ordering,6622710,11062106,106392293,22,1;1,10,2,3,"[6, 2, 65536, 1000, 1, 0, 12, 0, 150000, 1]"
4,independent-doacross,2,reference,8930241,10552944,125153026,0,1;1,0,0,0,"[6, 2, 65536, 1000, 1, 0, 12, 0, 150000, 1]"
4,independent-doacross,2,overload,6309504,10732310,102358246,22,1;1,9,3,3,"[6, 2, 65536, 1000, 1, 0, 12, 0, 150000, 1]"
4,independent-doacross,2,joint,6212628,10213496,101001943,22,1;1,8,4,3,"[6, 2, 65536, 1000, 1, 0, 12, 0, 150000, 1]"
8,overflow-short,1,overload,1490523,8882250,40779022,10,6,4,8,4,"[10, 1, 100000, 1000, 1, 0]"
8,overflow-short,1,reference,1646597,9011803,30643940,0,7,0,0,0,"[10, 1, 100000, 1000, 1, 0]"
8,overflow-short,1,joint,1455110,8658866,41419344,10,6,4,8,4,"[10, 1, 100000, 1000, 1, 0]"
8,overflow-short,1,ordering,1860661,8698009,45574182,7,7,7,5,7,"[10, 1, 100000, 1000, 1, 0]"
2,fits-mixed,2,ordering,4017725,4939969,58439951,11,1,11,1,14,"[1, 1, 100000, 1000, 1, 0]"
2,fits-mixed,2,joint,4116710,4133802,58624531,10,1,10,2,14,"[1, 1, 100000, 1000, 1, 0]"
2,fits-mixed,2,overload,4026629,4426343,57665009,11,1,0,0,14,"[1, 1, 100000, 1000, 1, 0]"
2,fits-mixed,2,reference,4029204,4225420,56475591,11,1,0,0,0,"[1, 1, 100000, 1000, 1, 0]"
8,many-loops,2,reference,4594487,4766906,65840530,0,1;1;1;1;1;1;1;1,0,0,0,"[2, 8, 65536, 1000, 1, 0]"
8,many-loops,2,ordering,5175359,7358871,105593193,88,1;1;1;1;1;1;1;1,7,5,3,"[2, 8, 65536, 1000, 1, 0]"
8,many-loops,2,joint,5354709,4643788,92134426,88,1;1;1;1;1;1;1;1,6,6,3,"[2, 8, 65536, 1000, 1, 0]"
8,many-loops,2,overload,5397482,4769858,93310652,56,1;1;1;1;1;1;1;1,3,9,7,"[2, 8, 65536, 1000, 1, 0]"
8,overflow-one-long,0,overload,8560773,16489038,145921754,11,5,6,6,3,"[10, 1, 100000, 1000, 1, 0, 12, 0, 200000]"
8,overflow-one-long,0,joint,8536453,16946430,142771683,11,5,8,4,3,"[10, 1, 100000, 1000, 1, 0, 12, 0, 200000]"
8,overflow-one-long,0,reference,9080771,16243561,134053500,0,7,0,0,0,"[10, 1, 100000, 1000, 1, 0, 12, 0, 200000]"
8,overflow-one-long,0,ordering,9219332,17233353,148559316,0,7,8,4,14,"[10, 1, 100000, 1000, 1, 0, 12, 0, 200000]"
4,overflow-one-long,1,reference,9592314,11669093,136014482,0,3,0,0,0,"[6, 1, 100000, 1000, 1, 0, 12, 0, 200000]"
4,overflow-one-long,1,overload,8657289,12117034,128974450,11,1,8,4,3,"[6, 1, 100000, 1000, 1, 0, 12, 0, 200000]"
4,overflow-one-long,1,joint,8014601,12485694,125723900,11,1,11,1,3,"[6, 1, 100000, 1000, 1, 0, 12, 0, 200000]"
4,overflow-one-long,1,ordering,9846667,12375926,144570903,0,3,8,4,14,"[6, 1, 100000, 1000, 1, 0, 12, 0, 200000]"
4,overflow-short,1,reference,1838280,3931953,27971552,0,3,0,0,0,"[6, 1, 100000, 1000, 1, 0]"
4,overflow-short,1,joint,2144502,3510497,33000448,5,3,9,3,9,"[6, 1, 100000, 1000, 1, 0]"
4,overflow-short,1,overload,2018105,3983890,34692387,10,3,10,2,4,"[6, 1, 100000, 1000, 1, 0]"
4,overflow-short,1,ordering,2020526,3504551,32696256,5,3,8,4,9,"[6, 1, 100000, 1000, 1, 0]"
2,fits-unequal-loops,1,reference,19330394,19833024,273582272,0,1;1,0,0,0,"[0, 2, 100000, 1000, 3, 0]"
2,fits-unequal-loops,1,overload,19015625,20539583,268883236,0,1;1,0,0,14,"[0, 2, 100000, 1000, 3, 0]"
2,fits-unequal-loops,1,joint,19201023,19570336,269737458,0,1;1,9,3,14,"[0, 2, 100000, 1000, 3, 0]"
2,fits-unequal-loops,1,ordering,19534765,20036998,274910434,0,1;1,11,1,14,"[0, 2, 100000, 1000, 3, 0]"
8,independent-doacross,0,ordering,6420974,14668958,119389326,22,1;1,8,4,3,"[10, 2, 65536, 1000, 1, 0, 12, 0, 150000, 1]"
8,independent-doacross,0,joint,6388419,15411942,121358579,22,1;1,7,5,3,"[10, 2, 65536, 1000, 1, 0, 12, 0, 150000, 1]"
8,independent-doacross,0,reference,8880639,16324240,132989267,0,1;1,0,0,0,"[10, 2, 65536, 1000, 1, 0, 12, 0, 150000, 1]"
8,independent-doacross,0,overload,6515848,15757103,121221826,22,1;1,7,5,3,"[10, 2, 65536, 1000, 1, 0, 12, 0, 150000, 1]"
8,tiny,2,reference,523645,7097344,14751787,0,1,0,0,0,"[10, 1, 1025, 16, 1, 0]"
8,tiny,2,ordering,808816,6985169,30734799,9,1,11,1,5,"[10, 1, 1025, 16, 1, 0]"
8,tiny,2,joint,228762,7002881,24484804,11,1,9,3,3,"[10, 1, 1025, 16, 1, 0]"
8,tiny,2,overload,316476,7272584,26142168,9,1,10,2,3,"[10, 1, 1025, 16, 1, 0]"
2,independent-doacross,0,joint,6286298,10025679,93934154,22,1;1,10,2,2,"[4, 2, 65536, 1000, 1, 0, 12, 0, 150000, 1]"
2,independent-doacross,0,reference,8779250,9315358,123109869,0,1;1,0,0,0,"[4, 2, 65536, 1000, 1, 0, 12, 0, 150000, 1]"
2,independent-doacross,0,ordering,6221115,10043114,97260259,22,1;1,10,2,2,"[4, 2, 65536, 1000, 1, 0, 12, 0, 150000, 1]"
2,independent-doacross,0,overload,6403184,9668167,96178144,22,1;1,9,3,2,"[4, 2, 65536, 1000, 1, 0, 12, 0, 150000, 1]"
8,fits-mixed,1,ordering,1238206,7407753,26401056,11,6,9,3,14,"[1, 1, 100000, 1000, 1, 0]"
8,fits-mixed,1,joint,1037583,7376307,23338725,11,7,8,4,3,"[1, 1, 100000, 1000, 1, 0]"
8,fits-mixed,1,overload,1254978,7628793,24382142,11,6,0,0,14,"[1, 1, 100000, 1000, 1, 0]"
8,fits-mixed,1,reference,1224121,7169381,23007615,11,6,0,0,0,"[1, 1, 100000, 1000, 1, 0]"
2,overflow-short,0,reference,4076111,5225914,59562426,0,1,0,0,0,"[4, 1, 100000, 1000, 1, 0]"
2,overflow-short,0,overload,4275242,4491630,60352612,11,1,10,2,3,"[4, 1, 100000, 1000, 1, 0]"
2,overflow-short,0,joint,4094776,4391088,59199269,11,1,11,1,3,"[4, 1, 100000, 1000, 1, 0]"
2,overflow-short,0,ordering,4167050,4685708,60059760,11,1,11,1,3,"[4, 1, 100000, 1000, 1, 0]"
4,many-loops,0,overload,3643877,3469620,55565299,44,1;1;1;1,7,5,3,"[2, 4, 65536, 1000, 1, 0]"
4,many-loops,0,reference,3437160,3671541,49026607,0,1;1;1;1,0,0,0,"[2, 4, 65536, 1000, 1, 0]"
4,many-loops,0,ordering,3645586,3875674,55577874,44,1;1;1;1,10,2,3,"[2, 4, 65536, 1000, 1, 0]"
4,many-loops,0,joint,3720519,4703445,56435403,44,1;1;1;1,10,2,3,"[2, 4, 65536, 1000, 1, 0]"
2,fits-mixed,0,ordering,4153304,4434356,59870353,11,1,11,1,14,"[1, 1, 100000, 1000, 1, 0]"
2,fits-mixed,0,overload,4030965,4120913,56098701,11,1,0,0,14,"[1, 1, 100000, 1000, 1, 0]"
2,fits-mixed,0,reference,3967068,3930097,54656686,11,1,0,0,0,"[1, 1, 100000, 1000, 1, 0]"
2,fits-mixed,0,joint,4088594,4134439,57266885,11,1,9,3,14,"[1, 1, 100000, 1000, 1, 0]"
2,overflow-all-long,2,ordering,16137162,18024297,240734164,11,1,11,1,3,"[4, 1, 100000, 150000, 1, 0]"
2,overflow-all-long,2,overload,16017700,18614856,229756970,11,1,11,1,3,"[4, 1, 100000, 150000, 1, 0]"
2,overflow-all-long,2,reference,16362816,18572578,234930615,0,1,0,0,0,"[4, 1, 100000, 150000, 1, 0]"
2,overflow-all-long,2,joint,16226527,18135491,230881657,11,1,11,1,3,"[4, 1, 100000, 150000, 1, 0]"
4,streaming,0,overload,972860,2327325,20087790,22,1;1,4,8,3,"[6, 2, 500000, 1000, 1, 0, 0]"
4,streaming,0,ordering,736102,2179218,16540632,22,1;1,7,5,3,"[6, 2, 500000, 1000, 1, 0, 0]"
4,streaming,0,reference,802376,3015796,15035994,0,1;1,0,0,0,"[6, 2, 500000, 1000, 1, 0, 0]"
4,streaming,0,joint,799759,2235422,17258137,22,1;1,5,7,3,"[6, 2, 500000, 1000, 1, 0, 0]"
2,overflow-unequal-loops,1,overload,19583679,19823349,273879623,22,1;1,10,2,3,"[4, 2, 100000, 1000, 3, 0]"
2,overflow-unequal-loops,1,ordering,19372346,20186138,273029210,22,1;1,9,3,3,"[4, 2, 100000, 1000, 3, 0]"
2,overflow-unequal-loops,1,joint,18990587,19694716,270845051,22,1;1,10,2,3,"[4, 2, 100000, 1000, 3, 0]"
2,overflow-unequal-loops,1,reference,19263385,19896814,271006972,0,1;1,0,0,0,"[4, 2, 100000, 1000, 3, 0]"
8,fits-unequal-loops,2,joint,4539904,10923053,74820868,0,7;7,7,5,3,"[0, 2, 100000, 1000, 3, 0]"
8,fits-unequal-loops,2,overload,5101527,11412983,79758825,0,1;5,0,0,14,"[0, 2, 100000, 1000, 3, 0]"
8,fits-unequal-loops,2,reference,5541751,10702680,80326981,0,1;5,0,0,0,"[0, 2, 100000, 1000, 3, 0]"
8,fits-unequal-loops,2,ordering,5085531,10537750,82890505,0,1;5,9,3,14,"[0, 2, 100000, 1000, 3, 0]"
4,overflow-one-long,2,overload,8536969,12380397,130785515,11,1,9,3,3,"[6, 1, 100000, 1000, 1, 0, 12, 0, 200000]"
4,overflow-one-long,2,joint,8628009,11594663,128464062,11,1,8,4,3,"[6, 1, 100000, 1000, 1, 0, 12, 0, 200000]"
4,overflow-one-long,2,ordering,9605658,11884783,139594276,0,3,8,4,14,"[6, 1, 100000, 1000, 1, 0, 12, 0, 200000]"
4,overflow-one-long,2,reference,9622010,12273588,139091454,0,3,0,0,0,"[6, 1, 100000, 1000, 1, 0, 12, 0, 200000]"
4,ordinary-only,1,ordering,6209153,7634718,91977360,0,,10,2,14,"[6, 0, 1000, 1000, 1, 0, 12, 0, 150000]"
4,ordinary-only,1,reference,5933902,7520615,85823994,0,,0,0,0,"[6, 0, 1000, 1000, 1, 0, 12, 0, 150000]"
4,ordinary-only,1,joint,6099770,7087489,88454842,0,,11,1,14,"[6, 0, 1000, 1000, 1, 0, 12, 0, 150000]"
4,ordinary-only,1,overload,5907231,7281370,87160719,0,,10,2,14,"[6, 0, 1000, 1000, 1, 0, 12, 0, 150000]"
2,overflow-one-long,0,ordering,7957047,13363677,123325973,11,1,8,4,2,"[4, 1, 100000, 1000, 1, 0, 12, 0, 200000]"
2,overflow-one-long,0,overload,8148502,12923979,123267001,11,1,11,1,2,"[4, 1, 100000, 1000, 1, 0, 12, 0, 200000]"
2,overflow-one-long,0,joint,7986380,13358368,123669001,11,1,10,2,2,"[4, 1, 100000, 1000, 1, 0, 12, 0, 200000]"
2,overflow-one-long,0,reference,11619539,13024616,165238398,0,1,0,0,0,"[4, 1, 100000, 1000, 1, 0, 12, 0, 200000]"
2,many-loops,0,overload,3072101,3631453,44102153,22,1;1,11,1,3,"[2, 2, 65536, 1000, 1, 0]"
2,many-loops,0,ordering,2799656,3782726,42259640,22,1;1,9,3,3,"[2, 2, 65536, 1000, 1, 0]"
2,many-loops,0,reference,2940155,3383552,42457410,0,1;1,0,0,0,"[2, 2, 65536, 1000, 1, 0]"
2,many-loops,0,joint,3075247,3360837,44801622,22,1;1,7,5,3,"[2, 2, 65536, 1000, 1, 0]"
8,overflow-short,0,reference,1690068,8322291,30188855,0,7,0,0,0,"[10, 1, 100000, 1000, 1, 0]"
8,overflow-short,0,overload,1457282,8008429,40134006,9,6,5,7,5,"[10, 1, 100000, 1000, 1, 0]"
8,overflow-short,0,joint,1361817,8812322,40964879,9,6,7,5,5,"[10, 1, 100000, 1000, 1, 0]"
8,overflow-short,0,ordering,1908739,8308052,45515394,6,7,7,5,8,"[10, 1, 100000, 1000, 1, 0]"
4,sequential-sites,2,ordering,6702032,8880138,98772658,0,3;3;3,10,2,14,"[0, 3, 65536, 1000, 3, 0, 12, 1]"
4,sequential-sites,2,overload,6665569,8334712,96574007,0,3;3;3,0,0,14,"[0, 3, 65536, 1000, 3, 0, 12, 1]"
4,sequential-sites,2,joint,6713022,8702036,96575907,0,3;3;3,10,2,14,"[0, 3, 65536, 1000, 3, 0, 12, 1]"
4,sequential-sites,2,reference,6954583,8717755,97462516,0,3;3;3,0,0,0,"[0, 3, 65536, 1000, 3, 0, 12, 1]"
8,fits-mixed,2,overload,1208712,7713045,23505656,11,6,0,0,14,"[1, 1, 100000, 1000, 1, 0]"
8,fits-mixed,2,joint,1052009,7307656,23589021,11,7,7,5,3,"[1, 1, 100000, 1000, 1, 0]"
8,fits-mixed,2,ordering,1275889,7138533,25887638,11,6,8,4,14,"[1, 1, 100000, 1000, 1, 0]"
8,fits-mixed,2,reference,1204423,7193113,22773484,11,6,0,0,0,"[1, 1, 100000, 1000, 1, 0]"
4,overflow-unequal-loops,2,ordering,10709254,12275541,155705783,22,1;2,6,6,3,"[6, 2, 100000, 1000, 3, 0]"
4,overflow-unequal-loops,2,joint,9121828,12687516,137619408,22,3;3,8,4,3,"[6, 2, 100000, 1000, 3, 0]"
4,overflow-unequal-loops,2,reference,10752115,11303316,153379259,0,1;2,0,0,0,"[6, 2, 100000, 1000, 3, 0]"
4,overflow-unequal-loops,2,overload,9253874,11142923,136393004,22,3;3,6,6,3,"[6, 2, 100000, 1000, 3, 0]"
8,independent-doacross,1,overload,6657127,15277471,123841063,22,1;1,8,4,3,"[10, 2, 65536, 1000, 1, 0, 12, 0, 150000, 1]"
8,independent-doacross,1,joint,6452206,15172567,120600102,22,1;1,4,8,3,"[10, 2, 65536, 1000, 1, 0, 12, 0, 150000, 1]"
8,independent-doacross,1,reference,8868576,15931810,132163656,0,1;1,0,0,0,"[10, 2, 65536, 1000, 1, 0, 12, 0, 150000, 1]"
8,independent-doacross,1,ordering,6699440,15211613,120892228,22,1;1,4,8,3,"[10, 2, 65536, 1000, 1, 0, 12, 0, 150000, 1]"
8,streaming,0,joint,1383316,7100074,39085067,22,1;1,4,8,3,"[10, 2, 500000, 1000, 1, 0, 0]"
8,streaming,0,overload,971008,7766424,35894466,22,1;1,5,7,3,"[10, 2, 500000, 1000, 1, 0, 0]"
8,streaming,0,ordering,1139872,7012249,38898321,22,1;1,5,7,3,"[10, 2, 500000, 1000, 1, 0, 0]"
8,streaming,0,reference,1239679,8352079,25229816,0,1;1,0,0,0,"[10, 2, 500000, 1000, 1, 0, 0]"
4,overflow-all-long,2,reference,14562400,17875154,209330257,0,3,0,0,0,"[6, 1, 100000, 150000, 1, 0]"
4,overflow-all-long,2,overload,13491826,17712016,197922897,11,1,11,1,3,"[6, 1, 100000, 150000, 1, 0]"
4,overflow-all-long,2,ordering,14321472,17423098,209613708,0,3,10,2,13,"[6, 1, 100000, 150000, 1, 0]"
4,overflow-all-long,2,joint,13415224,17267819,198569920,11,1,9,3,3,"[6, 1, 100000, 150000, 1, 0]"
4,overflow-short,2,ordering,2039428,3948986,34420373,9,3,9,3,5,"[6, 1, 100000, 1000, 1, 0]"
4,overflow-short,2,joint,1991278,4062199,31991541,2,3,9,3,12,"[6, 1, 100000, 1000, 1, 0]"
4,overflow-short,2,reference,1848006,3291464,28441947,0,3,0,0,0,"[6, 1, 100000, 1000, 1, 0]"
4,overflow-short,2,overload,1912101,3792262,32156094,9,3,9,3,5,"[6, 1, 100000, 1000, 1, 0]"
2,overflow-all-long,1,joint,15897776,18427476,226452344,11,1,10,2,3,"[4, 1, 100000, 150000, 1, 0]"
2,overflow-all-long,1,overload,16227480,18209657,230189191,11,1,10,2,3,"[4, 1, 100000, 150000, 1, 0]"
2,overflow-all-long,1,reference,16065364,18978895,228698236,0,1,0,0,0,"[4, 1, 100000, 150000, 1, 0]"
2,overflow-all-long,1,ordering,16826257,17443110,233599133,11,1,11,1,3,"[4, 1, 100000, 150000, 1, 0]"
4,fits-unequal-loops,1,ordering,10387188,11382586,146569385,0,1;2,10,2,14,"[0, 2, 100000, 1000, 3, 0]"
4,fits-unequal-loops,1,joint,8712044,11350813,126239647,0,3;3,8,4,2,"[0, 2, 100000, 1000, 3, 0]"
4,fits-unequal-loops,1,reference,10324146,11141348,146123157,0,1;2,0,0,0,"[0, 2, 100000, 1000, 3, 0]"
4,fits-unequal-loops,1,overload,10422159,11026555,147760417,0,1;2,0,0,14,"[0, 2, 100000, 1000, 3, 0]"
4,independent-doacross,0,overload,6189967,10773893,99656049,22,1;1,10,2,3,"[6, 2, 65536, 1000, 1, 0, 12, 0, 150000, 1]"
4,independent-doacross,0,joint,6227773,10110408,102039846,22,1;1,8,4,3,"[6, 2, 65536, 1000, 1, 0, 12, 0, 150000, 1]"
4,independent-doacross,0,ordering,6407925,11140880,104154390,22,1;1,9,3,3,"[6, 2, 65536, 1000, 1, 0, 12, 0, 150000, 1]"
4,independent-doacross,0,reference,8746839,11106390,125838643,0,1;1,0,0,0,"[6, 2, 65536, 1000, 1, 0, 12, 0, 150000, 1]"
4,sequential-sites,1,overload,6744252,8567716,97395239,0,3;3;3,0,0,14,"[0, 3, 65536, 1000, 3, 0, 12, 1]"
4,sequential-sites,1,ordering,6647287,8816604,96201250,0,3;3;3,9,3,14,"[0, 3, 65536, 1000, 3, 0, 12, 1]"
4,sequential-sites,1,reference,6961825,8085337,98162351,0,3;3;3,0,0,0,"[0, 3, 65536, 1000, 3, 0, 12, 1]"
4,sequential-sites,1,joint,7317858,9448197,104393969,0,3;3;3,7,5,14,"[0, 3, 65536, 1000, 3, 0, 12, 1]"
4,overflow-short,0,joint,2060066,3508514,34483827,1,3,7,5,13,"[6, 1, 100000, 1000, 1, 0]"
4,overflow-short,0,overload,2310606,4452229,38236570,10,3,10,2,4,"[6, 1, 100000, 1000, 1, 0]"
4,overflow-short,0,ordering,2334753,3631042,36542536,7,3,7,5,7,"[6, 1, 100000, 1000, 1, 0]"
4,overflow-short,0,reference,2098487,4464523,32586408,0,3,0,0,0,"[6, 1, 100000, 1000, 1, 0]"
2,overflow-short,2,reference,4483620,5225341,63451876,0,1,0,0,0,"[4, 1, 100000, 1000, 1, 0]"
2,overflow-short,2,joint,4432206,5157019,64636381,11,1,11,1,3,"[4, 1, 100000, 1000, 1, 0]"
2,overflow-short,2,overload,4287022,5242154,63900985,11,1,11,1,3,"[4, 1, 100000, 1000, 1, 0]"
2,overflow-short,2,ordering,4252319,4740289,61769122,11,1,10,2,3,"[4, 1, 100000, 1000, 1, 0]"
4,streaming,2,ordering,801062,2491519,18169016,22,1;1,7,5,3,"[6, 2, 500000, 1000, 1, 0, 0]"
4,streaming,2,joint,857687,2770972,19407022,22,1;1,6,6,3,"[6, 2, 500000, 1000, 1, 0, 0]"
4,streaming,2,overload,625896,2666847,17578941,22,1;1,5,7,3,"[6, 2, 500000, 1000, 1, 0, 0]"
4,streaming,2,reference,1013988,2646478,15238476,0,1;1,0,0,0,"[6, 2, 500000, 1000, 1, 0, 0]"
2,overflow-unequal-loops,0,reference,21982157,21912478,306198087,0,1;1,0,0,0,"[4, 2, 100000, 1000, 3, 0]"
2,overflow-unequal-loops,0,joint,21049400,21737763,298460621,22,1;1,7,5,3,"[4, 2, 100000, 1000, 3, 0]"
2,overflow-unequal-loops,0,overload,20756374,22137522,294044885,22,1;1,8,4,3,"[4, 2, 100000, 1000, 3, 0]"
2,overflow-unequal-loops,0,ordering,21324352,21140240,300564331,22,1;1,9,3,3,"[4, 2, 100000, 1000, 3, 0]"
4,overflow-unequal-loops,0,joint,9514293,13102752,147298447,22,3;3,7,5,3,"[6, 2, 100000, 1000, 3, 0]"
4,overflow-unequal-loops,0,reference,10732506,11832937,151073058,0,1;2,0,0,0,"[6, 2, 100000, 1000, 3, 0]"
4,overflow-unequal-loops,0,ordering,10093898,11903424,151611750,22,1;2,10,2,3,"[6, 2, 100000, 1000, 3, 0]"
4,overflow-unequal-loops,0,overload,9130292,12006660,138731594,22,3;3,10,2,3,"[6, 2, 100000, 1000, 3, 0]"
2,fits-mixed,1,joint,4101012,4126034,57740588,11,1,10,2,14,"[1, 1, 100000, 1000, 1, 0]"
2,fits-mixed,1,overload,3888401,4245351,55876374,11,1,0,0,14,"[1, 1, 100000, 1000, 1, 0]"
2,fits-mixed,1,ordering,4106547,5451903,61546409,11,1,9,3,14,"[1, 1, 100000, 1000, 1, 0]"
2,fits-mixed,1,reference,4076211,4344120,59138854,11,1,0,0,0,"[1, 1, 100000, 1000, 1, 0]"
8,overflow-unequal-loops,2,ordering,6248428,12089014,107692234,22,1;6,5,7,3,"[10, 2, 100000, 1000, 3, 0]"
8,overflow-unequal-loops,2,reference,5718781,10504968,87330733,0,1;6,0,0,0,"[10, 2, 100000, 1000, 3, 0]"
8,overflow-unequal-loops,2,overload,5123863,11396504,97367048,22,6;7,6,6,3,"[10, 2, 100000, 1000, 3, 0]"
8,overflow-unequal-loops,2,joint,5558687,12193092,101805088,22,6;7,5,7,3,"[10, 2, 100000, 1000, 3, 0]"
8,fits-unequal-loops,1,overload,5150327,10495717,78118427,0,1;6,0,0,14,"[0, 2, 100000, 1000, 3, 0]"
8,fits-unequal-loops,1,ordering,5280260,11643664,82565876,0,1;5,10,2,14,"[0, 2, 100000, 1000, 3, 0]"
8,fits-unequal-loops,1,reference,5018431,11474718,77050154,0,1;6,0,0,0,"[0, 2, 100000, 1000, 3, 0]"
8,fits-unequal-loops,1,joint,4554191,11725094,75077383,0,7;7,7,5,3,"[0, 2, 100000, 1000, 3, 0]"
8,ordinary-only,1,reference,6141827,7296830,88019882,0,,0,0,0,"[10, 0, 1000, 1000, 1, 0, 12, 0, 150000]"
8,ordinary-only,1,overload,6106512,7324992,99112351,0,,11,1,14,"[10, 0, 1000, 1000, 1, 0, 12, 0, 150000]"
8,ordinary-only,1,joint,5987830,8290259,100916267,0,,11,1,14,"[10, 0, 1000, 1000, 1, 0, 12, 0, 150000]"
8,ordinary-only,1,ordering,6272882,7910031,101952588,0,,9,3,14,"[10, 0, 1000, 1000, 1, 0, 12, 0, 150000]"
4,ordinary-only,0,ordering,5833544,8560692,89626264,0,,7,5,14,"[6, 0, 1000, 1000, 1, 0, 12, 0, 150000]"
4,ordinary-only,0,overload,5891630,8123428,89236526,0,,9,3,14,"[6, 0, 1000, 1000, 1, 0, 12, 0, 150000]"
4,ordinary-only,0,joint,5957169,7323965,88155370,0,,9,3,14,"[6, 0, 1000, 1000, 1, 0, 12, 0, 150000]"
4,ordinary-only,0,reference,5857630,7301638,83525173,0,,0,0,0,"[6, 0, 1000, 1000, 1, 0, 12, 0, 150000]"
8,overflow-all-long,2,reference,17801021,24481021,246587313,0,7,0,0,0,"[10, 1, 100000, 150000, 1, 0]"
8,overflow-all-long,2,ordering,15393790,23904523,230511547,0,7,9,3,3,"[10, 1, 100000, 150000, 1, 0]"
8,overflow-all-long,2,joint,14203633,23381914,221195127,11,1,9,3,3,"[10, 1, 100000, 150000, 1, 0]"
8,overflow-all-long,2,overload,14713631,23731900,227300000,11,1,9,3,3,"[10, 1, 100000, 150000, 1, 0]"
8,independent-doacross,2,ordering,6140443,14672198,112356079,22,1;1,6,6,3,"[10, 2, 65536, 1000, 1, 0, 12, 0, 150000, 1]"
8,independent-doacross,2,overload,6119265,13417439,112192431,22,1;1,7,5,3,"[10, 2, 65536, 1000, 1, 0, 12, 0, 150000, 1]"
8,independent-doacross,2,joint,5983430,14361414,111273957,22,1;1,7,5,3,"[10, 2, 65536, 1000, 1, 0, 12, 0, 150000, 1]"
8,independent-doacross,2,reference,8224911,13944846,120452966,0,1;1,0,0,0,"[10, 2, 65536, 1000, 1, 0, 12, 0, 150000, 1]"
4,independent-doacross,1,ordering,6063787,9389063,95755039,22,1;1,9,3,3,"[6, 2, 65536, 1000, 1, 0, 12, 0, 150000, 1]"
4,independent-doacross,1,overload,5930153,9828433,97097236,22,1;1,10,2,3,"[6, 2, 65536, 1000, 1, 0, 12, 0, 150000, 1]"
4,independent-doacross,1,reference,9049924,10221342,125729839,0,1;1,0,0,0,"[6, 2, 65536, 1000, 1, 0, 12, 0, 150000, 1]"
4,independent-doacross,1,joint,6661382,10877542,111266716,22,1;1,7,5,3,"[6, 2, 65536, 1000, 1, 0, 12, 0, 150000, 1]"
8,ordinary-only,2,ordering,5985429,7675116,106083122,0,,9,3,14,"[10, 0, 1000, 1000, 1, 0, 12, 0, 150000]"
8,ordinary-only,2,reference,6200477,8638089,90050776,0,,0,0,0,"[10, 0, 1000, 1000, 1, 0, 12, 0, 150000]"
8,ordinary-only,2,joint,5974848,7880786,97582229,0,,9,3,14,"[10, 0, 1000, 1000, 1, 0, 12, 0, 150000]"
8,ordinary-only,2,overload,6029373,7758050,97550024,0,,9,3,14,"[10, 0, 1000, 1000, 1, 0, 12, 0, 150000]"
2,streaming,0,ordering,593639,1054428,10939314,22,1;1,8,4,3,"[4, 2, 500000, 1000, 1, 0, 0]"
2,streaming,0,joint,494841,1122028,9559185,22,1;1,7,5,3,"[4, 2, 500000, 1000, 1, 0, 0]"
2,streaming,0,overload,520223,1261809,10548887,22,1;1,3,9,3,"[4, 2, 500000, 1000, 1, 0, 0]"
2,streaming,0,reference,554709,1426207,9823725,0,1;1,0,0,0,"[4, 2, 500000, 1000, 1, 0, 0]"
2,overflow-short,1,joint,3744495,4445643,55375237,11,1,7,5,3,"[4, 1, 100000, 1000, 1, 0]"
2,overflow-short,1,overload,3753406,3925015,54605950,11,1,8,4,3,"[4, 1, 100000, 1000, 1, 0]"
2,overflow-short,1,reference,3785329,3877715,54005099,0,1,0,0,0,"[4, 1, 100000, 1000, 1, 0]"
2,overflow-short,1,ordering,3806829,4363104,55907048,11,1,5,7,3,"[4, 1, 100000, 1000, 1, 0]"
4,tiny,0,ordering,339455,1675312,9407954,2,1,5,7,11,"[6, 1, 1025, 16, 1, 0]"
4,tiny,0,joint,341492,1823493,9684595,3,1,9,3,7,"[6, 1, 1025, 16, 1, 0]"
4,tiny,0,reference,319090,1746652,5577829,0,1,0,0,0,"[6, 1, 1025, 16, 1, 0]"
4,tiny,0,overload,218395,1790183,8150449,7,1,7,5,7,"[6, 1, 1025, 16, 1, 0]"
4,fits-mixed,0,joint,1518363,2988912,26012235,11,3,9,3,3,"[1, 1, 100000, 1000, 1, 0]"
4,fits-mixed,0,overload,2106077,3344638,31522187,11,2,0,0,14,"[1, 1, 100000, 1000, 1, 0]"
4,fits-mixed,0,reference,2114250,3251857,33068405,11,2,0,0,0,"[1, 1, 100000, 1000, 1, 0]"
4,fits-mixed,0,ordering,2168407,3048745,34249684,11,2,7,5,14,"[1, 1, 100000, 1000, 1, 0]"
8,sequential-sites,2,joint,3644973,10672983,59799404,0,7;7;7,9,3,14,"[0, 3, 65536, 1000, 3, 0, 12, 1]"
8,sequential-sites,2,ordering,3832590,9701297,60102524,0,7;7;7,9,3,14,"[0, 3, 65536, 1000, 3, 0, 12, 1]"
8,sequential-sites,2,overload,3579861,10043040,57287155,0,7;7;7,0,0,14,"[0, 3, 65536, 1000, 3, 0, 12, 1]"
8,sequential-sites,2,reference,6228106,13404455,95618988,0,7;7;7,0,0,0,"[0, 3, 65536, 1000, 3, 0, 12, 1]"
2,ordinary-only,1,ordering,5530429,7107582,79796358,0,,11,1,14,"[4, 0, 1000, 1000, 1, 0, 12, 0, 150000]"
2,ordinary-only,1,joint,5466804,7192342,79745552,0,,11,1,14,"[4, 0, 1000, 1000, 1, 0, 12, 0, 150000]"
2,ordinary-only,1,reference,5521815,6799996,77067291,0,,0,0,0,"[4, 0, 1000, 1000, 1, 0, 12, 0, 150000]"
2,ordinary-only,1,overload,5360171,6662255,78733257,0,,11,1,14,"[4, 0, 1000, 1000, 1, 0, 12, 0, 150000]"
4,overflow-unequal-loops,1,joint,8393974,10442233,126388959,22,3;3,7,5,3,"[6, 2, 100000, 1000, 3, 0]"
4,overflow-unequal-loops,1,ordering,9422549,10502027,136828139,22,1;2,9,3,3,"[6, 2, 100000, 1000, 3, 0]"
4,overflow-unequal-loops,1,overload,8245180,10356449,123019127,22,3;3,9,3,3,"[6, 2, 100000, 1000, 3, 0]"
4,overflow-unequal-loops,1,reference,9778199,11457622,139671755,0,1;2,0,0,0,"[6, 2, 100000, 1000, 3, 0]"
4,overflow-all-long,0,reference,13028652,17958086,187898843,0,3,0,0,0,"[6, 1, 100000, 150000, 1, 0]"
4,overflow-all-long,0,joint,12515833,16192584,182931294,11,1,10,2,3,"[6, 1, 100000, 150000, 1, 0]"
4,overflow-all-long,0,overload,12165951,16344898,179891874,11,1,10,2,3,"[6, 1, 100000, 150000, 1, 0]"
4,overflow-all-long,0,ordering,13346019,15643142,192660067,0,3,9,3,3,"[6, 1, 100000, 150000, 1, 0]"
2,fits-unequal-loops,0,ordering,17716473,18084478,249267960,0,1;1,10,2,14,"[0, 2, 100000, 1000, 3, 0]"
2,fits-unequal-loops,0,reference,17556780,18732769,248447497,0,1;1,0,0,0,"[0, 2, 100000, 1000, 3, 0]"
2,fits-unequal-loops,0,overload,17474578,17693010,246484311,0,1;1,0,0,14,"[0, 2, 100000, 1000, 3, 0]"
2,fits-unequal-loops,0,joint,19385368,17808680,265262656,0,1;1,8,4,14,"[0, 2, 100000, 1000, 3, 0]"
4,tiny,2,ordering,437271,2356162,12289414,3,1,8,4,10,"[6, 1, 1025, 16, 1, 0]"
4,tiny,2,reference,322745,2214767,6606722,0,1,0,0,0,"[6, 1, 1025, 16, 1, 0]"
4,tiny,2,joint,235224,1968980,10457486,11,1,8,4,3,"[6, 1, 1025, 16, 1, 0]"
4,tiny,2,overload,245948,2430479,10223075,10,1,7,5,4,"[6, 1, 1025, 16, 1, 0]"
8,fits-mixed,0,joint,1047400,7296552,23828623,11,7,8,4,3,"[1, 1, 100000, 1000, 1, 0]"
8,fits-mixed,0,overload,1174737,7217372,22647982,11,6,0,0,14,"[1, 1, 100000, 1000, 1, 0]"
8,fits-mixed,0,ordering,1277045,7582300,29059827,11,6,9,3,14,"[1, 1, 100000, 1000, 1, 0]"
8,fits-mixed,0,reference,1202780,6082695,21668530,11,6,0,0,0,"[1, 1, 100000, 1000, 1, 0]"
2,overflow-all-long,0,reference,16827155,20561724,240507482,0,1,0,0,0,"[4, 1, 100000, 150000, 1, 0]"
2,overflow-all-long,0,ordering,16758363,18277152,240592110,11,1,10,2,3,"[4, 1, 100000, 150000, 1, 0]"
2,overflow-all-long,0,joint,16528700,21881066,235932929,11,1,10,2,2,"[4, 1, 100000, 150000, 1, 0]"
2,overflow-all-long,0,overload,15905537,18527070,230937742,11,1,10,2,3,"[4, 1, 100000, 150000, 1, 0]"
4,overflow-all-long,1,reference,15147141,19052312,214144926,0,3,0,0,0,"[6, 1, 100000, 150000, 1, 0]"
4,overflow-all-long,1,joint,12739909,22813632,202671966,11,1,11,1,3,"[6, 1, 100000, 150000, 1, 0]"
4,overflow-all-long,1,ordering,13631165,17240054,197077189,0,3,8,4,3,"[6, 1, 100000, 150000, 1, 0]"
4,overflow-all-long,1,overload,12385672,18889230,187913769,11,1,9,3,3,"[6, 1, 100000, 150000, 1, 0]"
8,ordinary-only,0,overload,5695642,7149546,93412446,0,,7,5,14,"[10, 0, 1000, 1000, 1, 0, 12, 0, 150000]"
8,ordinary-only,0,reference,6290984,6749096,87208428,0,,0,0,0,"[10, 0, 1000, 1000, 1, 0, 12, 0, 150000]"
8,ordinary-only,0,joint,6478879,7801567,104864206,0,,8,4,14,"[10, 0, 1000, 1000, 1, 0, 12, 0, 150000]"
8,ordinary-only,0,ordering,7109398,8218088,115726582,0,,11,1,14,"[10, 0, 1000, 1000, 1, 0, 12, 0, 150000]"
8,many-loops,0,joint,6264157,5486329,111092556,80,1;1;1;1;1;1;1;1,6,6,4,"[2, 8, 65536, 1000, 1, 0]"
8,many-loops,0,ordering,4684805,4480491,86763120,88,1;1;1;1;1;1;1;1,7,5,3,"[2, 8, 65536, 1000, 1, 0]"
8,many-loops,0,overload,4861337,4415714,86537988,88,1;1;1;1;1;1;1;1,5,7,3,"[2, 8, 65536, 1000, 1, 0]"
8,many-loops,0,reference,4310061,4154150,60807714,0,1;1;1;1;1;1;1;1,0,0,0,"[2, 8, 65536, 1000, 1, 0]"
8,overflow-one-long,2,joint,7897032,15214026,132027904,11,5,10,2,3,"[10, 1, 100000, 1000, 1, 0, 12, 0, 200000]"
8,overflow-one-long,2,overload,8040450,15942565,133563933,11,5,7,5,3,"[10, 1, 100000, 1000, 1, 0, 12, 0, 200000]"
8,overflow-one-long,2,reference,8337595,14801223,123376649,0,7,0,0,0,"[10, 1, 100000, 1000, 1, 0, 12, 0, 200000]"
8,overflow-one-long,2,ordering,8478428,15638550,140541995,0,7,7,5,14,"[10, 1, 100000, 1000, 1, 0, 12, 0, 200000]"
4,fits-unequal-loops,0,overload,9579412,10287334,135558729,0,1;2,0,0,14,"[0, 2, 100000, 1000, 3, 0]"
4,fits-unequal-loops,0,reference,9412050,10657624,133515048,0,1;2,0,0,0,"[0, 2, 100000, 1000, 3, 0]"
4,fits-unequal-loops,0,ordering,9362752,10596950,134293460,0,1;2,10,2,14,"[0, 2, 100000, 1000, 3, 0]"
4,fits-unequal-loops,0,joint,7930715,10432265,116378525,0,3;3,9,3,2,"[0, 2, 100000, 1000, 3, 0]"
2,ordinary-only,0,joint,5492651,7273177,80489086,0,,11,1,14,"[4, 0, 1000, 1000, 1, 0, 12, 0, 150000]"
2,ordinary-only,0,ordering,5344411,6555531,78374522,0,,9,3,14,"[4, 0, 1000, 1000, 1, 0, 12, 0, 150000]"
2,ordinary-only,0,reference,5316328,6639126,76752168,0,,0,0,0,"[4, 0, 1000, 1000, 1, 0, 12, 0, 150000]"
2,ordinary-only,0,overload,5431336,6874465,79233259,0,,11,1,14,"[4, 0, 1000, 1000, 1, 0, 12, 0, 150000]"
8,many-loops,1,ordering,4832746,4569752,83163912,88,1;1;1;1;1;1;1;1,7,5,3,"[2, 8, 65536, 1000, 1, 0]"
8,many-loops,1,overload,4764892,4891072,84070547,80,1;1;1;1;1;1;1;1,5,7,4,"[2, 8, 65536, 1000, 1, 0]"
8,many-loops,1,reference,4157281,4509119,59170834,0,1;1;1;1;1;1;1;1,0,0,0,"[2, 8, 65536, 1000, 1, 0]"
8,many-loops,1,joint,4716939,4496869,85938100,80,1;1;1;1;1;1;1;1,4,8,4,"[2, 8, 65536, 1000, 1, 0]"
2,overflow-unequal-loops,2,joint,17723454,18671440,252187815,22,1;1,7,5,3,"[4, 2, 100000, 1000, 3, 0]"
2,overflow-unequal-loops,2,overload,17874922,17711121,249309560,22,1;1,8,4,3,"[4, 2, 100000, 1000, 3, 0]"
2,overflow-unequal-loops,2,ordering,17546367,18876525,249554305,22,1;1,9,3,3,"[4, 2, 100000, 1000, 3, 0]"
2,overflow-unequal-loops,2,reference,17637923,17709454,248546904,0,1;1,0,0,0,"[4, 2, 100000, 1000, 3, 0]"
2,independent-doacross,2,ordering,5525534,9638073,84986459,22,1;1,9,3,2,"[4, 2, 65536, 1000, 1, 0, 12, 0, 150000, 1]"
2,independent-doacross,2,overload,5351060,8562229,83335372,22,1;1,10,2,2,"[4, 2, 65536, 1000, 1, 0, 12, 0, 150000, 1]"
2,independent-doacross,2,reference,8064951,9579432,115574676,0,1;1,0,0,0,"[4, 2, 65536, 1000, 1, 0, 12, 0, 150000, 1]"
2,independent-doacross,2,joint,5846553,9843466,91012700,22,1;1,10,2,2,"[4, 2, 65536, 1000, 1, 0, 12, 0, 150000, 1]"
2,many-loops,1,joint,2579233,2950156,38849273,22,1;1,11,1,3,"[2, 2, 65536, 1000, 1, 0]"
2,many-loops,1,ordering,2688866,3759752,41626740,22,1;1,9,3,3,"[2, 2, 65536, 1000, 1, 0]"
2,many-loops,1,overload,3053893,3313706,43346281,22,1;1,6,6,3,"[2, 2, 65536, 1000, 1, 0]"
2,many-loops,1,reference,2690543,3205255,40494399,0,1;1,0,0,0,"[2, 2, 65536, 1000, 1, 0]"
2,sequential-sites,0,reference,15953824,16625432,225357974,0,1;1;1,0,0,0,"[0, 3, 65536, 1000, 3, 0, 12, 1]"
2,sequential-sites,0,ordering,16029170,16405499,225043924,0,1;1;1,11,1,14,"[0, 3, 65536, 1000, 3, 0, 12, 1]"
2,sequential-sites,0,joint,15969005,15766357,223726984,0,1;1;1,10,2,14,"[0, 3, 65536, 1000, 3, 0, 12, 1]"
2,sequential-sites,0,overload,15992086,16479035,225121665,0,1;1;1,0,0,14,"[0, 3, 65536, 1000, 3, 0, 12, 1]"
4,many-loops,2,ordering,3383458,3659070,51711237,44,1;1;1;1,9,3,3,"[2, 4, 65536, 1000, 1, 0]"
4,many-loops,2,overload,3318390,3710574,52766976,44,1;1;1;1,9,3,3,"[2, 4, 65536, 1000, 1, 0]"
4,many-loops,2,reference,3078997,3671809,44184358,0,1;1;1;1,0,0,0,"[2, 4, 65536, 1000, 1, 0]"
4,many-loops,2,joint,2990778,4151936,50546763,44,1;1;1;1,9,3,3,"[2, 4, 65536, 1000, 1, 0]"
2,fits-unequal-loops,2,joint,17794453,18692847,256547820,0,1;1,10,2,14,"[0, 2, 100000, 1000, 3, 0]"
2,fits-unequal-loops,2,reference,17887228,18368450,251338562,0,1;1,0,0,0,"[0, 2, 100000, 1000, 3, 0]"
2,fits-unequal-loops,2,ordering,17903335,18245252,251653753,0,1;1,9,3,14,"[0, 2, 100000, 1000, 3, 0]"
2,fits-unequal-loops,2,overload,17773065,19092202,251379469,0,1;1,0,0,14,"[0, 2, 100000, 1000, 3, 0]"
4,fits-mixed,1,joint,1429812,3015721,25420970,11,3,9,3,3,"[1, 1, 100000, 1000, 1, 0]"
4,fits-mixed,1,ordering,2226982,3442155,34013739,11,2,9,3,14,"[1, 1, 100000, 1000, 1, 0]"
4,fits-mixed,1,reference,2110458,2763810,31106016,11,2,0,0,0,"[1, 1, 100000, 1000, 1, 0]"
4,fits-mixed,1,overload,2207319,3033136,31191941,11,2,0,0,14,"[1, 1, 100000, 1000, 1, 0]"
