p,case,run,policy,steady_ns,first_ns,all14_ns,early_loops,widths,cache_hits,plans,reference_calls,level_prediction_ns,predicted_samples,args
2,tiny,1,overload,41464,887280,4836679,11,1,9,3,3,41691,11,"[4, 1, 1025, 16, 1, 0]"
2,tiny,1,joint,41685,827031,4922277,11,1,9,3,3,40793,11,"[4, 1, 1025, 16, 1, 0]"
2,tiny,1,ordering,41635,738593,4451114,11,1,9,3,3,42352,11,"[4, 1, 1025, 16, 1, 0]"
2,tiny,1,reference,179612,504114,2883126,0,1,0,0,0,0,0,"[4, 1, 1025, 16, 1, 0]"
4,fits-mixed,2,joint,1488467,3205262,26633485,11,3,6,6,3,1410449,11,"[1, 1, 100000, 1000, 1, 0]"
4,fits-mixed,2,reference,2101825,2876323,31137781,11,2,0,0,0,0,0,"[1, 1, 100000, 1000, 1, 0]"
4,fits-mixed,2,overload,2159855,4295711,33544656,11,2,0,0,14,0,0,"[1, 1, 100000, 1000, 1, 0]"
4,fits-mixed,2,ordering,2093379,3387690,33073142,11,2,6,6,3,1914468,11,"[1, 1, 100000, 1000, 1, 0]"
8,sequential-sites,1,joint,3815827,11815988,72292612,0,7;7;7,9,3,5,2842822,11,"[0, 3, 65536, 1000, 3, 0, 12, 1]"
8,sequential-sites,1,overload,4052428,12390288,65456339,0,7;7;7,0,0,14,0,0,"[0, 3, 65536, 1000, 3, 0, 12, 1]"
8,sequential-sites,1,reference,4131843,10360921,65264437,0,7;7;7,0,0,0,0,0,"[0, 3, 65536, 1000, 3, 0, 12, 1]"
8,sequential-sites,1,ordering,3651734,10220445,59193616,0,7;7;7,8,4,6,2828864,11,"[0, 3, 65536, 1000, 3, 0, 12, 1]"
8,overflow-short,2,ordering,1462414,8766546,53860225,11,7,7,5,3,1167476,11,"[10, 1, 100000, 1000, 1, 0]"
8,overflow-short,2,overload,1287193,8182104,50959783,11,6,8,4,3,958158,11,"[10, 1, 100000, 1000, 1, 0]"
8,overflow-short,2,joint,1543910,7444720,53383644,11,6,7,5,3,991275,11,"[10, 1, 100000, 1000, 1, 0]"
8,overflow-short,2,reference,1624242,8862663,30376256,0,7,0,0,0,0,0,"[10, 1, 100000, 1000, 1, 0]"
8,streaming,1,ordering,1068424,8764661,54028842,22,1;1,3,9,3,656784,11,"[10, 2, 500000, 1000, 1, 0, 0]"
8,streaming,1,overload,1451043,7871467,57094016,22,1;1,4,8,3,726303,11,"[10, 2, 500000, 1000, 1, 0, 0]"
8,streaming,1,joint,1566895,7408284,58294151,22,1;1,2,10,3,698942,11,"[10, 2, 500000, 1000, 1, 0, 0]"
8,streaming,1,reference,1292354,7143316,25304109,0,1;1,0,0,0,0,0,"[10, 2, 500000, 1000, 1, 0, 0]"
4,overflow-one-long,0,ordering,8908993,11437688,133044049,0,3,9,3,5,9066440,11,"[6, 1, 100000, 1000, 1, 0, 12, 0, 200000]"
4,overflow-one-long,0,reference,8964031,11098807,127480213,0,3,0,0,0,0,0,"[6, 1, 100000, 1000, 1, 0, 12, 0, 200000]"
4,overflow-one-long,0,joint,7735152,11620586,121655649,11,1,9,3,3,7932675,11,"[6, 1, 100000, 1000, 1, 0, 12, 0, 200000]"
4,overflow-one-long,0,overload,7663026,11385029,122909503,11,1,9,3,3,7915855,11,"[6, 1, 100000, 1000, 1, 0, 12, 0, 200000]"
8,overflow-all-long,1,joint,14320209,21644236,233406630,11,1,8,4,3,14682124,11,"[10, 1, 100000, 150000, 1, 0]"
8,overflow-all-long,1,reference,14446524,22154547,210162053,0,7,0,0,0,0,0,"[10, 1, 100000, 150000, 1, 0]"
8,overflow-all-long,1,overload,13975803,22695131,232204754,11,1,9,3,3,14705284,11,"[10, 1, 100000, 150000, 1, 0]"
8,overflow-all-long,1,ordering,14771045,21958622,237086148,0,7,11,1,14,14835697,11,"[10, 1, 100000, 150000, 1, 0]"
4,ordinary-only,2,joint,5670244,13194657,87648560,0,,10,4,1,6024004,11,"[6, 0, 1000, 1000, 1, 0, 12, 0, 150000]"
4,ordinary-only,2,overload,5613466,12355687,86456080,0,,11,3,1,6193890,11,"[6, 0, 1000, 1000, 1, 0, 12, 0, 150000]"
4,ordinary-only,2,reference,6310502,6476138,87202733,0,,0,0,0,0,0,"[6, 0, 1000, 1000, 1, 0, 12, 0, 150000]"
4,ordinary-only,2,ordering,5650872,12591327,87620330,0,,10,4,1,5843786,11,"[6, 0, 1000, 1000, 1, 0, 12, 0, 150000]"
2,sequential-sites,1,ordering,16579742,17262229,234855331,0,1;1;1,11,1,4,17591665,11,"[0, 3, 65536, 1000, 3, 0, 12, 1]"
2,sequential-sites,1,reference,16833977,16513574,234291753,0,1;1;1,0,0,0,0,0,"[0, 3, 65536, 1000, 3, 0, 12, 1]"
2,sequential-sites,1,joint,16212459,17909227,228820377,0,1;1;1,10,2,6,16798820,11,"[0, 3, 65536, 1000, 3, 0, 12, 1]"
2,sequential-sites,1,overload,16346822,16880610,229452345,0,1;1;1,0,0,14,0,0,"[0, 3, 65536, 1000, 3, 0, 12, 1]"
8,tiny,0,ordering,160791,6585975,32802610,11,1,4,8,3,159623,11,"[10, 1, 1025, 16, 1, 0]"
8,tiny,0,reference,468128,7423343,13719907,0,1,0,0,0,0,0,"[10, 1, 1025, 16, 1, 0]"
8,tiny,0,overload,48064,7327637,33305575,11,1,8,4,3,49053,11,"[10, 1, 1025, 16, 1, 0]"
8,tiny,0,joint,221887,7724491,33212905,11,1,5,7,3,220312,11,"[10, 1, 1025, 16, 1, 0]"
8,tiny,1,overload,66235,7259014,33840535,11,1,6,6,3,52907,11,"[10, 1, 1025, 16, 1, 0]"
8,tiny,1,reference,509539,7140708,13950428,0,1,0,0,0,0,0,"[10, 1, 1025, 16, 1, 0]"
8,tiny,1,ordering,51940,7329590,33635109,11,1,7,5,3,49741,11,"[10, 1, 1025, 16, 1, 0]"
8,tiny,1,joint,51039,7496534,32966382,11,1,6,6,3,51700,11,"[10, 1, 1025, 16, 1, 0]"
2,tiny,2,reference,179647,475248,2920877,0,1,0,0,0,0,0,"[4, 1, 1025, 16, 1, 0]"
2,tiny,2,overload,43806,1027247,4974991,11,1,9,3,3,41687,11,"[4, 1, 1025, 16, 1, 0]"
2,tiny,2,ordering,106215,776566,4725811,11,1,5,7,3,107337,11,"[4, 1, 1025, 16, 1, 0]"
2,tiny,2,joint,42434,752844,4250951,11,1,7,5,3,42596,11,"[4, 1, 1025, 16, 1, 0]"
8,fits-unequal-loops,0,overload,4636240,10299299,73637861,0,1;5,0,0,14,0,0,"[0, 2, 100000, 1000, 3, 0]"
8,fits-unequal-loops,0,joint,4303863,10027525,69430586,0,7;7,9,3,3,3389905,11,"[0, 2, 100000, 1000, 3, 0]"
8,fits-unequal-loops,0,reference,4425734,10814685,71042325,0,1;6,0,0,0,0,0,"[0, 2, 100000, 1000, 3, 0]"
8,fits-unequal-loops,0,ordering,4633005,9640963,73547893,0,1;6,11,1,3,3833246,11,"[0, 2, 100000, 1000, 3, 0]"
2,independent-doacross,1,ordering,5947428,10120417,96209589,22,1;1,8,4,3,6201124,11,"[4, 2, 65536, 1000, 1, 0, 12, 0, 150000, 1]"
2,independent-doacross,1,overload,6002403,9806553,99932106,22,1;1,9,3,3,6341209,11,"[4, 2, 65536, 1000, 1, 0, 12, 0, 150000, 1]"
2,independent-doacross,1,reference,8319285,8976660,117613613,0,1;1,0,0,0,0,0,"[4, 2, 65536, 1000, 1, 0, 12, 0, 150000, 1]"
2,independent-doacross,1,joint,5980636,10819777,96346882,22,1;1,9,3,3,5883899,11,"[4, 2, 65536, 1000, 1, 0, 12, 0, 150000, 1]"
2,ordinary-only,2,joint,5538711,9451476,82690123,0,,11,3,1,6315580,11,"[4, 0, 1000, 1000, 1, 0, 12, 0, 150000]"
2,ordinary-only,2,overload,5464959,8362090,81743539,0,,11,3,13,5991970,11,"[4, 0, 1000, 1000, 1, 0, 12, 0, 150000]"
2,ordinary-only,2,reference,6074389,6575637,83662223,0,,0,0,0,0,0,"[4, 0, 1000, 1000, 1, 0, 12, 0, 150000]"
2,ordinary-only,2,ordering,5528713,8698734,81441778,0,,11,3,1,6215424,11,"[4, 0, 1000, 1000, 1, 0, 12, 0, 150000]"
4,sequential-sites,0,overload,6453590,7942622,92636304,0,3;3;3,0,0,14,0,0,"[0, 3, 65536, 1000, 3, 0, 12, 1]"
4,sequential-sites,0,joint,6395001,8722461,93102760,0,3;3;3,8,4,6,5841317,11,"[0, 3, 65536, 1000, 3, 0, 12, 1]"
4,sequential-sites,0,ordering,6372968,7936672,91085646,0,3;3;3,9,3,5,5797194,11,"[0, 3, 65536, 1000, 3, 0, 12, 1]"
4,sequential-sites,0,reference,7221186,7388392,96270732,0,3;3;3,0,0,0,0,0,"[0, 3, 65536, 1000, 3, 0, 12, 1]"
2,streaming,1,joint,916647,1852974,20495149,22,1;1,8,4,3,498862,11,"[4, 2, 500000, 1000, 1, 0, 0]"
2,streaming,1,ordering,958569,1600407,17784613,22,1;1,6,6,3,468956,11,"[4, 2, 500000, 1000, 1, 0, 0]"
2,streaming,1,overload,898997,1657390,16940609,22,1;1,7,5,3,531404,11,"[4, 2, 500000, 1000, 1, 0, 0]"
2,streaming,1,reference,798626,1423421,12271219,0,1;1,0,0,0,0,0,"[4, 2, 500000, 1000, 1, 0, 0]"
2,overflow-one-long,2,reference,11096498,12247029,158183611,0,1,0,0,0,0,0,"[4, 1, 100000, 1000, 1, 0, 12, 0, 200000]"
2,overflow-one-long,2,overload,7673796,12277633,118012986,11,1,8,4,2,7684251,11,"[4, 1, 100000, 1000, 1, 0, 12, 0, 200000]"
2,overflow-one-long,2,joint,8134185,13543828,128264168,11,1,7,5,2,8469223,11,"[4, 1, 100000, 1000, 1, 0, 12, 0, 200000]"
2,overflow-one-long,2,ordering,8032548,12434621,122104282,11,1,10,2,2,8047742,11,"[4, 1, 100000, 1000, 1, 0, 12, 0, 200000]"
8,overflow-one-long,1,joint,7776296,17285198,145317754,11,1,7,5,3,7935493,11,"[10, 1, 100000, 1000, 1, 0, 12, 0, 200000]"
8,overflow-one-long,1,ordering,8906808,15379284,155930633,0,7,7,5,3,8522490,11,"[10, 1, 100000, 1000, 1, 0, 12, 0, 200000]"
8,overflow-one-long,1,overload,7844051,15870790,145848959,11,1,5,7,3,8051339,11,"[10, 1, 100000, 1000, 1, 0, 12, 0, 200000]"
8,overflow-one-long,1,reference,8433592,15553766,126379576,0,7,0,0,0,0,0,"[10, 1, 100000, 1000, 1, 0, 12, 0, 200000]"
4,tiny,1,ordering,43175,2070408,9372207,11,1,9,3,3,45008,11,"[6, 1, 1025, 16, 1, 0]"
4,tiny,1,overload,138019,1944980,10034840,11,1,4,8,3,140785,11,"[6, 1, 1025, 16, 1, 0]"
4,tiny,1,reference,285351,1675209,5244064,0,1,0,0,0,0,0,"[6, 1, 1025, 16, 1, 0]"
4,tiny,1,joint,50117,2076015,10102462,11,1,7,5,3,45384,11,"[6, 1, 1025, 16, 1, 0]"
4,fits-unequal-loops,2,reference,9667286,10796936,138802142,0,1;2,0,0,0,0,0,"[0, 2, 100000, 1000, 3, 0]"
4,fits-unequal-loops,2,joint,8170226,10894608,121735027,0,3;3,8,4,3,7417756,11,"[0, 2, 100000, 1000, 3, 0]"
4,fits-unequal-loops,2,overload,9641383,10902162,138095529,0,1;2,0,0,14,0,0,"[0, 2, 100000, 1000, 3, 0]"
4,fits-unequal-loops,2,ordering,9880368,10845789,141097912,0,1;2,7,5,7,9322196,11,"[0, 2, 100000, 1000, 3, 0]"
8,overflow-all-long,0,overload,13935247,21710478,228299729,11,1,9,3,3,14446659,11,"[10, 1, 100000, 150000, 1, 0]"
8,overflow-all-long,0,joint,15060643,22237956,240126828,11,1,9,3,3,14879497,11,"[10, 1, 100000, 150000, 1, 0]"
8,overflow-all-long,0,reference,14775763,22036460,210379752,0,7,0,0,0,0,0,"[10, 1, 100000, 150000, 1, 0]"
8,overflow-all-long,0,ordering,14929745,22734139,237129190,0,7,10,2,14,15055581,11,"[10, 1, 100000, 150000, 1, 0]"
4,many-loops,1,ordering,3108328,3749086,54803336,44,1;1;1;1,11,1,3,2662444,11,"[2, 4, 65536, 1000, 1, 0]"
4,many-loops,1,joint,3389769,3590821,54857366,44,1;1;1;1,10,2,3,2834707,11,"[2, 4, 65536, 1000, 1, 0]"
4,many-loops,1,reference,3072655,3419445,45799049,0,1;1;1;1,0,0,0,0,0,"[2, 4, 65536, 1000, 1, 0]"
4,many-loops,1,overload,3292956,3688486,54499943,40,1;1;1;1,10,2,4,2793754,11,"[2, 4, 65536, 1000, 1, 0]"
4,streaming,1,joint,1343277,3199354,30798199,22,1;1,2,10,3,561881,11,"[6, 2, 500000, 1000, 1, 0, 0]"
4,streaming,1,reference,1794270,2803615,24228642,0,1;1,0,0,0,0,0,"[6, 2, 500000, 1000, 1, 0, 0]"
4,streaming,1,ordering,1199128,3590869,29352216,22,1;1,5,7,3,768008,11,"[6, 2, 500000, 1000, 1, 0, 0]"
4,streaming,1,overload,1448270,4037325,36981866,22,1;1,6,6,3,512977,11,"[6, 2, 500000, 1000, 1, 0, 0]"
2,sequential-sites,2,ordering,19314937,20098400,270464857,0,1;1;1,11,1,4,19808419,11,"[0, 3, 65536, 1000, 3, 0, 12, 1]"
2,sequential-sites,2,reference,16450767,16966961,230684975,0,1;1;1,0,0,0,0,0,"[0, 3, 65536, 1000, 3, 0, 12, 1]"
2,sequential-sites,2,joint,16428518,17212701,232249330,0,1;1;1,10,2,14,16455962,11,"[0, 3, 65536, 1000, 3, 0, 12, 1]"
2,sequential-sites,2,overload,16400483,16884256,232961241,0,1;1;1,0,0,14,0,0,"[0, 3, 65536, 1000, 3, 0, 12, 1]"
2,streaming,2,overload,777188,1607159,17653600,22,1;1,7,5,3,466494,11,"[4, 2, 500000, 1000, 1, 0, 0]"
2,streaming,2,reference,978718,1297773,13951830,0,1;1,0,0,0,0,0,"[4, 2, 500000, 1000, 1, 0, 0]"
2,streaming,2,joint,816367,1691233,17992306,22,1;1,2,10,3,585109,11,"[4, 2, 500000, 1000, 1, 0, 0]"
2,streaming,2,ordering,961109,2320155,18611627,22,1;1,4,8,3,558239,11,"[4, 2, 500000, 1000, 1, 0, 0]"
8,streaming,2,overload,1434336,6959021,51096353,22,1;1,6,6,3,412294,11,"[10, 2, 500000, 1000, 1, 0, 0]"
8,streaming,2,ordering,1113714,7159489,49055897,22,1;1,4,8,3,627555,11,"[10, 2, 500000, 1000, 1, 0, 0]"
8,streaming,2,reference,1253060,7042284,25135591,0,1;1,0,0,0,0,0,"[10, 2, 500000, 1000, 1, 0, 0]"
8,streaming,2,joint,1091100,7215346,49482496,22,1;1,1,11,3,686987,11,"[10, 2, 500000, 1000, 1, 0, 0]"
8,sequential-sites,0,reference,6877690,12675126,102913788,0,7;7;7,0,0,0,0,0,"[0, 3, 65536, 1000, 3, 0, 12, 1]"
8,sequential-sites,0,ordering,3724949,13369923,84131063,0,7;7;7,9,3,5,2862425,11,"[0, 3, 65536, 1000, 3, 0, 12, 1]"
8,sequential-sites,0,joint,3660025,10109719,58086970,0,7;7;7,10,2,4,2912221,11,"[0, 3, 65536, 1000, 3, 0, 12, 1]"
8,sequential-sites,0,overload,3778915,10220195,61850701,0,7;7;7,0,0,14,0,0,"[0, 3, 65536, 1000, 3, 0, 12, 1]"
8,overflow-unequal-loops,1,ordering,5749807,12961017,116566931,22,1;6,9,3,3,3972785,11,"[10, 2, 100000, 1000, 3, 0]"
8,overflow-unequal-loops,1,overload,5459314,13237061,112056748,22,1;6,8,4,3,4009385,11,"[10, 2, 100000, 1000, 3, 0]"
8,overflow-unequal-loops,1,reference,5343594,10062129,82898677,0,1;5,0,0,0,0,0,"[10, 2, 100000, 1000, 3, 0]"
8,overflow-unequal-loops,1,joint,4721212,11639839,104443207,22,6;7,7,5,3,3638729,11,"[10, 2, 100000, 1000, 3, 0]"
2,tiny,0,joint,41930,725449,4477648,11,1,9,3,3,42104,11,"[4, 1, 1025, 16, 1, 0]"
2,tiny,0,ordering,42290,747128,4335246,11,1,8,4,3,50529,11,"[4, 1, 1025, 16, 1, 0]"
2,tiny,0,reference,149965,467448,2498798,0,1,0,0,0,0,0,"[4, 1, 1025, 16, 1, 0]"
2,tiny,0,overload,42020,875023,4392799,11,1,8,4,3,41917,11,"[4, 1, 1025, 16, 1, 0]"
2,overflow-one-long,1,joint,7778261,12569996,118623949,11,1,11,1,2,8100562,11,"[4, 1, 100000, 1000, 1, 0, 12, 0, 200000]"
2,overflow-one-long,1,overload,7643274,12233208,119014298,11,1,11,1,2,8156291,11,"[4, 1, 100000, 1000, 1, 0, 12, 0, 200000]"
2,overflow-one-long,1,reference,11077210,12618319,157508138,0,1,0,0,0,0,0,"[4, 1, 100000, 1000, 1, 0, 12, 0, 200000]"
2,overflow-one-long,1,ordering,7687428,12309737,117389681,11,1,11,1,2,8008691,11,"[4, 1, 100000, 1000, 1, 0, 12, 0, 200000]"
2,many-loops,2,reference,2765124,3246168,39223264,0,1;1,0,0,0,0,0,"[2, 2, 65536, 1000, 1, 0]"
2,many-loops,2,overload,2578109,3604930,41284237,22,1;1,10,2,3,2692601,11,"[2, 2, 65536, 1000, 1, 0]"
2,many-loops,2,ordering,2843563,3382841,44449194,22,1;1,10,2,3,2609684,11,"[2, 2, 65536, 1000, 1, 0]"
2,many-loops,2,joint,2765386,4058218,42986385,22,1;1,10,2,3,3036789,11,"[2, 2, 65536, 1000, 1, 0]"
8,overflow-unequal-loops,0,reference,5457371,9926309,81530579,0,1;5,0,0,0,0,0,"[10, 2, 100000, 1000, 3, 0]"
8,overflow-unequal-loops,0,ordering,5727796,11739918,110387504,22,1;5,6,6,3,4100141,11,"[10, 2, 100000, 1000, 3, 0]"
8,overflow-unequal-loops,0,joint,5354837,9904096,103650319,22,1;6,7,5,3,3724503,11,"[10, 2, 100000, 1000, 3, 0]"
8,overflow-unequal-loops,0,overload,4771035,10105117,99250463,22,6;7,8,4,3,3730218,11,"[10, 2, 100000, 1000, 3, 0]"
4,independent-doacross,2,ordering,5969978,11830322,101510443,22,1;1,10,2,3,6306273,11,"[6, 2, 65536, 1000, 1, 0, 12, 0, 150000, 1]"
4,independent-doacross,2,reference,8430333,10075048,119314742,0,1;1,0,0,0,0,0,"[6, 2, 65536, 1000, 1, 0, 12, 0, 150000, 1]"
4,independent-doacross,2,overload,5977989,13919187,109219077,22,1;1,5,7,3,6261576,11,"[6, 2, 65536, 1000, 1, 0, 12, 0, 150000, 1]"
4,independent-doacross,2,joint,5827053,10209790,99114244,22,1;1,8,4,3,5833640,11,"[6, 2, 65536, 1000, 1, 0, 12, 0, 150000, 1]"
8,overflow-short,1,overload,1391381,8195488,49528597,11,6,6,6,3,913907,11,"[10, 1, 100000, 1000, 1, 0]"
8,overflow-short,1,reference,1430438,7991952,26695259,0,7,0,0,0,0,0,"[10, 1, 100000, 1000, 1, 0]"
8,overflow-short,1,joint,1503183,8332855,51463398,11,6,7,5,3,932221,11,"[10, 1, 100000, 1000, 1, 0]"
8,overflow-short,1,ordering,1335797,8126364,50574908,0,7,10,2,3,1026119,11,"[10, 1, 100000, 1000, 1, 0]"
2,fits-mixed,2,ordering,3730133,4203926,54641084,11,1,9,3,3,3929961,11,"[1, 1, 100000, 1000, 1, 0]"
2,fits-mixed,2,joint,3623120,5151559,55188847,11,1,9,3,3,3867676,11,"[1, 1, 100000, 1000, 1, 0]"
2,fits-mixed,2,overload,4050049,4158422,55449081,11,1,0,0,14,0,0,"[1, 1, 100000, 1000, 1, 0]"
2,fits-mixed,2,reference,3735062,4020972,52444142,11,1,0,0,0,0,0,"[1, 1, 100000, 1000, 1, 0]"
8,many-loops,2,reference,4422593,4714173,61097770,0,1;1;1;1;1;1;1;1,0,0,0,0,0,"[2, 8, 65536, 1000, 1, 0]"
8,many-loops,2,ordering,4543927,4920042,93293530,0,1;1;1;1;1;1;1;1,7,5,14,3086610,11,"[2, 8, 65536, 1000, 1, 0]"
8,many-loops,2,joint,4643476,4906472,95745824,0,1;1;1;1;1;1;1;1,8,4,14,3245454,11,"[2, 8, 65536, 1000, 1, 0]"
8,many-loops,2,overload,4623148,4861167,96725354,0,1;1;1;1;1;1;1;1,6,6,14,3254219,11,"[2, 8, 65536, 1000, 1, 0]"
8,overflow-one-long,0,overload,7812137,15689648,143566497,11,1,8,4,3,7826296,11,"[10, 1, 100000, 1000, 1, 0, 12, 0, 200000]"
8,overflow-one-long,0,joint,8010272,15529235,144581226,11,1,6,6,3,8067170,11,"[10, 1, 100000, 1000, 1, 0, 12, 0, 200000]"
8,overflow-one-long,0,reference,8494636,16664880,129755048,0,7,0,0,0,0,0,"[10, 1, 100000, 1000, 1, 0, 12, 0, 200000]"
8,overflow-one-long,0,ordering,8563963,15585021,152189334,0,7,8,4,3,8484295,11,"[10, 1, 100000, 1000, 1, 0, 12, 0, 200000]"
4,overflow-one-long,1,reference,9451908,11128940,134069513,0,3,0,0,0,0,0,"[6, 1, 100000, 1000, 1, 0, 12, 0, 200000]"
4,overflow-one-long,1,overload,7867083,12574325,123079049,11,1,8,4,3,8031773,11,"[6, 1, 100000, 1000, 1, 0, 12, 0, 200000]"
4,overflow-one-long,1,joint,7623943,12273106,122438097,11,1,10,2,3,8249258,11,"[6, 1, 100000, 1000, 1, 0, 12, 0, 200000]"
4,overflow-one-long,1,ordering,9100215,11447980,138191503,0,3,9,3,5,9314272,11,"[6, 1, 100000, 1000, 1, 0, 12, 0, 200000]"
4,overflow-short,1,reference,1789683,3068228,25790576,0,3,0,0,0,0,0,"[6, 1, 100000, 1000, 1, 0]"
4,overflow-short,1,joint,1737245,3566974,32799730,10,3,10,2,4,1551829,11,"[6, 1, 100000, 1000, 1, 0]"
4,overflow-short,1,overload,1620254,3310609,31659258,11,3,11,1,3,1518138,11,"[6, 1, 100000, 1000, 1, 0]"
4,overflow-short,1,ordering,1607687,3410261,30738251,11,3,9,3,3,1620266,11,"[6, 1, 100000, 1000, 1, 0]"
2,fits-unequal-loops,1,reference,18409398,18309169,256724755,0,1;1,0,0,0,0,0,"[0, 2, 100000, 1000, 3, 0]"
2,fits-unequal-loops,1,overload,18227445,18824463,256298719,0,1;1,0,0,14,0,0,"[0, 2, 100000, 1000, 3, 0]"
2,fits-unequal-loops,1,joint,19681741,19527349,277491246,0,1;1,10,2,4,18573159,11,"[0, 2, 100000, 1000, 3, 0]"
2,fits-unequal-loops,1,ordering,18337831,19592447,260584003,0,1;1,9,3,3,19188748,11,"[0, 2, 100000, 1000, 3, 0]"
8,independent-doacross,0,ordering,5984081,14312219,128928997,22,1;1,9,3,3,6299077,11,"[10, 2, 65536, 1000, 1, 0, 12, 0, 150000, 1]"
8,independent-doacross,0,joint,6291151,14660684,127763174,22,1;1,6,6,3,6178163,11,"[10, 2, 65536, 1000, 1, 0, 12, 0, 150000, 1]"
8,independent-doacross,0,reference,8306179,14760580,125386581,0,1;1,0,0,0,0,0,"[10, 2, 65536, 1000, 1, 0, 12, 0, 150000, 1]"
8,independent-doacross,0,overload,6153790,14564965,127492103,22,1;1,9,3,3,5860924,11,"[10, 2, 65536, 1000, 1, 0, 12, 0, 150000, 1]"
8,tiny,2,reference,467818,7228501,13708069,0,1,0,0,0,0,0,"[10, 1, 1025, 16, 1, 0]"
8,tiny,2,ordering,53251,6821678,33474732,11,1,6,6,3,51364,11,"[10, 1, 1025, 16, 1, 0]"
8,tiny,2,joint,50707,7934736,33149118,11,1,7,5,3,50181,11,"[10, 1, 1025, 16, 1, 0]"
8,tiny,2,overload,50837,7375211,33942138,11,1,7,5,3,50999,11,"[10, 1, 1025, 16, 1, 0]"
2,independent-doacross,0,joint,5981285,9715235,96806680,22,1;1,10,2,3,6133161,11,"[4, 2, 65536, 1000, 1, 0, 12, 0, 150000, 1]"
2,independent-doacross,0,reference,8176473,9547848,116435597,0,1;1,0,0,0,0,0,"[4, 2, 65536, 1000, 1, 0, 12, 0, 150000, 1]"
2,independent-doacross,0,ordering,5787221,9862306,97901788,22,1;1,9,3,3,6200694,11,"[4, 2, 65536, 1000, 1, 0, 12, 0, 150000, 1]"
2,independent-doacross,0,overload,5922269,9713080,97012450,22,1;1,9,3,3,6003941,11,"[4, 2, 65536, 1000, 1, 0, 12, 0, 150000, 1]"
8,fits-mixed,1,ordering,1073263,6461624,24427678,11,6,8,4,3,824458,11,"[1, 1, 100000, 1000, 1, 0]"
8,fits-mixed,1,joint,986472,6462032,22506993,11,7,7,5,3,761403,11,"[1, 1, 100000, 1000, 1, 0]"
8,fits-mixed,1,overload,1148088,6812502,22068403,11,6,0,0,14,0,0,"[1, 1, 100000, 1000, 1, 0]"
8,fits-mixed,1,reference,1168978,7218105,22434090,11,6,0,0,0,0,0,"[1, 1, 100000, 1000, 1, 0]"
2,overflow-short,0,reference,3867800,4036963,55872888,0,1,0,0,0,0,0,"[4, 1, 100000, 1000, 1, 0]"
2,overflow-short,0,overload,3637052,5044632,56760478,11,1,9,3,3,3710069,11,"[4, 1, 100000, 1000, 1, 0]"
2,overflow-short,0,joint,3841298,4840736,58180965,11,1,10,2,3,3687324,11,"[4, 1, 100000, 1000, 1, 0]"
2,overflow-short,0,ordering,4027592,4868375,61908478,11,1,11,1,3,3849466,11,"[4, 1, 100000, 1000, 1, 0]"
4,many-loops,0,overload,3241027,3455145,52885668,0,1;1;1;1,10,2,14,2773428,11,"[2, 4, 65536, 1000, 1, 0]"
4,many-loops,0,reference,3326415,4579259,48155146,0,1;1;1;1,0,0,0,0,0,"[2, 4, 65536, 1000, 1, 0]"
4,many-loops,0,ordering,3211561,3549708,54939688,44,1;1;1;1,8,4,3,2692110,11,"[2, 4, 65536, 1000, 1, 0]"
4,many-loops,0,joint,3362805,3614516,54865190,44,1;1;1;1,11,1,3,2787274,11,"[2, 4, 65536, 1000, 1, 0]"
2,fits-mixed,0,ordering,3531866,4599579,53332034,11,1,9,3,3,4066541,11,"[1, 1, 100000, 1000, 1, 0]"
2,fits-mixed,0,overload,3657022,4170846,53300617,11,1,0,0,14,0,0,"[1, 1, 100000, 1000, 1, 0]"
2,fits-mixed,0,reference,3786548,4300292,54014423,11,1,0,0,0,0,0,"[1, 1, 100000, 1000, 1, 0]"
2,fits-mixed,0,joint,3588091,4570674,54452161,11,1,9,3,3,3623439,11,"[1, 1, 100000, 1000, 1, 0]"
2,overflow-all-long,2,ordering,15508840,16908724,218972396,11,1,11,1,3,15493759,11,"[4, 1, 100000, 150000, 1, 0]"
2,overflow-all-long,2,overload,15649617,17471481,228259143,11,1,10,2,3,15728616,11,"[4, 1, 100000, 150000, 1, 0]"
2,overflow-all-long,2,reference,15567894,17144580,218116320,0,1,0,0,0,0,0,"[4, 1, 100000, 150000, 1, 0]"
2,overflow-all-long,2,joint,15105258,16550135,219504241,11,1,10,2,3,15507909,11,"[4, 1, 100000, 150000, 1, 0]"
4,streaming,0,overload,852995,3166267,24251338,22,1;1,5,7,3,579499,11,"[6, 2, 500000, 1000, 1, 0, 0]"
4,streaming,0,ordering,967058,2545120,23674193,22,1;1,6,6,3,425938,11,"[6, 2, 500000, 1000, 1, 0, 0]"
4,streaming,0,reference,1182149,2357004,17412669,0,1;1,0,0,0,0,0,"[6, 2, 500000, 1000, 1, 0, 0]"
4,streaming,0,joint,1165758,2490881,26742322,22,1;1,8,4,3,399160,11,"[6, 2, 500000, 1000, 1, 0, 0]"
2,overflow-unequal-loops,1,overload,18521062,19441882,263167561,22,1;1,9,3,3,18019127,11,"[4, 2, 100000, 1000, 3, 0]"
2,overflow-unequal-loops,1,ordering,18418384,19396278,266646072,22,1;1,10,2,3,18121132,11,"[4, 2, 100000, 1000, 3, 0]"
2,overflow-unequal-loops,1,joint,18413801,19353139,263013269,22,1;1,6,6,3,17962390,11,"[4, 2, 100000, 1000, 3, 0]"
2,overflow-unequal-loops,1,reference,18414436,18546376,258247352,0,1;1,0,0,0,0,0,"[4, 2, 100000, 1000, 3, 0]"
8,fits-unequal-loops,2,joint,4433499,10807427,72333177,0,7;7,5,7,3,3518180,11,"[0, 2, 100000, 1000, 3, 0]"
8,fits-unequal-loops,2,overload,5096447,10598003,75959533,0,1;5,0,0,14,0,0,"[0, 2, 100000, 1000, 3, 0]"
8,fits-unequal-loops,2,reference,4845640,9599277,72866007,0,1;6,0,0,0,0,0,"[0, 2, 100000, 1000, 3, 0]"
8,fits-unequal-loops,2,ordering,5463742,9811806,79493759,0,1;6,11,1,3,3880463,11,"[0, 2, 100000, 1000, 3, 0]"
4,overflow-one-long,2,overload,7862043,12132101,125790935,11,1,9,3,3,8171296,11,"[6, 1, 100000, 1000, 1, 0, 12, 0, 200000]"
4,overflow-one-long,2,joint,7660443,11603382,121352736,11,1,9,3,3,7995918,11,"[6, 1, 100000, 1000, 1, 0, 12, 0, 200000]"
4,overflow-one-long,2,ordering,9250778,11325214,137439730,0,3,10,2,3,9438982,11,"[6, 1, 100000, 1000, 1, 0, 12, 0, 200000]"
4,overflow-one-long,2,reference,9574430,11717661,137395344,0,3,0,0,0,0,0,"[6, 1, 100000, 1000, 1, 0, 12, 0, 200000]"
4,ordinary-only,1,ordering,6335297,13475946,97707837,0,,9,5,1,6675502,11,"[6, 0, 1000, 1000, 1, 0, 12, 0, 150000]"
4,ordinary-only,1,reference,6352385,7372519,92294362,0,,0,0,0,0,0,"[6, 0, 1000, 1000, 1, 0, 12, 0, 150000]"
4,ordinary-only,1,joint,5674929,13859923,90556112,0,,11,3,1,6917026,11,"[6, 0, 1000, 1000, 1, 0, 12, 0, 150000]"
4,ordinary-only,1,overload,5599873,12125651,86403387,0,,11,3,1,6333302,11,"[6, 0, 1000, 1000, 1, 0, 12, 0, 150000]"
2,overflow-one-long,0,ordering,7620647,12629012,118287471,11,1,10,2,2,8381315,11,"[4, 1, 100000, 1000, 1, 0, 12, 0, 200000]"
2,overflow-one-long,0,overload,7744392,12580405,120400832,11,1,10,2,2,7784001,11,"[4, 1, 100000, 1000, 1, 0, 12, 0, 200000]"
2,overflow-one-long,0,joint,7387915,12237499,116084074,11,1,10,2,2,7574989,11,"[4, 1, 100000, 1000, 1, 0, 12, 0, 200000]"
2,overflow-one-long,0,reference,11104272,12884312,156377920,0,1,0,0,0,0,0,"[4, 1, 100000, 1000, 1, 0, 12, 0, 200000]"
2,many-loops,0,overload,2740665,3705420,44353649,22,1;1,7,5,3,2666506,11,"[2, 2, 65536, 1000, 1, 0]"
2,many-loops,0,ordering,2754586,3370788,42983449,22,1;1,10,2,3,2728395,11,"[2, 2, 65536, 1000, 1, 0]"
2,many-loops,0,reference,2727817,3577110,39580872,0,1;1,0,0,0,0,0,"[2, 2, 65536, 1000, 1, 0]"
2,many-loops,0,joint,2823077,3544957,41970572,22,1;1,10,2,3,2554603,11,"[2, 2, 65536, 1000, 1, 0]"
8,overflow-short,0,reference,1510695,7828780,27440630,0,7,0,0,0,0,0,"[10, 1, 100000, 1000, 1, 0]"
8,overflow-short,0,overload,1394410,8170421,49984235,11,6,5,7,3,1153752,11,"[10, 1, 100000, 1000, 1, 0]"
8,overflow-short,0,joint,1488136,8117324,50956769,11,6,4,8,3,1225157,11,"[10, 1, 100000, 1000, 1, 0]"
8,overflow-short,0,ordering,1410384,8041858,50210836,11,7,7,5,3,1078429,11,"[10, 1, 100000, 1000, 1, 0]"
4,sequential-sites,2,ordering,6463245,7979861,92310506,0,3;3;3,9,3,5,5860637,11,"[0, 3, 65536, 1000, 3, 0, 12, 1]"
4,sequential-sites,2,overload,6504670,8422056,92230613,0,3;3;3,0,0,14,0,0,"[0, 3, 65536, 1000, 3, 0, 12, 1]"
4,sequential-sites,2,joint,6648168,8024312,93153709,0,3;3;3,10,2,4,5953387,11,"[0, 3, 65536, 1000, 3, 0, 12, 1]"
4,sequential-sites,2,reference,6402863,7735699,90996823,0,3;3;3,0,0,0,0,0,"[0, 3, 65536, 1000, 3, 0, 12, 1]"
8,fits-mixed,2,overload,1188127,7405352,22736474,11,6,0,0,14,0,0,"[1, 1, 100000, 1000, 1, 0]"
8,fits-mixed,2,joint,1010619,7395240,23612374,11,7,6,6,3,749725,11,"[1, 1, 100000, 1000, 1, 0]"
8,fits-mixed,2,ordering,1071051,6252557,23359916,11,6,8,4,3,805274,11,"[1, 1, 100000, 1000, 1, 0]"
8,fits-mixed,2,reference,1153051,6433831,21332863,11,6,0,0,0,0,0,"[1, 1, 100000, 1000, 1, 0]"
4,overflow-unequal-loops,2,ordering,9669766,12216648,148796667,22,1;2,10,2,3,9417437,11,"[6, 2, 100000, 1000, 3, 0]"
4,overflow-unequal-loops,2,joint,8177351,11348016,129169526,22,3;3,8,4,3,7806855,11,"[6, 2, 100000, 1000, 3, 0]"
4,overflow-unequal-loops,2,reference,10367343,11252734,145219535,0,1;2,0,0,0,0,0,"[6, 2, 100000, 1000, 3, 0]"
4,overflow-unequal-loops,2,overload,8318054,11016027,131833556,22,3;3,7,5,3,7675725,11,"[6, 2, 100000, 1000, 3, 0]"
8,independent-doacross,1,overload,5945247,15610483,127534780,22,1;1,7,5,3,6422533,11,"[10, 2, 65536, 1000, 1, 0, 12, 0, 150000, 1]"
8,independent-doacross,1,joint,6301966,15125390,126227837,22,1;1,6,6,3,6272753,11,"[10, 2, 65536, 1000, 1, 0, 12, 0, 150000, 1]"
8,independent-doacross,1,reference,8726323,14897632,128431020,0,1;1,0,0,0,0,0,"[10, 2, 65536, 1000, 1, 0, 12, 0, 150000, 1]"
8,independent-doacross,1,ordering,5848150,15307314,125219264,22,1;1,6,6,3,6076258,11,"[10, 2, 65536, 1000, 1, 0, 12, 0, 150000, 1]"
8,streaming,0,joint,1014385,7438248,47878773,22,1;1,3,9,3,707484,11,"[10, 2, 500000, 1000, 1, 0, 0]"
8,streaming,0,overload,1110482,7238287,48378942,22,1;1,4,8,3,687039,11,"[10, 2, 500000, 1000, 1, 0, 0]"
8,streaming,0,ordering,1018647,7558995,50653601,22,1;1,3,9,3,576790,11,"[10, 2, 500000, 1000, 1, 0, 0]"
8,streaming,0,reference,1254059,8190090,25417323,0,1;1,0,0,0,0,0,"[10, 2, 500000, 1000, 1, 0, 0]"
4,overflow-all-long,2,reference,13192478,16347040,191930762,0,3,0,0,0,0,0,"[6, 1, 100000, 150000, 1, 0]"
4,overflow-all-long,2,overload,12755934,17470853,190434366,11,1,10,2,3,12645812,11,"[6, 1, 100000, 150000, 1, 0]"
4,overflow-all-long,2,ordering,13649054,16063089,202137198,0,3,11,1,14,14180378,11,"[6, 1, 100000, 150000, 1, 0]"
4,overflow-all-long,2,joint,12462356,16711713,187088259,11,1,11,1,3,12753085,11,"[6, 1, 100000, 150000, 1, 0]"
4,overflow-short,2,ordering,1714081,3549041,32776102,11,3,10,2,3,1536774,11,"[6, 1, 100000, 1000, 1, 0]"
4,overflow-short,2,joint,1684070,3297575,31188179,10,3,10,2,4,1525866,11,"[6, 1, 100000, 1000, 1, 0]"
4,overflow-short,2,reference,1748651,3037122,25734314,0,3,0,0,0,0,0,"[6, 1, 100000, 1000, 1, 0]"
4,overflow-short,2,overload,1855250,3195837,34698566,5,3,7,5,7,1576014,11,"[6, 1, 100000, 1000, 1, 0]"
2,overflow-all-long,1,joint,15595282,16723175,224744551,11,1,8,4,3,15420176,11,"[4, 1, 100000, 150000, 1, 0]"
2,overflow-all-long,1,overload,15410365,18040591,223103011,11,1,10,2,3,15412358,11,"[4, 1, 100000, 150000, 1, 0]"
2,overflow-all-long,1,reference,15164558,17313727,213730589,0,1,0,0,0,0,0,"[4, 1, 100000, 150000, 1, 0]"
2,overflow-all-long,1,ordering,15381119,17043274,221255173,11,1,11,1,3,15464402,11,"[4, 1, 100000, 150000, 1, 0]"
4,fits-unequal-loops,1,ordering,9892043,11156583,140975663,0,1;2,11,1,14,9264262,11,"[0, 2, 100000, 1000, 3, 0]"
4,fits-unequal-loops,1,joint,8077217,11078374,121840891,0,3;3,8,4,3,7443445,11,"[0, 2, 100000, 1000, 3, 0]"
4,fits-unequal-loops,1,reference,9921150,11433446,140152931,0,1;2,0,0,0,0,0,"[0, 2, 100000, 1000, 3, 0]"
4,fits-unequal-loops,1,overload,10073707,10832358,141124966,0,1;2,0,0,14,0,0,"[0, 2, 100000, 1000, 3, 0]"
4,independent-doacross,0,overload,5863709,10650946,101999666,22,1;1,7,5,3,6119017,11,"[6, 2, 65536, 1000, 1, 0, 12, 0, 150000, 1]"
4,independent-doacross,0,joint,5969387,10298143,100304091,22,1;1,9,3,3,6085693,11,"[6, 2, 65536, 1000, 1, 0, 12, 0, 150000, 1]"
4,independent-doacross,0,ordering,6032617,10189736,101434165,22,1;1,8,4,3,6097334,11,"[6, 2, 65536, 1000, 1, 0, 12, 0, 150000, 1]"
4,independent-doacross,0,reference,8543217,9712606,120158119,0,1;1,0,0,0,0,0,"[6, 2, 65536, 1000, 1, 0, 12, 0, 150000, 1]"
4,sequential-sites,1,overload,6276604,8172417,90365296,0,3;3;3,0,0,14,0,0,"[0, 3, 65536, 1000, 3, 0, 12, 1]"
4,sequential-sites,1,ordering,6298960,8315044,90960581,0,3;3;3,7,5,7,5907989,11,"[0, 3, 65536, 1000, 3, 0, 12, 1]"
4,sequential-sites,1,reference,6330461,8012683,91907935,0,3;3;3,0,0,0,0,0,"[0, 3, 65536, 1000, 3, 0, 12, 1]"
4,sequential-sites,1,joint,6377729,7787463,91332796,0,3;3;3,10,2,4,5815960,11,"[0, 3, 65536, 1000, 3, 0, 12, 1]"
4,overflow-short,0,joint,1765384,3684039,33399513,6,3,6,6,8,1532977,11,"[6, 1, 100000, 1000, 1, 0]"
4,overflow-short,0,overload,1570745,3608715,32575503,9,3,9,3,5,1573353,11,"[6, 1, 100000, 1000, 1, 0]"
4,overflow-short,0,ordering,1644876,3470610,31927173,11,3,9,3,3,1507986,11,"[6, 1, 100000, 1000, 1, 0]"
4,overflow-short,0,reference,1712968,3210167,25471629,0,3,0,0,0,0,0,"[6, 1, 100000, 1000, 1, 0]"
2,overflow-short,2,reference,3807137,4194956,53676172,0,1,0,0,0,0,0,"[4, 1, 100000, 1000, 1, 0]"
2,overflow-short,2,joint,3954612,4494829,59209612,11,1,9,3,3,4207488,11,"[4, 1, 100000, 1000, 1, 0]"
2,overflow-short,2,overload,3957597,4212335,57401880,11,1,9,3,3,3773962,11,"[4, 1, 100000, 1000, 1, 0]"
2,overflow-short,2,ordering,3882022,4170754,57907252,11,1,8,4,3,4160786,11,"[4, 1, 100000, 1000, 1, 0]"
4,streaming,2,ordering,927279,2344583,23173044,22,1;1,6,6,3,419905,11,"[6, 2, 500000, 1000, 1, 0, 0]"
4,streaming,2,joint,1410893,2704261,30131518,22,1;1,5,7,3,506559,11,"[6, 2, 500000, 1000, 1, 0, 0]"
4,streaming,2,overload,921119,3232703,24962728,22,1;1,4,8,3,561397,11,"[6, 2, 500000, 1000, 1, 0, 0]"
4,streaming,2,reference,931620,3223371,16374191,0,1;1,0,0,0,0,0,"[6, 2, 500000, 1000, 1, 0, 0]"
2,overflow-unequal-loops,0,reference,18581949,19175367,259969758,0,1;1,0,0,0,0,0,"[4, 2, 100000, 1000, 3, 0]"
2,overflow-unequal-loops,0,joint,18391792,18780696,260914010,22,1;1,10,2,3,18789591,11,"[4, 2, 100000, 1000, 3, 0]"
2,overflow-unequal-loops,0,overload,18650179,19834619,265937386,22,1;1,10,2,3,18153240,11,"[4, 2, 100000, 1000, 3, 0]"
2,overflow-unequal-loops,0,ordering,18405283,19406278,262961151,22,1;1,9,3,3,17979384,11,"[4, 2, 100000, 1000, 3, 0]"
4,overflow-unequal-loops,0,joint,8206841,11048122,130286006,22,3;3,8,4,3,7749671,11,"[6, 2, 100000, 1000, 3, 0]"
4,overflow-unequal-loops,0,reference,10181973,10633056,145692041,0,1;2,0,0,0,0,0,"[6, 2, 100000, 1000, 3, 0]"
4,overflow-unequal-loops,0,ordering,9748347,11136588,147596921,22,1;2,10,2,3,9218376,11,"[6, 2, 100000, 1000, 3, 0]"
4,overflow-unequal-loops,0,overload,8244503,11189220,130947695,22,3;3,7,5,3,7770024,11,"[6, 2, 100000, 1000, 3, 0]"
2,fits-mixed,1,joint,3772150,4224420,55869098,11,1,8,4,3,3897996,11,"[1, 1, 100000, 1000, 1, 0]"
2,fits-mixed,1,overload,3628850,3988107,51559023,11,1,0,0,14,0,0,"[1, 1, 100000, 1000, 1, 0]"
2,fits-mixed,1,ordering,3654981,4366026,54867110,11,1,8,4,3,3718230,11,"[1, 1, 100000, 1000, 1, 0]"
2,fits-mixed,1,reference,3732762,3981427,53351584,11,1,0,0,0,0,0,"[1, 1, 100000, 1000, 1, 0]"
8,overflow-unequal-loops,2,ordering,5478687,10455760,103870430,22,1;6,9,3,3,3750348,11,"[10, 2, 100000, 1000, 3, 0]"
8,overflow-unequal-loops,2,reference,5334926,11505565,82993788,0,1;5,0,0,0,0,0,"[10, 2, 100000, 1000, 3, 0]"
8,overflow-unequal-loops,2,overload,4975732,12089787,102491868,22,6;7,4,8,3,4034979,11,"[10, 2, 100000, 1000, 3, 0]"
8,overflow-unequal-loops,2,joint,4959940,10830057,102039690,22,6;7,6,6,3,3740348,11,"[10, 2, 100000, 1000, 3, 0]"
8,fits-unequal-loops,1,overload,5104264,9425143,71890392,0,1;6,0,0,14,0,0,"[0, 2, 100000, 1000, 3, 0]"
8,fits-unequal-loops,1,ordering,4745019,9858572,78689155,0,1;5,9,3,5,3971288,11,"[0, 2, 100000, 1000, 3, 0]"
8,fits-unequal-loops,1,reference,4452373,10550249,73271376,0,1;6,0,0,0,0,0,"[0, 2, 100000, 1000, 3, 0]"
8,fits-unequal-loops,1,joint,4324829,10072502,71882054,0,7;7,8,4,3,3441567,11,"[0, 2, 100000, 1000, 3, 0]"
8,ordinary-only,1,reference,5698942,7179462,83563477,0,,0,0,0,0,0,"[10, 0, 1000, 1000, 1, 0, 12, 0, 150000]"
8,ordinary-only,1,overload,5707912,27608107,103360777,0,,11,3,1,6684933,11,"[10, 0, 1000, 1000, 1, 0, 12, 0, 150000]"
8,ordinary-only,1,joint,5906163,27544030,104503522,0,,6,8,1,5966454,11,"[10, 0, 1000, 1000, 1, 0, 12, 0, 150000]"
8,ordinary-only,1,ordering,5891347,27125930,104243485,0,,11,3,1,6589261,11,"[10, 0, 1000, 1000, 1, 0, 12, 0, 150000]"
4,ordinary-only,0,ordering,5722676,12392404,86343572,0,,10,4,1,6521874,11,"[6, 0, 1000, 1000, 1, 0, 12, 0, 150000]"
4,ordinary-only,0,overload,5799374,13099012,88886831,0,,10,4,1,6394825,11,"[6, 0, 1000, 1000, 1, 0, 12, 0, 150000]"
4,ordinary-only,0,joint,5808378,12126692,88588729,0,,8,6,1,5855218,11,"[6, 0, 1000, 1000, 1, 0, 12, 0, 150000]"
4,ordinary-only,0,reference,5798162,6477894,80938083,0,,0,0,0,0,0,"[6, 0, 1000, 1000, 1, 0, 12, 0, 150000]"
8,overflow-all-long,2,reference,14487677,21564427,211911118,0,7,0,0,0,0,0,"[10, 1, 100000, 150000, 1, 0]"
8,overflow-all-long,2,ordering,14653778,22034856,236644820,0,7,11,1,14,15820799,11,"[10, 1, 100000, 150000, 1, 0]"
8,overflow-all-long,2,joint,14708194,23107924,240609851,11,1,8,4,3,15113946,11,"[10, 1, 100000, 150000, 1, 0]"
8,overflow-all-long,2,overload,14578683,22177277,233892211,11,1,8,4,3,14868300,11,"[10, 1, 100000, 150000, 1, 0]"
8,independent-doacross,2,ordering,6115132,15890181,128914153,22,1;1,8,4,3,6767687,11,"[10, 2, 65536, 1000, 1, 0, 12, 0, 150000, 1]"
8,independent-doacross,2,overload,5869699,14471920,124553844,22,1;1,8,4,3,5934646,11,"[10, 2, 65536, 1000, 1, 0, 12, 0, 150000, 1]"
8,independent-doacross,2,joint,6042335,15228377,125224962,22,1;1,10,2,3,6136594,11,"[10, 2, 65536, 1000, 1, 0, 12, 0, 150000, 1]"
8,independent-doacross,2,reference,8588761,14197589,125994310,0,1;1,0,0,0,0,0,"[10, 2, 65536, 1000, 1, 0, 12, 0, 150000, 1]"
4,independent-doacross,1,ordering,5764826,10109394,98656443,22,1;1,9,3,3,5966178,11,"[6, 2, 65536, 1000, 1, 0, 12, 0, 150000, 1]"
4,independent-doacross,1,overload,5836005,10142901,99475316,22,1;1,6,6,3,5912457,11,"[6, 2, 65536, 1000, 1, 0, 12, 0, 150000, 1]"
4,independent-doacross,1,reference,8374812,10296927,118682909,0,1;1,0,0,0,0,0,"[6, 2, 65536, 1000, 1, 0, 12, 0, 150000, 1]"
4,independent-doacross,1,joint,6009476,10583208,101474668,22,1;1,10,2,3,5939514,11,"[6, 2, 65536, 1000, 1, 0, 12, 0, 150000, 1]"
8,ordinary-only,2,ordering,5925665,29290010,106925665,0,,10,4,1,6702371,11,"[10, 0, 1000, 1000, 1, 0, 12, 0, 150000]"
8,ordinary-only,2,reference,5536641,7147902,79703617,0,,0,0,0,0,0,"[10, 0, 1000, 1000, 1, 0, 12, 0, 150000]"
8,ordinary-only,2,joint,5789212,27270701,103165043,0,,11,3,1,6395544,11,"[10, 0, 1000, 1000, 1, 0, 12, 0, 150000]"
8,ordinary-only,2,overload,5827300,27311668,102804294,0,,9,5,1,6070664,11,"[10, 0, 1000, 1000, 1, 0, 12, 0, 150000]"
2,streaming,0,ordering,854472,2019088,17975114,22,1;1,6,6,3,572548,11,"[4, 2, 500000, 1000, 1, 0, 0]"
2,streaming,0,joint,833253,1625164,18577822,22,1;1,5,7,3,551417,11,"[4, 2, 500000, 1000, 1, 0, 0]"
2,streaming,0,overload,775421,1600339,16508505,22,1;1,10,2,3,466050,11,"[4, 2, 500000, 1000, 1, 0, 0]"
2,streaming,0,reference,944467,1225302,14425712,0,1;1,0,0,0,0,0,"[4, 2, 500000, 1000, 1, 0, 0]"
2,overflow-short,1,joint,3710736,4175382,56653230,11,1,11,1,3,3860561,11,"[4, 1, 100000, 1000, 1, 0]"
2,overflow-short,1,overload,3938284,4325053,57336010,11,1,10,2,3,3999103,11,"[4, 1, 100000, 1000, 1, 0]"
2,overflow-short,1,reference,3832366,4061998,55167555,0,1,0,0,0,0,0,"[4, 1, 100000, 1000, 1, 0]"
2,overflow-short,1,ordering,3808987,5042599,58705424,11,1,10,2,3,3942681,11,"[4, 1, 100000, 1000, 1, 0]"
4,tiny,0,ordering,117902,2211936,9640766,11,1,5,7,3,118074,11,"[6, 1, 1025, 16, 1, 0]"
4,tiny,0,joint,43813,1986227,9721843,11,1,7,5,3,45109,11,"[6, 1, 1025, 16, 1, 0]"
4,tiny,0,reference,254188,1706780,5243153,0,1,0,0,0,0,0,"[6, 1, 1025, 16, 1, 0]"
4,tiny,0,overload,138871,1905565,9940584,11,1,5,7,3,139852,11,"[6, 1, 1025, 16, 1, 0]"
4,fits-mixed,0,joint,1448635,4198644,28019570,11,3,8,4,3,1380982,11,"[1, 1, 100000, 1000, 1, 0]"
4,fits-mixed,0,overload,2215183,3850278,32929697,11,2,0,0,14,0,0,"[1, 1, 100000, 1000, 1, 0]"
4,fits-mixed,0,reference,2202378,3037434,31428015,11,2,0,0,0,0,0,"[1, 1, 100000, 1000, 1, 0]"
4,fits-mixed,0,ordering,2193456,3193518,36401203,11,2,9,3,3,1966495,11,"[1, 1, 100000, 1000, 1, 0]"
8,sequential-sites,2,joint,3709042,11126255,59813969,0,7;7;7,10,2,4,2948835,11,"[0, 3, 65536, 1000, 3, 0, 12, 1]"
8,sequential-sites,2,ordering,3751918,11867390,71410870,0,7;7;7,8,4,6,2872845,11,"[0, 3, 65536, 1000, 3, 0, 12, 1]"
8,sequential-sites,2,overload,4334309,11786474,69321705,0,7;7;7,0,0,14,0,0,"[0, 3, 65536, 1000, 3, 0, 12, 1]"
8,sequential-sites,2,reference,3725545,10360438,58886423,0,7;7;7,0,0,0,0,0,"[0, 3, 65536, 1000, 3, 0, 12, 1]"
2,ordinary-only,1,ordering,5405724,9792392,81684024,0,,11,3,13,6605990,11,"[4, 0, 1000, 1000, 1, 0, 12, 0, 150000]"
2,ordinary-only,1,joint,5614179,8915060,82659025,0,,11,3,12,6324794,11,"[4, 0, 1000, 1000, 1, 0, 12, 0, 150000]"
2,ordinary-only,1,reference,5691429,6755653,81597423,0,,0,0,0,0,0,"[4, 0, 1000, 1000, 1, 0, 12, 0, 150000]"
2,ordinary-only,1,overload,5494084,9305763,82791050,0,,11,3,1,6198985,11,"[4, 0, 1000, 1000, 1, 0, 12, 0, 150000]"
4,overflow-unequal-loops,1,joint,8670929,11354430,133864094,22,3;3,7,5,3,7761948,11,"[6, 2, 100000, 1000, 3, 0]"
4,overflow-unequal-loops,1,ordering,11098392,17042778,188014942,22,1;2,5,7,3,12057972,11,"[6, 2, 100000, 1000, 3, 0]"
4,overflow-unequal-loops,1,overload,8715398,11407011,133466810,22,3;3,6,6,3,7731639,11,"[6, 2, 100000, 1000, 3, 0]"
4,overflow-unequal-loops,1,reference,9977978,11132597,140863630,0,1;2,0,0,0,0,0,"[6, 2, 100000, 1000, 3, 0]"
4,overflow-all-long,0,reference,13874391,16410663,196081456,0,3,0,0,0,0,0,"[6, 1, 100000, 150000, 1, 0]"
4,overflow-all-long,0,joint,12554531,18850686,192039067,11,1,8,4,3,13331699,11,"[6, 1, 100000, 150000, 1, 0]"
4,overflow-all-long,0,overload,12514348,16351953,190439274,11,1,9,3,3,12675861,11,"[6, 1, 100000, 150000, 1, 0]"
4,overflow-all-long,0,ordering,14004018,16541192,208011436,0,3,7,5,3,14275888,11,"[6, 1, 100000, 150000, 1, 0]"
2,fits-unequal-loops,0,ordering,18353454,19124688,261876830,0,1;1,10,2,14,18160987,11,"[0, 2, 100000, 1000, 3, 0]"
2,fits-unequal-loops,0,reference,18286341,18746979,257577566,0,1;1,0,0,0,0,0,"[0, 2, 100000, 1000, 3, 0]"
2,fits-unequal-loops,0,overload,18514647,19117680,259344026,0,1;1,0,0,14,0,0,"[0, 2, 100000, 1000, 3, 0]"
2,fits-unequal-loops,0,joint,18484779,19156319,262485099,0,1;1,7,5,14,18303280,11,"[0, 2, 100000, 1000, 3, 0]"
4,tiny,2,ordering,42723,1835729,9585679,11,1,8,4,3,43527,11,"[6, 1, 1025, 16, 1, 0]"
4,tiny,2,reference,236806,1730107,5100457,0,1,0,0,0,0,0,"[6, 1, 1025, 16, 1, 0]"
4,tiny,2,joint,46139,1970269,10741349,11,1,8,4,3,57175,11,"[6, 1, 1025, 16, 1, 0]"
4,tiny,2,overload,45328,2098258,10812122,11,1,6,6,3,48556,11,"[6, 1, 1025, 16, 1, 0]"
8,fits-mixed,0,joint,954546,7113318,22816759,11,7,8,4,3,709896,11,"[1, 1, 100000, 1000, 1, 0]"
8,fits-mixed,0,overload,1145154,6894209,21379268,11,6,0,0,14,0,0,"[1, 1, 100000, 1000, 1, 0]"
8,fits-mixed,0,ordering,1074073,6525861,23890353,11,6,7,5,3,862618,11,"[1, 1, 100000, 1000, 1, 0]"
8,fits-mixed,0,reference,1149054,6422664,21464698,11,6,0,0,0,0,0,"[1, 1, 100000, 1000, 1, 0]"
2,overflow-all-long,0,reference,15656873,16628555,227249044,0,1,0,0,0,0,0,"[4, 1, 100000, 150000, 1, 0]"
2,overflow-all-long,0,ordering,14985387,18067192,216995264,11,1,10,2,3,16260442,11,"[4, 1, 100000, 150000, 1, 0]"
2,overflow-all-long,0,joint,15622493,17499280,222531479,11,1,10,2,3,15391789,11,"[4, 1, 100000, 150000, 1, 0]"
2,overflow-all-long,0,overload,15307623,17693168,221605692,11,1,10,2,3,15631878,11,"[4, 1, 100000, 150000, 1, 0]"
4,overflow-all-long,1,reference,13496529,15650115,191747577,0,3,0,0,0,0,0,"[6, 1, 100000, 150000, 1, 0]"
4,overflow-all-long,1,joint,12628362,15958130,189189077,11,1,8,4,3,12458308,11,"[6, 1, 100000, 150000, 1, 0]"
4,overflow-all-long,1,ordering,13796258,16797394,202615233,0,3,10,2,4,13819615,11,"[6, 1, 100000, 150000, 1, 0]"
4,overflow-all-long,1,overload,12460305,16834797,189822885,11,1,8,4,3,12819503,11,"[6, 1, 100000, 150000, 1, 0]"
8,ordinary-only,0,overload,5664241,28664355,103858840,0,,11,3,1,6661557,11,"[10, 0, 1000, 1000, 1, 0, 12, 0, 150000]"
8,ordinary-only,0,reference,5765128,6633070,81821460,0,,0,0,0,0,0,"[10, 0, 1000, 1000, 1, 0, 12, 0, 150000]"
8,ordinary-only,0,joint,5804356,26991401,103038862,0,,8,6,1,5971394,11,"[10, 0, 1000, 1000, 1, 0, 12, 0, 150000]"
8,ordinary-only,0,ordering,5720124,27166359,103030569,0,,9,5,1,6315907,11,"[10, 0, 1000, 1000, 1, 0, 12, 0, 150000]"
8,many-loops,0,joint,4619927,4690818,93874264,0,1;1;1;1;1;1;1;1,4,8,14,3442411,11,"[2, 8, 65536, 1000, 1, 0]"
8,many-loops,0,ordering,4623463,5039964,95837622,48,1;1;1;1;1;1;1;1,6,6,8,3602293,11,"[2, 8, 65536, 1000, 1, 0]"
8,many-loops,0,overload,4492519,4651526,93931025,0,1;1;1;1;1;1;1;1,9,3,14,3221175,11,"[2, 8, 65536, 1000, 1, 0]"
8,many-loops,0,reference,4359721,4911834,62244980,0,1;1;1;1;1;1;1;1,0,0,0,0,0,"[2, 8, 65536, 1000, 1, 0]"
8,overflow-one-long,2,joint,7996288,16075847,148075465,11,1,9,3,3,8362847,11,"[10, 1, 100000, 1000, 1, 0, 12, 0, 200000]"
8,overflow-one-long,2,overload,8379886,16868862,147732057,11,1,11,1,3,8587279,11,"[10, 1, 100000, 1000, 1, 0, 12, 0, 200000]"
8,overflow-one-long,2,reference,9048458,15162513,130935867,0,7,0,0,0,0,0,"[10, 1, 100000, 1000, 1, 0, 12, 0, 200000]"
8,overflow-one-long,2,ordering,10250595,21427647,182550711,0,7,2,10,3,10202782,11,"[10, 1, 100000, 1000, 1, 0, 12, 0, 200000]"
4,fits-unequal-loops,0,overload,10433627,11916651,148692098,0,1;2,0,0,14,0,0,"[0, 2, 100000, 1000, 3, 0]"
4,fits-unequal-loops,0,reference,10371604,10792839,144311741,0,1;2,0,0,0,0,0,"[0, 2, 100000, 1000, 3, 0]"
4,fits-unequal-loops,0,ordering,11064835,12881097,160220684,0,1;2,11,1,14,11064326,11,"[0, 2, 100000, 1000, 3, 0]"
4,fits-unequal-loops,0,joint,7944738,11099585,120663855,0,3;3,7,5,3,7927414,11,"[0, 2, 100000, 1000, 3, 0]"
2,ordinary-only,0,joint,5574444,9135174,82292615,0,,8,6,13,6353173,11,"[4, 0, 1000, 1000, 1, 0, 12, 0, 150000]"
2,ordinary-only,0,ordering,5497343,8573739,80699827,0,,11,3,1,6067463,11,"[4, 0, 1000, 1000, 1, 0, 12, 0, 150000]"
2,ordinary-only,0,reference,5785937,6486810,80682546,0,,0,0,0,0,0,"[4, 0, 1000, 1000, 1, 0, 12, 0, 150000]"
2,ordinary-only,0,overload,5444016,9665041,83264146,0,,11,3,1,6381877,11,"[4, 0, 1000, 1000, 1, 0, 12, 0, 150000]"
8,many-loops,1,ordering,4515084,5034026,93552148,0,1;1;1;1;1;1;1;1,7,5,14,3335082,11,"[2, 8, 65536, 1000, 1, 0]"
8,many-loops,1,overload,5201126,4821577,99916531,0,1;1;1;1;1;1;1;1,5,7,14,3339794,11,"[2, 8, 65536, 1000, 1, 0]"
8,many-loops,1,reference,4288588,4594572,61630148,0,1;1;1;1;1;1;1;1,0,0,0,0,0,"[2, 8, 65536, 1000, 1, 0]"
8,many-loops,1,joint,4888194,5039422,100439614,64,1;1;1;1;1;1;1;1,8,4,6,3321233,11,"[2, 8, 65536, 1000, 1, 0]"
2,overflow-unequal-loops,2,joint,18347078,19372955,264099423,22,1;1,9,3,3,18484780,11,"[4, 2, 100000, 1000, 3, 0]"
2,overflow-unequal-loops,2,overload,22028139,21882270,316919191,22,1;1,8,4,3,18125662,11,"[4, 2, 100000, 1000, 3, 0]"
2,overflow-unequal-loops,2,ordering,20507475,20896309,294205967,22,1;1,10,2,3,20338724,11,"[4, 2, 100000, 1000, 3, 0]"
2,overflow-unequal-loops,2,reference,20896708,20559276,295647964,0,1;1,0,0,0,0,0,"[4, 2, 100000, 1000, 3, 0]"
2,independent-doacross,2,ordering,6630443,10766887,105034157,22,1;1,10,2,3,6482522,11,"[4, 2, 65536, 1000, 1, 0, 12, 0, 150000, 1]"
2,independent-doacross,2,overload,6775055,10592426,112142264,22,1;1,8,4,3,6871839,11,"[4, 2, 65536, 1000, 1, 0, 12, 0, 150000, 1]"
2,independent-doacross,2,reference,9440644,10832170,136818254,0,1;1,0,0,0,0,0,"[4, 2, 65536, 1000, 1, 0, 12, 0, 150000, 1]"
2,independent-doacross,2,joint,6311661,10505245,104049868,22,1;1,10,2,3,6678342,11,"[4, 2, 65536, 1000, 1, 0, 12, 0, 150000, 1]"
2,many-loops,1,joint,2772196,3606602,43614524,22,1;1,9,3,3,2746234,11,"[2, 2, 65536, 1000, 1, 0]"
2,many-loops,1,ordering,2827965,3234358,42778549,22,1;1,9,3,3,2623359,11,"[2, 2, 65536, 1000, 1, 0]"
2,many-loops,1,overload,2690622,3441188,42281498,22,1;1,9,3,3,2674459,11,"[2, 2, 65536, 1000, 1, 0]"
2,many-loops,1,reference,2922591,3205019,42366579,0,1;1,0,0,0,0,0,"[2, 2, 65536, 1000, 1, 0]"
2,sequential-sites,0,reference,16650626,17582447,233487545,0,1;1;1,0,0,0,0,0,"[0, 3, 65536, 1000, 3, 0, 12, 1]"
2,sequential-sites,0,ordering,18996960,19424372,270349355,0,1;1;1,11,1,13,18232133,11,"[0, 3, 65536, 1000, 3, 0, 12, 1]"
2,sequential-sites,0,joint,17889372,21421084,259387445,0,1;1;1,11,1,8,19254785,11,"[0, 3, 65536, 1000, 3, 0, 12, 1]"
2,sequential-sites,0,overload,16581760,17586942,232760305,0,1;1;1,0,0,14,0,0,"[0, 3, 65536, 1000, 3, 0, 12, 1]"
4,many-loops,2,ordering,3341314,4059450,57338777,44,1;1;1;1,10,2,3,2820997,11,"[2, 4, 65536, 1000, 1, 0]"
4,many-loops,2,overload,3853722,4134346,59199044,44,1;1;1;1,9,3,3,2719925,11,"[2, 4, 65536, 1000, 1, 0]"
4,many-loops,2,reference,3193844,3263049,47511026,0,1;1;1;1,0,0,0,0,0,"[2, 4, 65536, 1000, 1, 0]"
4,many-loops,2,joint,3303335,3423213,55182973,44,1;1;1;1,10,2,3,2725261,11,"[2, 4, 65536, 1000, 1, 0]"
2,fits-unequal-loops,2,joint,18513165,18823268,260284510,0,1;1,10,2,14,19540058,11,"[0, 2, 100000, 1000, 3, 0]"
2,fits-unequal-loops,2,reference,18327048,18985321,256809242,0,1;1,0,0,0,0,0,"[0, 2, 100000, 1000, 3, 0]"
2,fits-unequal-loops,2,ordering,18343487,18847497,261833836,0,1;1,7,5,14,18220354,11,"[0, 2, 100000, 1000, 3, 0]"
2,fits-unequal-loops,2,overload,18509474,19495130,260049450,0,1;1,0,0,14,0,0,"[0, 2, 100000, 1000, 3, 0]"
4,fits-mixed,1,joint,1590914,3429412,27158599,11,3,8,4,3,1335257,11,"[1, 1, 100000, 1000, 1, 0]"
4,fits-mixed,1,ordering,2126455,3588928,34279135,11,2,6,6,3,1983755,11,"[1, 1, 100000, 1000, 1, 0]"
4,fits-mixed,1,reference,2209518,3290111,32122079,11,2,0,0,0,0,0,"[1, 1, 100000, 1000, 1, 0]"
4,fits-mixed,1,overload,2202556,4170607,33146002,11,2,0,0,14,0,0,"[1, 1, 100000, 1000, 1, 0]"
