p,case,run,policy,steady_ns,first_ns,all14_ns,early_loops,widths,cache_hits,plans,reference_calls,level_prediction_ns,predicted_samples,calibration_runs,revalidations,learning_ns,evaluations,args
2,tiny,1,overload,36322,807712,2330134,11,1,9,1,3,36519,11,12,2,602299,16,"[4, 1, 1025, 16, 1, 0]"
2,tiny,1,previous,37314,703858,4199804,11,1,6,6,3,37534,11,0,0,0,0,"[4, 1, 1025, 16, 1, 0]"
2,tiny,1,joint,36212,799713,2437891,11,1,8,1,3,44095,11,12,3,737893,16,"[4, 1, 1025, 16, 1, 0]"
2,tiny,1,ordering,36055,722055,2233345,11,1,7,1,3,37063,11,12,4,659944,16,"[4, 1, 1025, 16, 1, 0]"
2,tiny,1,reference,150668,462759,2444605,0,1,0,0,0,0,0,0,0,0,0,"[4, 1, 1025, 16, 1, 0]"
4,fits-mixed,2,joint,1824076,2851146,27451682,11,2,9,1,3,1717659,11,12,2,598410,16,"[1, 1, 100000, 1000, 1, 0]"
4,fits-mixed,2,overload,1894896,3504673,28764481,11,2,0,0,14,0,0,0,0,0,0,"[1, 1, 100000, 1000, 1, 0]"
4,fits-mixed,2,previous,1240406,3016804,22457936,11,3,8,4,3,1169009,11,0,0,0,0,"[1, 1, 100000, 1000, 1, 0]"
4,fits-mixed,2,reference,1859263,2553272,27060904,11,2,0,0,0,0,0,0,0,0,0,"[1, 1, 100000, 1000, 1, 0]"
4,fits-mixed,2,ordering,1776701,2882054,27480185,11,2,8,1,3,1765110,11,12,3,640008,14,"[1, 1, 100000, 1000, 1, 0]"
8,sequential-sites,1,joint,3231650,9032578,51216249,0,7;7;7,11,1,6,2497933,11,8,0,238622,40,"[0, 3, 65536, 1000, 3, 0, 12, 1]"
8,sequential-sites,1,overload,3157546,8987553,50173940,0,7;7;7,0,0,14,0,0,0,0,0,0,"[0, 3, 65536, 1000, 3, 0, 12, 1]"
8,sequential-sites,1,previous,2934590,8520087,47747465,0,7;7;7,9,3,5,2444501,11,0,0,0,0,"[0, 3, 65536, 1000, 3, 0, 12, 1]"
8,sequential-sites,1,ordering,2999856,8324178,48843896,0,7;7;7,10,1,3,2449821,11,8,1,202723,7,"[0, 3, 65536, 1000, 3, 0, 12, 1]"
8,sequential-sites,1,reference,3541179,14259006,75755983,0,7;7;7,0,0,0,0,0,0,0,0,0,"[0, 3, 65536, 1000, 3, 0, 12, 1]"
8,overflow-short,2,previous,1054444,6857466,42477645,11,6,9,3,3,790327,11,0,0,0,0,"[10, 1, 100000, 1000, 1, 0]"
8,overflow-short,2,ordering,1088029,6651208,21591207,11,7,10,1,3,873999,11,12,1,562495,16,"[10, 1, 100000, 1000, 1, 0]"
8,overflow-short,2,joint,1053810,6996573,22044345,11,7,11,1,3,891427,11,12,0,613476,16,"[10, 1, 100000, 1000, 1, 0]"
8,overflow-short,2,reference,1196959,6501273,22079236,0,7,0,0,0,0,0,0,0,0,0,"[10, 1, 100000, 1000, 1, 0]"
8,overflow-short,2,overload,1070030,6480821,21441211,11,7,10,1,3,858113,11,12,1,579374,16,"[10, 1, 100000, 1000, 1, 0]"
8,streaming,1,previous,626360,5351474,34715375,22,1;1,3,9,3,496144,11,0,0,0,0,"[10, 2, 500000, 1000, 1, 0, 0]"
8,streaming,1,reference,720513,5263912,15379972,0,1;1,0,0,0,0,0,0,0,0,0,"[10, 2, 500000, 1000, 1, 0, 0]"
8,streaming,1,overload,361345,5551122,12046281,22,1;1,8,1,3,348136,11,12,3,597771,16,"[10, 2, 500000, 1000, 1, 0, 0]"
8,streaming,1,ordering,362667,5227391,11742045,22,1;1,9,1,3,357488,11,12,2,587936,16,"[10, 2, 500000, 1000, 1, 0, 0]"
8,streaming,1,joint,381474,5394605,11874335,22,1;1,8,1,3,351036,11,12,3,582004,16,"[10, 2, 500000, 1000, 1, 0, 0]"
4,overflow-one-long,0,previous,6328379,9776335,99578249,11,1,10,2,3,6899320,11,0,0,0,0,"[6, 1, 100000, 1000, 1, 0, 12, 0, 200000]"
4,overflow-one-long,0,overload,6336755,10187391,95629079,11,1,10,1,3,6735252,11,12,1,660065,16,"[6, 1, 100000, 1000, 1, 0, 12, 0, 200000]"
4,overflow-one-long,0,reference,7464155,9583641,107373707,0,3,0,0,0,0,0,0,0,0,0,"[6, 1, 100000, 1000, 1, 0, 12, 0, 200000]"
4,overflow-one-long,0,joint,6362470,10128744,95247213,11,1,10,1,3,7190109,11,12,1,624846,16,"[6, 1, 100000, 1000, 1, 0, 12, 0, 200000]"
4,overflow-one-long,0,ordering,7529099,9882516,109600530,0,3,10,1,14,7613934,11,12,1,714507,16,"[6, 1, 100000, 1000, 1, 0, 12, 0, 200000]"
8,overflow-all-long,1,ordering,10928911,17121490,162059363,0,7,10,1,14,11602463,11,12,1,686248,104,"[10, 1, 100000, 150000, 1, 0]"
8,overflow-all-long,1,previous,10652568,18960118,177892460,11,1,8,4,3,11434716,11,0,0,0,0,"[10, 1, 100000, 150000, 1, 0]"
8,overflow-all-long,1,reference,10581614,17648349,159447612,0,7,0,0,0,0,0,0,0,0,0,"[10, 1, 100000, 150000, 1, 0]"
8,overflow-all-long,1,joint,10673166,17620349,159362219,0,7,10,1,14,10824751,11,12,1,814334,207,"[10, 1, 100000, 150000, 1, 0]"
8,overflow-all-long,1,overload,11073074,17379639,161841463,3,7,10,1,11,11228481,11,12,1,768800,207,"[10, 1, 100000, 150000, 1, 0]"
4,ordinary-only,2,joint,4909267,7028146,70740118,0,,9,2,1,5037817,11,12,3,848682,57,"[6, 0, 1000, 1000, 1, 0, 12, 0, 150000]"
4,ordinary-only,2,overload,4857534,6743642,70393100,0,,11,2,1,5358412,11,12,1,854881,57,"[6, 0, 1000, 1000, 1, 0, 12, 0, 150000]"
4,ordinary-only,2,ordering,5148835,7286200,74030742,0,,10,2,1,5402841,11,12,2,982140,41,"[6, 0, 1000, 1000, 1, 0, 12, 0, 150000]"
4,ordinary-only,2,reference,4887474,5709183,69185720,0,,0,0,0,0,0,0,0,0,0,"[6, 0, 1000, 1000, 1, 0, 12, 0, 150000]"
4,ordinary-only,2,previous,5066910,11867065,77927182,0,,9,5,1,5213559,11,0,0,0,0,"[6, 0, 1000, 1000, 1, 0, 12, 0, 150000]"
2,sequential-sites,1,reference,14226468,14913459,199289337,0,1;1;1,0,0,0,0,0,0,0,0,0,"[0, 3, 65536, 1000, 3, 0, 12, 1]"
2,sequential-sites,1,overload,14263323,14883668,200396067,0,1;1;1,0,0,14,0,0,0,0,0,0,"[0, 3, 65536, 1000, 3, 0, 12, 1]"
2,sequential-sites,1,ordering,14285858,14940964,200156037,0,1;1;1,9,1,14,14205265,11,8,2,68016,7,"[0, 3, 65536, 1000, 3, 0, 12, 1]"
2,sequential-sites,1,previous,14277696,14853281,201408535,0,1;1;1,10,2,13,14171962,11,0,0,0,0,"[0, 3, 65536, 1000, 3, 0, 12, 1]"
2,sequential-sites,1,joint,14122112,14845693,199375686,0,1;1;1,9,1,14,14202817,11,8,2,65581,22,"[0, 3, 65536, 1000, 3, 0, 12, 1]"
8,tiny,0,previous,40519,6881169,26820771,11,1,7,5,3,41146,11,0,0,0,0,"[10, 1, 1025, 16, 1, 0]"
8,tiny,0,reference,387904,5452752,10528926,0,1,0,0,0,0,0,0,0,0,0,"[10, 1, 1025, 16, 1, 0]"
8,tiny,0,overload,40666,5553403,7800346,11,1,8,1,3,39605,11,12,3,628680,16,"[10, 1, 1025, 16, 1, 0]"
8,tiny,0,joint,40647,5496090,7620370,11,1,10,1,3,38812,11,12,1,673316,16,"[10, 1, 1025, 16, 1, 0]"
8,tiny,0,ordering,41042,5798962,7954530,11,1,8,1,3,39177,11,12,3,588871,16,"[10, 1, 1025, 16, 1, 0]"
8,tiny,1,previous,40941,5592397,26153871,11,1,7,5,3,41130,11,0,0,0,0,"[10, 1, 1025, 16, 1, 0]"
8,tiny,1,joint,41116,5946655,8150161,11,1,7,1,3,40290,11,12,4,661480,16,"[10, 1, 1025, 16, 1, 0]"
8,tiny,1,overload,41106,5582943,7629271,11,1,8,1,3,39481,11,12,3,567714,16,"[10, 1, 1025, 16, 1, 0]"
8,tiny,1,ordering,40987,5540498,7643259,11,1,9,1,3,40359,11,12,2,592583,16,"[10, 1, 1025, 16, 1, 0]"
8,tiny,1,reference,459601,5356755,11371857,0,1,0,0,0,0,0,0,0,0,0,"[10, 1, 1025, 16, 1, 0]"
2,tiny,2,ordering,35633,593639,1968881,11,1,8,1,3,35353,11,12,3,576934,16,"[4, 1, 1025, 16, 1, 0]"
2,tiny,2,previous,91085,661121,3745242,11,1,5,7,3,109950,11,0,0,0,0,"[4, 1, 1025, 16, 1, 0]"
2,tiny,2,overload,35679,591646,2051111,11,1,9,1,3,35386,11,12,2,618050,16,"[4, 1, 1025, 16, 1, 0]"
2,tiny,2,reference,131153,403569,2204416,0,1,0,0,0,0,0,0,0,0,0,"[4, 1, 1025, 16, 1, 0]"
2,tiny,2,joint,35606,621690,2180359,11,1,8,1,3,36213,11,12,3,728339,16,"[4, 1, 1025, 16, 1, 0]"
8,fits-unequal-loops,0,overload,3637067,8375829,58379534,0,1;6,0,0,14,0,0,0,0,0,0,"[0, 2, 100000, 1000, 3, 0]"
8,fits-unequal-loops,0,previous,3518698,8917249,57786759,0,7;7,7,5,3,2978594,11,0,0,0,0,"[0, 2, 100000, 1000, 3, 0]"
8,fits-unequal-loops,0,ordering,3363785,8080541,58312010,0,1;6,10,1,12,3275753,11,12,1,596822,14,"[0, 2, 100000, 1000, 3, 0]"
8,fits-unequal-loops,0,joint,4072671,8079174,60291552,0,1;6,9,1,12,3291038,11,12,2,1465545,16,"[0, 2, 100000, 1000, 3, 0]"
8,fits-unequal-loops,0,reference,3650870,8122989,58427105,0,1;6,0,0,0,0,0,0,0,0,0,"[0, 2, 100000, 1000, 3, 0]"
2,independent-doacross,1,previous,4892662,8324275,78682025,22,1;1,9,3,3,4910786,11,0,0,0,0,"[4, 2, 65536, 1000, 1, 0, 12, 0, 150000, 1]"
2,independent-doacross,1,reference,6957569,7792402,98289755,0,1;1,0,0,0,0,0,0,0,0,0,"[4, 2, 65536, 1000, 1, 0, 12, 0, 150000, 1]"
2,independent-doacross,1,joint,4905584,8191901,73928879,22,1;1,8,1,2,4811274,11,12,3,582334,16,"[4, 2, 65536, 1000, 1, 0, 12, 0, 150000, 1]"
2,independent-doacross,1,overload,4779555,8433631,74180514,22,1;1,10,1,2,5045583,11,12,1,703500,16,"[4, 2, 65536, 1000, 1, 0, 12, 0, 150000, 1]"
2,independent-doacross,1,ordering,4714837,8285708,73461970,22,1;1,7,1,2,4864055,11,12,4,805564,16,"[4, 2, 65536, 1000, 1, 0, 12, 0, 150000, 1]"
2,ordinary-only,2,overload,4626609,6682331,67417844,0,,11,2,1,5288894,11,12,1,751445,36,"[4, 0, 1000, 1000, 1, 0, 12, 0, 150000]"
2,ordinary-only,2,ordering,4644058,6827489,67786809,0,,11,2,1,5355067,11,12,1,780904,28,"[4, 0, 1000, 1000, 1, 0, 12, 0, 150000]"
2,ordinary-only,2,reference,4622788,5740958,66007566,0,,0,0,0,0,0,0,0,0,0,"[4, 0, 1000, 1000, 1, 0, 12, 0, 150000]"
2,ordinary-only,2,previous,4741911,7291423,69104511,0,,10,4,13,4889515,11,0,0,0,0,"[4, 0, 1000, 1000, 1, 0, 12, 0, 150000]"
2,ordinary-only,2,joint,4665309,6837088,68007272,0,,11,2,1,5423268,11,12,1,777552,36,"[4, 0, 1000, 1000, 1, 0, 12, 0, 150000]"
4,sequential-sites,0,reference,5288997,7103601,75743068,0,3;3;3,0,0,0,0,0,0,0,0,0,"[0, 3, 65536, 1000, 3, 0, 12, 1]"
4,sequential-sites,0,joint,5289162,7023113,75729888,0,3;3;3,10,1,12,5078167,11,8,1,113906,28,"[0, 3, 65536, 1000, 3, 0, 12, 1]"
4,sequential-sites,0,previous,5266901,7126102,76319775,0,3;3;3,10,2,4,5020904,11,0,0,0,0,"[0, 3, 65536, 1000, 3, 0, 12, 1]"
4,sequential-sites,0,ordering,5302149,6786514,76851271,0,3;3;3,11,1,3,5046189,11,8,0,128269,7,"[0, 3, 65536, 1000, 3, 0, 12, 1]"
4,sequential-sites,0,overload,5363955,6728604,76563873,0,3;3;3,0,0,14,0,0,0,0,0,0,"[0, 3, 65536, 1000, 3, 0, 12, 1]"
2,streaming,1,overload,364550,1040223,6808362,22,1;1,6,1,3,363380,11,12,5,545493,16,"[4, 2, 500000, 1000, 1, 0, 0]"
2,streaming,1,previous,381282,961366,8852489,22,1;1,9,3,3,416257,11,0,0,0,0,"[4, 2, 500000, 1000, 1, 0, 0]"
2,streaming,1,joint,376607,1053286,6964224,22,1;1,7,1,3,364102,11,12,4,546158,16,"[4, 2, 500000, 1000, 1, 0, 0]"
2,streaming,1,reference,418863,780801,6545190,0,1;1,0,0,0,0,0,0,0,0,0,"[4, 2, 500000, 1000, 1, 0, 0]"
2,streaming,1,ordering,408292,1080269,7234810,12,1;1,6,1,8,377851,11,12,5,544478,16,"[4, 2, 500000, 1000, 1, 0, 0]"
2,overflow-one-long,2,previous,6392142,10663702,99169090,11,1,9,3,2,6610787,11,0,0,0,0,"[4, 1, 100000, 1000, 1, 0, 12, 0, 200000]"
2,overflow-one-long,2,joint,6243457,10953698,96586838,11,1,11,1,2,7045526,11,12,0,572250,16,"[4, 1, 100000, 1000, 1, 0, 12, 0, 200000]"
2,overflow-one-long,2,ordering,6430094,10862830,97875716,11,1,10,1,2,6735912,11,12,1,571070,16,"[4, 1, 100000, 1000, 1, 0, 12, 0, 200000]"
2,overflow-one-long,2,overload,6370378,10875412,97128319,11,1,9,1,2,6616929,11,12,2,584272,16,"[4, 1, 100000, 1000, 1, 0, 12, 0, 200000]"
2,overflow-one-long,2,reference,9549569,10651221,135461538,0,1,0,0,0,0,0,0,0,0,0,"[4, 1, 100000, 1000, 1, 0, 12, 0, 200000]"
8,overflow-one-long,1,reference,7350276,13584411,110492914,0,7,0,0,0,0,0,0,0,0,0,"[10, 1, 100000, 1000, 1, 0, 12, 0, 200000]"
8,overflow-one-long,1,ordering,7383347,13450598,110713856,0,7,11,1,14,7448059,11,12,0,644792,16,"[10, 1, 100000, 1000, 1, 0, 12, 0, 200000]"
8,overflow-one-long,1,overload,7147296,14355504,108203867,0,7,9,1,9,7151954,11,12,2,575812,16,"[10, 1, 100000, 1000, 1, 0, 12, 0, 200000]"
8,overflow-one-long,1,joint,7143246,13049816,106826495,0,7,10,1,8,6969411,11,12,1,599746,16,"[10, 1, 100000, 1000, 1, 0, 12, 0, 200000]"
8,overflow-one-long,1,previous,6510237,13293176,117313276,11,1,9,3,3,6789991,11,0,0,0,0,"[10, 1, 100000, 1000, 1, 0, 12, 0, 200000]"
4,tiny,1,overload,42732,1726824,3466082,11,1,8,2,3,43484,11,12,2,612117,32,"[6, 1, 1025, 16, 1, 0]"
4,tiny,1,reference,199499,1389045,4083044,0,1,0,0,0,0,0,0,0,0,0,"[6, 1, 1025, 16, 1, 0]"
4,tiny,1,previous,36837,1548796,7803761,11,1,9,3,3,36907,11,0,0,0,0,"[6, 1, 1025, 16, 1, 0]"
4,tiny,1,ordering,37112,1795647,3335809,11,1,7,1,3,36854,11,12,4,577983,16,"[6, 1, 1025, 16, 1, 0]"
4,tiny,1,joint,37222,1600997,3361590,11,1,9,1,3,36819,11,12,2,700077,16,"[6, 1, 1025, 16, 1, 0]"
4,fits-unequal-loops,2,overload,8180140,9145805,115935443,0,1;2,0,0,14,0,0,0,0,0,0,"[0, 2, 100000, 1000, 3, 0]"
4,fits-unequal-loops,2,ordering,8201832,9988865,118155903,0,1;2,10,1,10,8146299,11,12,1,656355,14,"[0, 2, 100000, 1000, 3, 0]"
4,fits-unequal-loops,2,reference,8234122,9135418,116792544,0,1;2,0,0,0,0,0,0,0,0,0,"[0, 2, 100000, 1000, 3, 0]"
4,fits-unequal-loops,2,joint,8264824,9391754,118075544,0,1;2,10,1,3,7973854,11,12,1,1050825,16,"[0, 2, 100000, 1000, 3, 0]"
4,fits-unequal-loops,2,previous,6672937,9241354,101003577,0,3;3,7,5,3,6421423,11,0,0,0,0,"[0, 2, 100000, 1000, 3, 0]"
8,overflow-all-long,0,previous,10976523,17545104,178077949,11,1,7,5,3,11784692,11,0,0,0,0,"[10, 1, 100000, 150000, 1, 0]"
8,overflow-all-long,0,reference,11511871,16936569,165572422,0,7,0,0,0,0,0,0,0,0,0,"[10, 1, 100000, 150000, 1, 0]"
8,overflow-all-long,0,joint,11190929,17954555,167168763,4,7,10,1,10,11332975,11,12,1,861865,207,"[10, 1, 100000, 150000, 1, 0]"
8,overflow-all-long,0,ordering,10829087,20491305,165923990,0,7,8,1,14,11055515,11,12,3,673253,104,"[10, 1, 100000, 150000, 1, 0]"
8,overflow-all-long,0,overload,10903396,17828774,160481115,0,7,9,1,14,10927126,11,12,2,780328,207,"[10, 1, 100000, 150000, 1, 0]"
4,many-loops,1,overload,2407916,3414196,36597606,44,1;1;1;1,8,1,3,2488017,11,12,3,545323,16,"[2, 4, 65536, 1000, 1, 0]"
4,many-loops,1,previous,2634290,3007207,43983064,32,1;1;1;1,8,4,6,2286961,11,0,0,0,0,"[2, 4, 65536, 1000, 1, 0]"
4,many-loops,1,joint,2516522,3166609,36714599,24,1;1;1;1,8,1,8,2334935,11,12,3,662610,16,"[2, 4, 65536, 1000, 1, 0]"
4,many-loops,1,ordering,2471774,3182883,38140242,8,1;1;1;1,10,1,12,2514119,11,12,1,632725,16,"[2, 4, 65536, 1000, 1, 0]"
4,many-loops,1,reference,2457723,2874932,36128903,0,1;1;1;1,0,0,0,0,0,0,0,0,0,"[2, 4, 65536, 1000, 1, 0]"
4,streaming,1,previous,545589,1769405,15123758,22,1;1,1,11,3,398295,11,0,0,0,0,"[6, 2, 500000, 1000, 1, 0, 0]"
4,streaming,1,overload,456093,1736137,8929426,22,1;1,6,1,3,413894,11,12,5,750533,16,"[6, 2, 500000, 1000, 1, 0, 0]"
4,streaming,1,reference,495418,1451701,7995906,0,1;1,0,0,0,0,0,0,0,0,0,"[6, 2, 500000, 1000, 1, 0, 0]"
4,streaming,1,ordering,356459,1685304,7513987,22,1;1,7,1,3,371441,11,12,4,609816,16,"[6, 2, 500000, 1000, 1, 0, 0]"
4,streaming,1,joint,377784,1498828,7454202,22,1;1,8,1,3,349249,11,12,3,660332,16,"[6, 2, 500000, 1000, 1, 0, 0]"
2,sequential-sites,2,reference,15141719,15651728,213170106,0,1;1;1,0,0,0,0,0,0,0,0,0,"[0, 3, 65536, 1000, 3, 0, 12, 1]"
2,sequential-sites,2,overload,15309841,16157343,215137397,0,1;1;1,0,0,14,0,0,0,0,0,0,"[0, 3, 65536, 1000, 3, 0, 12, 1]"
2,sequential-sites,2,ordering,15279265,15865586,217160428,0,1;1;1,10,1,3,15235072,11,8,1,70476,7,"[0, 3, 65536, 1000, 3, 0, 12, 1]"
2,sequential-sites,2,joint,15382385,16375935,215891638,0,1;1;1,10,1,10,15254196,11,8,1,65963,22,"[0, 3, 65536, 1000, 3, 0, 12, 1]"
2,sequential-sites,2,previous,15315047,16389583,216279663,0,1;1;1,8,4,13,15200708,11,0,0,0,0,"[0, 3, 65536, 1000, 3, 0, 12, 1]"
2,streaming,2,previous,402524,1122446,10127084,22,1;1,9,3,3,368142,11,0,0,0,0,"[4, 2, 500000, 1000, 1, 0, 0]"
2,streaming,2,reference,424419,854037,6588788,0,1;1,0,0,0,0,0,0,0,0,0,"[4, 2, 500000, 1000, 1, 0, 0]"
2,streaming,2,joint,432536,1001023,7763466,8,1;1,9,1,10,465324,11,12,2,588898,16,"[4, 2, 500000, 1000, 1, 0, 0]"
2,streaming,2,ordering,448185,1361270,8030222,0,1;1,7,1,14,464791,11,12,4,619358,16,"[4, 2, 500000, 1000, 1, 0, 0]"
2,streaming,2,overload,422608,2090400,9138198,22,1;1,5,1,3,420255,11,12,6,712876,16,"[4, 2, 500000, 1000, 1, 0, 0]"
8,streaming,2,reference,782500,5641494,15734423,0,1;1,0,0,0,0,0,0,0,0,0,"[10, 2, 500000, 1000, 1, 0, 0]"
8,streaming,2,ordering,411615,5891109,12918836,22,1;1,5,1,3,377730,11,12,6,601837,16,"[10, 2, 500000, 1000, 1, 0, 0]"
8,streaming,2,previous,434079,5860915,34124472,22,1;1,6,6,3,357312,11,0,0,0,0,"[10, 2, 500000, 1000, 1, 0, 0]"
8,streaming,2,joint,395545,6284700,13264427,22,1;1,5,1,3,391424,11,12,6,681842,16,"[10, 2, 500000, 1000, 1, 0, 0]"
8,streaming,2,overload,395050,6130767,13281934,22,1;1,4,1,3,384356,11,12,7,667800,16,"[10, 2, 500000, 1000, 1, 0, 0]"
8,sequential-sites,0,ordering,3178082,9315219,51830573,0,7;7;7,10,1,3,2603981,11,8,1,423597,7,"[0, 3, 65536, 1000, 3, 0, 12, 1]"
8,sequential-sites,0,joint,3208078,11011983,57512093,0,7;7;7,10,1,3,2631653,11,8,1,1531394,16,"[0, 3, 65536, 1000, 3, 0, 12, 1]"
8,sequential-sites,0,overload,3353808,8868299,52362958,0,7;7;7,0,0,14,0,0,0,0,0,0,"[0, 3, 65536, 1000, 3, 0, 12, 1]"
8,sequential-sites,0,previous,3257646,11987936,71651266,0,7;7;7,9,3,5,2686474,11,0,0,0,0,"[0, 3, 65536, 1000, 3, 0, 12, 1]"
8,sequential-sites,0,reference,3459180,9807265,54541928,0,7;7;7,0,0,0,0,0,0,0,0,0,"[0, 3, 65536, 1000, 3, 0, 12, 1]"
8,overflow-unequal-loops,1,reference,4178894,8882861,68409370,0,1;6,0,0,0,0,0,0,0,0,0,"[10, 2, 100000, 1000, 3, 0]"
8,overflow-unequal-loops,1,joint,3731774,10037784,64966624,22,1;6,6,1,3,3499550,11,12,5,1574311,48,"[10, 2, 100000, 1000, 3, 0]"
8,overflow-unequal-loops,1,ordering,4515105,9192150,70474311,4,1;6,10,1,12,4296176,11,12,1,772056,115,"[10, 2, 100000, 1000, 3, 0]"
8,overflow-unequal-loops,1,previous,4067286,8772406,85081281,22,1;6,10,2,3,3487390,11,0,0,0,0,"[10, 2, 100000, 1000, 3, 0]"
8,overflow-unequal-loops,1,overload,4775319,10333704,72198750,22,1;6,10,1,3,3512335,11,12,1,1648410,48,"[10, 2, 100000, 1000, 3, 0]"
2,tiny,0,overload,38376,639063,2126451,11,1,7,1,3,38891,11,12,4,593509,16,"[4, 1, 1025, 16, 1, 0]"
2,tiny,0,joint,38336,662730,2236458,11,1,9,1,3,38712,11,12,2,683328,16,"[4, 1, 1025, 16, 1, 0]"
2,tiny,0,previous,38118,654386,3743960,11,1,8,4,3,38768,11,0,0,0,0,"[4, 1, 1025, 16, 1, 0]"
2,tiny,0,reference,138151,391918,2233587,0,1,0,0,0,0,0,0,0,0,0,"[4, 1, 1025, 16, 1, 0]"
2,tiny,0,ordering,38554,638821,2153787,11,1,6,1,3,40183,11,12,5,658168,16,"[4, 1, 1025, 16, 1, 0]"
2,overflow-one-long,1,reference,10254608,11399869,144940915,0,1,0,0,0,0,0,0,0,0,0,"[4, 1, 100000, 1000, 1, 0, 12, 0, 200000]"
2,overflow-one-long,1,joint,6831026,11472839,104831446,11,1,9,1,2,7006610,11,12,2,719883,16,"[4, 1, 100000, 1000, 1, 0, 12, 0, 200000]"
2,overflow-one-long,1,previous,6881776,11248177,106750289,11,1,11,1,2,7385601,11,0,0,0,0,"[4, 1, 100000, 1000, 1, 0, 12, 0, 200000]"
2,overflow-one-long,1,overload,6832181,11609811,104516747,11,1,10,1,2,7265037,11,12,1,704748,16,"[4, 1, 100000, 1000, 1, 0, 12, 0, 200000]"
2,overflow-one-long,1,ordering,6890129,11756781,105669632,11,1,10,1,2,7214998,11,12,1,702571,16,"[4, 1, 100000, 1000, 1, 0, 12, 0, 200000]"
2,many-loops,2,reference,2446105,3228010,35946010,0,1;1,0,0,0,0,0,0,0,0,0,"[2, 2, 65536, 1000, 1, 0]"
2,many-loops,2,joint,2468228,3302395,37261817,22,1;1,10,1,3,2386481,11,12,1,671619,16,"[2, 2, 65536, 1000, 1, 0]"
2,many-loops,2,overload,2474236,3224277,36934769,0,1;1,11,1,14,2481169,11,12,0,1152696,16,"[2, 2, 65536, 1000, 1, 0]"
2,many-loops,2,ordering,2443539,3250034,36015149,12,1;1,10,1,8,2358968,11,12,1,665284,16,"[2, 2, 65536, 1000, 1, 0]"
2,many-loops,2,previous,2386795,3160138,36688235,22,1;1,10,2,3,2291134,11,0,0,0,0,"[2, 2, 65536, 1000, 1, 0]"
8,overflow-unequal-loops,0,reference,4004938,8800921,65601855,0,1;6,0,0,0,0,0,0,0,0,0,"[10, 2, 100000, 1000, 3, 0]"
8,overflow-unequal-loops,0,joint,5166253,10157850,77672126,16,1;6,11,1,6,3475089,11,12,0,1577332,48,"[10, 2, 100000, 1000, 3, 0]"
8,overflow-unequal-loops,0,previous,4116203,8619309,85930367,22,1;6,11,1,3,3442546,11,0,0,0,0,"[10, 2, 100000, 1000, 3, 0]"
8,overflow-unequal-loops,0,overload,4603328,9481733,68771933,8,1;6,10,1,10,4121525,11,12,1,1516645,48,"[10, 2, 100000, 1000, 3, 0]"
8,overflow-unequal-loops,0,ordering,4750356,10441200,70853550,4,1;6,9,1,12,4301803,11,12,2,733622,115,"[10, 2, 100000, 1000, 3, 0]"
4,independent-doacross,2,previous,5211854,9603615,89255843,22,1;1,9,3,3,5292581,11,0,0,0,0,"[6, 2, 65536, 1000, 1, 0, 12, 0, 150000, 1]"
4,independent-doacross,2,ordering,5104695,9459202,79719706,22,1;1,10,1,2,5306163,11,12,1,715011,16,"[6, 2, 65536, 1000, 1, 0, 12, 0, 150000, 1]"
4,independent-doacross,2,joint,5173756,9433385,79944479,22,1;1,8,1,2,5335783,11,12,3,756654,16,"[6, 2, 65536, 1000, 1, 0, 12, 0, 150000, 1]"
4,independent-doacross,2,reference,7542051,9123775,107662661,0,1;1,0,0,0,0,0,0,0,0,0,"[6, 2, 65536, 1000, 1, 0, 12, 0, 150000, 1]"
4,independent-doacross,2,overload,5102330,9344102,79733354,22,1;1,10,1,2,5302511,11,12,1,702575,16,"[6, 2, 65536, 1000, 1, 0, 12, 0, 150000, 1]"
8,overflow-short,1,previous,1116824,7034488,41310172,11,6,7,5,3,803455,11,0,0,0,0,"[10, 1, 100000, 1000, 1, 0]"
8,overflow-short,1,reference,1273721,6594149,23271139,0,7,0,0,0,0,0,0,0,0,0,"[10, 1, 100000, 1000, 1, 0]"
8,overflow-short,1,joint,1159436,7116117,23795418,11,7,11,1,3,932244,11,12,0,626047,16,"[10, 1, 100000, 1000, 1, 0]"
8,overflow-short,1,ordering,1144669,7047860,23132719,11,7,11,1,3,914059,11,12,0,601838,16,"[10, 1, 100000, 1000, 1, 0]"
8,overflow-short,1,overload,1136283,6762253,22876564,11,7,11,1,3,905474,11,12,0,583880,16,"[10, 1, 100000, 1000, 1, 0]"
2,fits-mixed,2,ordering,3467469,3994553,49367404,11,1,10,1,12,3394355,11,12,1,671826,14,"[1, 1, 100000, 1000, 1, 0]"
2,fits-mixed,2,joint,3292675,3991989,47968313,11,1,9,1,3,3294162,11,12,2,689701,16,"[1, 1, 100000, 1000, 1, 0]"
2,fits-mixed,2,overload,3429638,3927919,49085050,11,1,0,0,14,0,0,0,0,0,0,"[1, 1, 100000, 1000, 1, 0]"
2,fits-mixed,2,reference,3363914,3722836,48143997,11,1,0,0,0,0,0,0,0,0,0,"[1, 1, 100000, 1000, 1, 0]"
2,fits-mixed,2,previous,3323894,3851552,49540558,11,1,8,4,3,3312536,11,0,0,0,0,"[1, 1, 100000, 1000, 1, 0]"
8,many-loops,2,overload,3878141,4518519,56552890,16,1;1;1;1;1;1;1;1,6,1,12,2942836,11,12,5,1494257,48,"[2, 8, 65536, 1000, 1, 0]"
8,many-loops,2,reference,3743054,4108095,53161517,0,1;1;1;1;1;1;1;1,0,0,0,0,0,0,0,0,0,"[2, 8, 65536, 1000, 1, 0]"
8,many-loops,2,joint,3771842,4378594,55453425,16,1;1;1;1;1;1;1;1,11,1,12,3154948,11,12,0,1523346,48,"[2, 8, 65536, 1000, 1, 0]"
8,many-loops,2,previous,3789821,4438554,78992787,0,1;1;1;1;1;1;1;1,7,5,14,2838878,11,0,0,0,0,"[2, 8, 65536, 1000, 1, 0]"
8,many-loops,2,ordering,4019138,4582392,59979338,16,1;1;1;1;1;1;1;1,8,1,12,3064078,11,12,3,737279,94,"[2, 8, 65536, 1000, 1, 0]"
8,overflow-one-long,0,joint,7768556,14409315,117097092,0,7,10,1,12,7806123,11,12,1,677449,16,"[10, 1, 100000, 1000, 1, 0, 12, 0, 200000]"
8,overflow-one-long,0,ordering,7831832,14628319,116824739,0,7,10,1,12,7758843,11,12,1,669876,16,"[10, 1, 100000, 1000, 1, 0, 12, 0, 200000]"
8,overflow-one-long,0,overload,7827080,14335570,118269136,0,7,9,1,5,8054607,11,12,2,627269,16,"[10, 1, 100000, 1000, 1, 0, 12, 0, 200000]"
8,overflow-one-long,0,reference,7822153,13825530,115480852,0,7,0,0,0,0,0,0,0,0,0,"[10, 1, 100000, 1000, 1, 0, 12, 0, 200000]"
8,overflow-one-long,0,previous,7057427,14159273,128900839,11,1,9,3,3,7025735,11,0,0,0,0,"[10, 1, 100000, 1000, 1, 0, 12, 0, 200000]"
4,overflow-one-long,1,ordering,8248200,10712414,119753095,0,3,11,1,14,8348137,11,12,0,709842,16,"[6, 1, 100000, 1000, 1, 0, 12, 0, 200000]"
4,overflow-one-long,1,previous,6971354,10942942,110457639,11,1,10,2,3,7093776,11,0,0,0,0,"[6, 1, 100000, 1000, 1, 0, 12, 0, 200000]"
4,overflow-one-long,1,reference,8092415,10417511,116014157,0,3,0,0,0,0,0,0,0,0,0,"[6, 1, 100000, 1000, 1, 0, 12, 0, 200000]"
4,overflow-one-long,1,joint,6954093,10652854,103308700,11,1,11,1,2,7494260,11,12,0,682364,16,"[6, 1, 100000, 1000, 1, 0, 12, 0, 200000]"
4,overflow-one-long,1,overload,6989333,11671658,106188387,11,1,10,1,3,7238843,11,12,1,745784,16,"[6, 1, 100000, 1000, 1, 0, 12, 0, 200000]"
4,overflow-short,1,overload,1510692,3074369,23385191,11,3,11,1,3,1404628,11,12,0,625423,16,"[6, 1, 100000, 1000, 1, 0]"
4,overflow-short,1,ordering,1468294,3188723,24525460,3,3,11,1,11,1543613,11,12,0,640036,16,"[6, 1, 100000, 1000, 1, 0]"
4,overflow-short,1,reference,1415079,2747836,21413348,0,3,0,0,0,0,0,0,0,0,0,"[6, 1, 100000, 1000, 1, 0]"
4,overflow-short,1,previous,1555870,3069615,28382592,9,3,9,3,5,1404352,11,0,0,0,0,"[6, 1, 100000, 1000, 1, 0]"
4,overflow-short,1,joint,1441068,2966691,23497194,7,3,9,1,7,1435704,11,12,2,617536,16,"[6, 1, 100000, 1000, 1, 0]"
2,fits-unequal-loops,1,reference,17320176,17929946,242847072,0,1;1,0,0,0,0,0,0,0,0,0,"[0, 2, 100000, 1000, 3, 0]"
2,fits-unequal-loops,1,joint,17266648,17790361,243563283,0,1;1,11,1,12,17097054,11,12,0,788179,40,"[0, 2, 100000, 1000, 3, 0]"
2,fits-unequal-loops,1,ordering,17371181,18558475,245932337,0,1;1,11,1,3,17257746,11,12,0,693424,14,"[0, 2, 100000, 1000, 3, 0]"
2,fits-unequal-loops,1,previous,17273506,17757303,244189567,0,1;1,7,5,14,17120586,11,0,0,0,0,"[0, 2, 100000, 1000, 3, 0]"
2,fits-unequal-loops,1,overload,17380903,17953646,243974108,0,1;1,0,0,14,0,0,0,0,0,0,"[0, 2, 100000, 1000, 3, 0]"
8,independent-doacross,0,ordering,5198546,13097732,85670078,22,1;1,8,1,2,5285616,11,12,3,772037,16,"[10, 2, 65536, 1000, 1, 0, 12, 0, 150000, 1]"
8,independent-doacross,0,joint,5287563,13411356,85170400,22,1;1,9,1,2,5403041,11,12,2,750680,16,"[10, 2, 65536, 1000, 1, 0, 12, 0, 150000, 1]"
8,independent-doacross,0,overload,5189525,13365833,85496560,22,1;1,8,1,2,5367807,11,12,3,769482,16,"[10, 2, 65536, 1000, 1, 0, 12, 0, 150000, 1]"
8,independent-doacross,0,previous,5436965,13459999,112302858,22,1;1,9,3,3,5753372,11,0,0,0,0,"[10, 2, 65536, 1000, 1, 0, 12, 0, 150000, 1]"
8,independent-doacross,0,reference,7720558,12943964,113313272,0,1;1,0,0,0,0,0,0,0,0,0,"[10, 2, 65536, 1000, 1, 0, 12, 0, 150000, 1]"
8,tiny,2,joint,44499,6556638,8771002,11,1,7,1,3,44491,11,12,4,628444,16,"[10, 1, 1025, 16, 1, 0]"
8,tiny,2,ordering,46087,6883856,9103292,11,1,8,1,3,43254,11,12,3,608065,16,"[10, 1, 1025, 16, 1, 0]"
8,tiny,2,reference,428993,5951409,11690323,0,1,0,0,0,0,0,0,0,0,0,"[10, 1, 1025, 16, 1, 0]"
8,tiny,2,previous,44761,6044649,28577869,11,1,9,3,3,44748,11,0,0,0,0,"[10, 1, 1025, 16, 1, 0]"
8,tiny,2,overload,45012,6034630,8199139,11,1,10,1,3,42647,11,12,1,620069,16,"[10, 1, 1025, 16, 1, 0]"
2,independent-doacross,0,joint,5217447,9252374,80480284,22,1;1,9,1,2,5388309,11,12,2,686134,16,"[4, 2, 65536, 1000, 1, 0, 12, 0, 150000, 1]"
2,independent-doacross,0,previous,5223348,8978885,84369812,22,1;1,8,4,3,5292794,11,0,0,0,0,"[4, 2, 65536, 1000, 1, 0, 12, 0, 150000, 1]"
2,independent-doacross,0,overload,5202185,9430251,80630701,22,1;1,8,1,2,5395017,11,12,3,678974,16,"[4, 2, 65536, 1000, 1, 0, 12, 0, 150000, 1]"
2,independent-doacross,0,reference,7535464,8730079,106949792,0,1;1,0,0,0,0,0,0,0,0,0,"[4, 2, 65536, 1000, 1, 0, 12, 0, 150000, 1]"
2,independent-doacross,0,ordering,5201180,8994228,80503186,22,1;1,8,1,2,5322840,11,12,3,691794,16,"[4, 2, 65536, 1000, 1, 0, 12, 0, 150000, 1]"
8,fits-mixed,1,previous,918951,6155574,20834345,11,7,6,6,3,675393,11,0,0,0,0,"[1, 1, 100000, 1000, 1, 0]"
8,fits-mixed,1,overload,1083849,5877946,21229948,11,6,0,0,14,0,0,0,0,0,0,"[1, 1, 100000, 1000, 1, 0]"
8,fits-mixed,1,joint,1159566,8135994,31502897,11,6,9,1,7,927301,11,12,2,789561,16,"[1, 1, 100000, 1000, 1, 0]"
8,fits-mixed,1,ordering,996783,6408176,20465139,11,6,8,1,3,948122,11,12,3,661945,14,"[1, 1, 100000, 1000, 1, 0]"
8,fits-mixed,1,reference,1075883,6818826,20852578,11,6,0,0,0,0,0,0,0,0,0,"[1, 1, 100000, 1000, 1, 0]"
2,overflow-short,0,joint,3589917,4059318,52176257,2,1,10,1,12,3578364,11,12,1,636488,16,"[4, 1, 100000, 1000, 1, 0]"
2,overflow-short,0,previous,4177081,4060473,58756424,11,1,7,5,3,3477133,11,0,0,0,0,"[4, 1, 100000, 1000, 1, 0]"
2,overflow-short,0,ordering,3757201,5279630,55245308,0,1,9,1,14,3784197,11,12,2,762429,16,"[4, 1, 100000, 1000, 1, 0]"
2,overflow-short,0,overload,3544422,4073896,51216120,0,1,10,1,14,3569644,11,12,1,635834,16,"[4, 1, 100000, 1000, 1, 0]"
2,overflow-short,0,reference,3536460,4083629,51184664,0,1,0,0,0,0,0,0,0,0,0,"[4, 1, 100000, 1000, 1, 0]"
4,many-loops,0,ordering,2620537,3506298,40604096,24,1;1;1;1,9,1,8,2561495,11,12,2,703945,16,"[2, 4, 65536, 1000, 1, 0]"
4,many-loops,0,previous,2693883,4536187,46976911,28,1;1;1;1,9,3,7,2471392,11,0,0,0,0,"[2, 4, 65536, 1000, 1, 0]"
4,many-loops,0,joint,2660225,3453504,40407933,8,1;1;1;1,10,1,12,2778307,11,12,1,702442,16,"[2, 4, 65536, 1000, 1, 0]"
4,many-loops,0,overload,2630475,3835480,40433272,44,1;1;1;1,10,1,3,2523259,11,12,1,623829,16,"[2, 4, 65536, 1000, 1, 0]"
4,many-loops,0,reference,2615214,4204015,38689324,0,1;1;1;1,0,0,0,0,0,0,0,0,0,"[2, 4, 65536, 1000, 1, 0]"
2,fits-mixed,0,overload,3459024,3937107,49787635,11,1,0,0,14,0,0,0,0,0,0,"[1, 1, 100000, 1000, 1, 0]"
2,fits-mixed,0,joint,3378572,3913294,50435923,11,1,10,1,3,3405248,11,12,1,710062,16,"[1, 1, 100000, 1000, 1, 0]"
2,fits-mixed,0,reference,3488694,3793662,49876721,11,1,0,0,0,0,0,0,0,0,0,"[1, 1, 100000, 1000, 1, 0]"
2,fits-mixed,0,previous,3340900,3928817,49761211,11,1,9,3,3,3361590,11,0,0,0,0,"[1, 1, 100000, 1000, 1, 0]"
2,fits-mixed,0,ordering,3487417,4020882,50102552,11,1,9,1,9,3444416,11,12,2,718115,14,"[1, 1, 100000, 1000, 1, 0]"
2,overflow-all-long,2,ordering,13785224,15886619,196657622,0,1,11,1,14,13834525,11,12,0,643073,33,"[4, 1, 100000, 150000, 1, 0]"
2,overflow-all-long,2,joint,13984314,16269897,197643354,0,1,10,1,14,13904753,11,12,1,659130,59,"[4, 1, 100000, 150000, 1, 0]"
2,overflow-all-long,2,overload,13687258,15579832,197973755,11,1,10,1,3,14024094,11,12,1,676292,59,"[4, 1, 100000, 150000, 1, 0]"
2,overflow-all-long,2,previous,12613311,15580675,186272022,11,1,11,1,3,14551286,11,0,0,0,0,"[4, 1, 100000, 150000, 1, 0]"
2,overflow-all-long,2,reference,12545177,14273294,178142062,0,1,0,0,0,0,0,0,0,0,0,"[4, 1, 100000, 150000, 1, 0]"
4,streaming,0,ordering,374202,1830454,7765687,22,1;1,8,1,3,349195,11,12,3,563416,16,"[6, 2, 500000, 1000, 1, 0, 0]"
4,streaming,0,joint,387038,1714530,7908266,22,1;1,6,1,3,360769,11,12,5,617113,16,"[6, 2, 500000, 1000, 1, 0, 0]"
4,streaming,0,reference,523254,1424531,8338837,0,1;1,0,0,0,0,0,0,0,0,0,"[6, 2, 500000, 1000, 1, 0, 0]"
4,streaming,0,overload,374468,1689125,7668429,22,1;1,9,1,3,338652,11,12,2,559338,16,"[6, 2, 500000, 1000, 1, 0, 0]"
4,streaming,0,previous,535790,1573042,14841395,22,1;1,3,9,3,406816,11,0,0,0,0,"[6, 2, 500000, 1000, 1, 0, 0]"
2,overflow-unequal-loops,1,joint,15907767,16521188,224321247,18,1;1,10,1,5,15961206,11,12,1,852053,54,"[4, 2, 100000, 1000, 3, 0]"
2,overflow-unequal-loops,1,overload,15911543,16676853,225770981,22,1;1,8,1,3,15743597,11,12,3,599664,54,"[4, 2, 100000, 1000, 3, 0]"
2,overflow-unequal-loops,1,reference,16033063,16560486,224970759,0,1;1,0,0,0,0,0,0,0,0,0,"[4, 2, 100000, 1000, 3, 0]"
2,overflow-unequal-loops,1,ordering,15933887,16580257,224097737,22,1;1,11,1,3,15849029,11,12,0,599314,28,"[4, 2, 100000, 1000, 3, 0]"
2,overflow-unequal-loops,1,previous,15870678,16982136,226016690,22,1;1,10,2,3,15671693,11,0,0,0,0,"[4, 2, 100000, 1000, 3, 0]"
8,fits-unequal-loops,2,ordering,3463521,9090967,58562667,0,1;6,8,1,10,3280364,11,12,3,631306,14,"[0, 2, 100000, 1000, 3, 0]"
8,fits-unequal-loops,2,previous,3558250,9206591,59287174,0,7;7,6,6,3,3021844,11,0,0,0,0,"[0, 2, 100000, 1000, 3, 0]"
8,fits-unequal-loops,2,joint,3491522,9846389,61221565,0,1;6,9,1,3,3181667,11,12,2,1400337,16,"[0, 2, 100000, 1000, 3, 0]"
8,fits-unequal-loops,2,reference,3691196,8201667,59714505,0,1;6,0,0,0,0,0,0,0,0,0,"[0, 2, 100000, 1000, 3, 0]"
8,fits-unequal-loops,2,overload,4476417,9655524,65051426,0,1;6,0,0,14,0,0,0,0,0,0,"[0, 2, 100000, 1000, 3, 0]"
4,overflow-one-long,2,overload,6636400,10220709,102472169,11,1,11,1,2,7058903,11,12,0,588037,16,"[6, 1, 100000, 1000, 1, 0, 12, 0, 200000]"
4,overflow-one-long,2,previous,7666357,15778571,127698639,11,1,9,3,3,7983514,11,0,0,0,0,"[6, 1, 100000, 1000, 1, 0, 12, 0, 200000]"
4,overflow-one-long,2,reference,7702014,9512649,110417206,0,3,0,0,0,0,0,0,0,0,0,"[6, 1, 100000, 1000, 1, 0, 12, 0, 200000]"
4,overflow-one-long,2,joint,6376723,9950679,96698972,11,1,10,1,3,6624276,11,12,1,655188,16,"[6, 1, 100000, 1000, 1, 0, 12, 0, 200000]"
4,overflow-one-long,2,ordering,7731329,10068020,111247155,0,3,11,1,14,7720199,11,12,0,579120,16,"[6, 1, 100000, 1000, 1, 0, 12, 0, 200000]"
4,ordinary-only,1,previous,4808933,10215860,73186772,0,,10,4,1,5013044,11,0,0,0,0,"[6, 0, 1000, 1000, 1, 0, 12, 0, 150000]"
4,ordinary-only,1,ordering,4871861,6699078,70067191,0,,11,2,1,5320743,11,12,1,821620,41,"[6, 0, 1000, 1000, 1, 0, 12, 0, 150000]"
4,ordinary-only,1,overload,4838506,7035447,71384001,0,,11,2,1,5640012,11,12,1,973317,57,"[6, 0, 1000, 1000, 1, 0, 12, 0, 150000]"
4,ordinary-only,1,joint,4704809,7033142,69527789,0,,10,2,1,5039725,11,12,2,974730,57,"[6, 0, 1000, 1000, 1, 0, 12, 0, 150000]"
4,ordinary-only,1,reference,4714588,5748270,67383943,0,,0,0,0,0,0,0,0,0,0,"[6, 0, 1000, 1000, 1, 0, 12, 0, 150000]"
2,overflow-one-long,0,ordering,6365058,10933095,97880149,11,1,11,1,2,6992123,11,12,0,649018,16,"[4, 1, 100000, 1000, 1, 0, 12, 0, 200000]"
2,overflow-one-long,0,joint,6448908,10897462,98861746,11,1,8,1,2,6527839,11,12,3,592884,16,"[4, 1, 100000, 1000, 1, 0, 12, 0, 200000]"
2,overflow-one-long,0,overload,6391573,10641491,97589514,11,1,9,1,2,6645532,11,12,2,583316,16,"[4, 1, 100000, 1000, 1, 0, 12, 0, 200000]"
2,overflow-one-long,0,reference,9827605,11180762,139204294,0,1,0,0,0,0,0,0,0,0,0,"[4, 1, 100000, 1000, 1, 0, 12, 0, 200000]"
2,overflow-one-long,0,previous,6667725,11228830,104833441,11,1,10,2,2,6945474,11,0,0,0,0,"[4, 1, 100000, 1000, 1, 0, 12, 0, 200000]"
2,many-loops,0,reference,2739657,2821273,37593918,0,1;1,0,0,0,0,0,0,0,0,0,"[2, 2, 65536, 1000, 1, 0]"
2,many-loops,0,joint,2550123,3230253,38114363,16,1;1,11,1,6,2473004,11,12,0,677890,16,"[2, 2, 65536, 1000, 1, 0]"
2,many-loops,0,overload,2909529,3129682,42977445,4,1;1,9,1,12,2596446,11,12,2,745724,16,"[2, 2, 65536, 1000, 1, 0]"
2,many-loops,0,previous,2525968,3027935,39103592,22,1;1,10,2,3,2298297,11,0,0,0,0,"[2, 2, 65536, 1000, 1, 0]"
2,many-loops,0,ordering,2426784,2897777,35413115,18,1;1,11,1,5,2422812,11,12,0,683078,16,"[2, 2, 65536, 1000, 1, 0]"
8,overflow-short,0,overload,1332665,13031761,33456135,11,7,11,1,3,1192239,11,12,0,795430,16,"[10, 1, 100000, 1000, 1, 0]"
8,overflow-short,0,reference,1592039,9234400,32035281,0,7,0,0,0,0,0,0,0,0,0,"[10, 1, 100000, 1000, 1, 0]"
8,overflow-short,0,ordering,1143785,12123759,28463007,11,7,7,1,3,1046440,11,12,4,653701,16,"[10, 1, 100000, 1000, 1, 0]"
8,overflow-short,0,joint,1074419,6938311,22672890,11,7,9,1,3,930993,11,12,2,635267,16,"[10, 1, 100000, 1000, 1, 0]"
8,overflow-short,0,previous,1036511,6498647,39660340,11,6,8,4,3,836419,11,0,0,0,0,"[10, 1, 100000, 1000, 1, 0]"
4,sequential-sites,2,overload,5374241,7184427,78579295,0,3;3;3,0,0,14,0,0,0,0,0,0,"[0, 3, 65536, 1000, 3, 0, 12, 1]"
4,sequential-sites,2,reference,5369924,7378570,78023325,0,3;3;3,0,0,0,0,0,0,0,0,0,"[0, 3, 65536, 1000, 3, 0, 12, 1]"
4,sequential-sites,2,ordering,5520282,7519853,79274868,0,3;3;3,10,1,10,5363520,11,8,1,119481,7,"[0, 3, 65536, 1000, 3, 0, 12, 1]"
4,sequential-sites,2,joint,5526774,6961857,80452291,0,3;3;3,10,1,6,5152931,11,8,1,123127,28,"[0, 3, 65536, 1000, 3, 0, 12, 1]"
4,sequential-sites,2,previous,5558698,7041371,79866654,0,3;3;3,9,3,5,5224605,11,0,0,0,0,"[0, 3, 65536, 1000, 3, 0, 12, 1]"
8,fits-mixed,2,previous,813929,5539549,19030865,11,7,8,4,3,618197,11,0,0,0,0,"[1, 1, 100000, 1000, 1, 0]"
8,fits-mixed,2,ordering,933373,5602688,18542259,11,6,7,1,3,699065,11,12,4,625481,14,"[1, 1, 100000, 1000, 1, 0]"
8,fits-mixed,2,reference,1003157,5729909,18910103,11,6,0,0,0,0,0,0,0,0,0,"[1, 1, 100000, 1000, 1, 0]"
8,fits-mixed,2,joint,935781,6084550,18982263,11,6,7,1,3,734034,11,12,4,605734,16,"[1, 1, 100000, 1000, 1, 0]"
8,fits-mixed,2,overload,974334,5723942,18653450,11,6,0,0,14,0,0,0,0,0,0,"[1, 1, 100000, 1000, 1, 0]"
4,overflow-unequal-loops,2,reference,8764412,10591045,124747939,0,1;2,0,0,0,0,0,0,0,0,0,"[6, 2, 100000, 1000, 3, 0]"
4,overflow-unequal-loops,2,overload,8593015,10147450,124246222,14,1;2,11,1,7,8177674,11,12,0,1116949,32,"[6, 2, 100000, 1000, 3, 0]"
4,overflow-unequal-loops,2,previous,7191232,9966954,114395682,22,3;3,8,4,3,6746330,11,0,0,0,0,"[6, 2, 100000, 1000, 3, 0]"
4,overflow-unequal-loops,2,ordering,8610574,9836985,122979779,4,1;2,8,1,12,8483007,11,12,3,683722,53,"[6, 2, 100000, 1000, 3, 0]"
4,overflow-unequal-loops,2,joint,8563691,9529106,121742298,20,1;2,10,1,4,8213814,11,12,1,1157962,32,"[6, 2, 100000, 1000, 3, 0]"
8,independent-doacross,1,joint,4983352,12742329,81069960,22,1;1,8,1,2,5069875,11,12,3,716013,16,"[10, 2, 65536, 1000, 1, 0, 12, 0, 150000, 1]"
8,independent-doacross,1,previous,5315162,12250901,104761347,22,1;1,7,5,3,5160619,11,0,0,0,0,"[10, 2, 65536, 1000, 1, 0, 12, 0, 150000, 1]"
8,independent-doacross,1,overload,4980607,13052934,82764674,22,1;1,8,1,2,5290501,11,12,3,730234,16,"[10, 2, 65536, 1000, 1, 0, 12, 0, 150000, 1]"
8,independent-doacross,1,ordering,4807061,12577949,79029482,22,1;1,8,1,2,4941657,11,12,3,717446,16,"[10, 2, 65536, 1000, 1, 0, 12, 0, 150000, 1]"
8,independent-doacross,1,reference,7289538,12060471,107536223,0,1;1,0,0,0,0,0,0,0,0,0,"[10, 2, 65536, 1000, 1, 0, 12, 0, 150000, 1]"
8,streaming,0,reference,715086,6038331,15830679,0,1;1,0,0,0,0,0,0,0,0,0,"[10, 2, 500000, 1000, 1, 0, 0]"
8,streaming,0,joint,390292,5947832,12870621,22,1;1,7,1,3,419129,11,12,4,594778,16,"[10, 2, 500000, 1000, 1, 0, 0]"
8,streaming,0,ordering,397699,5811270,12690016,22,1;1,6,1,3,358354,11,12,5,607569,16,"[10, 2, 500000, 1000, 1, 0, 0]"
8,streaming,0,previous,662132,5644198,34285530,22,1;1,3,9,3,514040,11,0,0,0,0,"[10, 2, 500000, 1000, 1, 0, 0]"
8,streaming,0,overload,418225,5854691,14423294,22,1;1,9,1,3,444896,11,12,2,1093868,16,"[10, 2, 500000, 1000, 1, 0, 0]"
4,overflow-all-long,2,joint,10113195,13334283,150210719,11,1,8,1,2,10443543,11,12,3,719842,97,"[6, 1, 100000, 150000, 1, 0]"
4,overflow-all-long,2,ordering,11352871,14124297,161354111,0,3,10,1,14,11206299,11,12,1,778416,46,"[6, 1, 100000, 150000, 1, 0]"
4,overflow-all-long,2,previous,10076442,14272266,154273023,11,1,8,4,3,10201237,11,0,0,0,0,"[6, 1, 100000, 150000, 1, 0]"
4,overflow-all-long,2,overload,9965964,13553292,148768523,11,1,9,1,3,9897748,11,12,2,730742,97,"[6, 1, 100000, 150000, 1, 0]"
4,overflow-all-long,2,reference,11284470,13584229,160837738,0,3,0,0,0,0,0,0,0,0,0,"[6, 1, 100000, 150000, 1, 0]"
4,overflow-short,2,reference,1460973,2833265,21845834,0,3,0,0,0,0,0,0,0,0,0,"[6, 1, 100000, 1000, 1, 0]"
4,overflow-short,2,overload,1357599,2942498,21724013,11,3,10,1,3,1353390,11,12,1,654803,16,"[6, 1, 100000, 1000, 1, 0]"
4,overflow-short,2,previous,1445305,3042904,27277688,11,3,10,2,3,1334891,11,0,0,0,0,"[6, 1, 100000, 1000, 1, 0]"
4,overflow-short,2,ordering,1474767,2863196,22289246,2,3,9,1,12,1397954,11,12,2,703752,16,"[6, 1, 100000, 1000, 1, 0]"
4,overflow-short,2,joint,1455770,2920264,22972945,2,3,10,1,12,1441756,11,12,1,691042,16,"[6, 1, 100000, 1000, 1, 0]"
2,overflow-all-long,1,ordering,12990589,14408480,184453912,0,1,11,1,14,13064351,11,12,0,757740,33,"[4, 1, 100000, 150000, 1, 0]"
2,overflow-all-long,1,joint,13123045,14752569,185103214,5,1,9,1,9,13022759,11,12,2,834555,59,"[4, 1, 100000, 150000, 1, 0]"
2,overflow-all-long,1,overload,12964442,14856828,185566797,0,1,11,1,14,13016529,11,12,0,690178,59,"[4, 1, 100000, 150000, 1, 0]"
2,overflow-all-long,1,previous,13105075,14628469,187155294,11,1,10,2,3,13749202,11,0,0,0,0,"[4, 1, 100000, 150000, 1, 0]"
2,overflow-all-long,1,reference,13399515,14991567,193294882,0,1,0,0,0,0,0,0,0,0,0,"[4, 1, 100000, 150000, 1, 0]"
4,fits-unequal-loops,1,overload,8480049,9490048,119961835,0,1;2,0,0,14,0,0,0,0,0,0,"[0, 2, 100000, 1000, 3, 0]"
4,fits-unequal-loops,1,reference,8388987,9305141,118867414,0,1;2,0,0,0,0,0,0,0,0,0,"[0, 2, 100000, 1000, 3, 0]"
4,fits-unequal-loops,1,previous,6857677,9799097,103662593,0,3;3,7,5,3,6516243,11,0,0,0,0,"[0, 2, 100000, 1000, 3, 0]"
4,fits-unequal-loops,1,joint,8443420,9676130,120535740,0,1;2,10,1,3,8359650,11,12,1,1118500,16,"[0, 2, 100000, 1000, 3, 0]"
4,fits-unequal-loops,1,ordering,8579151,9352265,122826138,0,1;2,11,1,3,8129470,11,12,0,653705,14,"[0, 2, 100000, 1000, 3, 0]"
4,independent-doacross,0,previous,4890247,8848634,84360932,22,1;1,8,4,3,4997534,11,0,0,0,0,"[6, 2, 65536, 1000, 1, 0, 12, 0, 150000, 1]"
4,independent-doacross,0,ordering,4945607,9163983,76030730,22,1;1,8,1,2,5049854,11,12,3,724644,16,"[6, 2, 65536, 1000, 1, 0, 12, 0, 150000, 1]"
4,independent-doacross,0,joint,4932883,8826076,76673365,22,1;1,10,1,2,5136866,11,12,1,632882,16,"[6, 2, 65536, 1000, 1, 0, 12, 0, 150000, 1]"
4,independent-doacross,0,reference,7192866,9042992,102875883,0,1;1,0,0,0,0,0,0,0,0,0,"[6, 2, 65536, 1000, 1, 0, 12, 0, 150000, 1]"
4,independent-doacross,0,overload,4793974,8852557,74800049,22,1;1,8,1,2,4895796,11,12,3,729465,16,"[6, 2, 65536, 1000, 1, 0, 12, 0, 150000, 1]"
4,sequential-sites,1,overload,5397889,6898224,77803165,0,3;3;3,0,0,14,0,0,0,0,0,0,"[0, 3, 65536, 1000, 3, 0, 12, 1]"
4,sequential-sites,1,ordering,5500190,7080034,80036845,0,3;3;3,11,1,3,5172341,11,8,0,116321,7,"[0, 3, 65536, 1000, 3, 0, 12, 1]"
4,sequential-sites,1,previous,5643432,6963576,79829371,0,3;3;3,8,4,6,5246081,11,0,0,0,0,"[0, 3, 65536, 1000, 3, 0, 12, 1]"
4,sequential-sites,1,joint,5545729,7173057,78669852,0,3;3;3,10,1,11,5185994,11,8,1,123815,28,"[0, 3, 65536, 1000, 3, 0, 12, 1]"
4,sequential-sites,1,reference,5501225,6888627,79064720,0,3;3;3,0,0,0,0,0,0,0,0,0,"[0, 3, 65536, 1000, 3, 0, 12, 1]"
4,overflow-short,0,ordering,1402109,3010380,22045978,11,3,11,1,3,1289751,11,12,0,620410,16,"[6, 1, 100000, 1000, 1, 0]"
4,overflow-short,0,joint,1421298,3084920,22377100,2,3,9,1,12,1398853,11,12,2,638806,16,"[6, 1, 100000, 1000, 1, 0]"
4,overflow-short,0,previous,1340794,3410034,27033969,10,3,10,2,4,1357005,11,0,0,0,0,"[6, 1, 100000, 1000, 1, 0]"
4,overflow-short,0,overload,1302589,2961518,21215124,11,3,10,1,3,1292092,11,12,1,689726,16,"[6, 1, 100000, 1000, 1, 0]"
4,overflow-short,0,reference,1335641,2538127,20425309,0,3,0,0,0,0,0,0,0,0,0,"[6, 1, 100000, 1000, 1, 0]"
2,overflow-short,2,joint,3239556,3939864,47779470,11,1,11,1,3,3357750,11,12,0,706094,16,"[4, 1, 100000, 1000, 1, 0]"
2,overflow-short,2,ordering,3171449,3721842,46352855,11,1,10,1,3,3216112,11,12,1,678212,16,"[4, 1, 100000, 1000, 1, 0]"
2,overflow-short,2,overload,3244920,3847890,47285087,11,1,11,1,3,3257449,11,12,0,672482,16,"[4, 1, 100000, 1000, 1, 0]"
2,overflow-short,2,reference,3395030,3701559,47362193,0,1,0,0,0,0,0,0,0,0,0,"[4, 1, 100000, 1000, 1, 0]"
2,overflow-short,2,previous,3503480,3695659,51234581,11,1,9,3,3,3156998,11,0,0,0,0,"[4, 1, 100000, 1000, 1, 0]"
4,streaming,2,reference,494344,1595704,8514648,0,1;1,0,0,0,0,0,0,0,0,0,"[6, 2, 500000, 1000, 1, 0, 0]"
4,streaming,2,joint,443683,1903989,9418522,22,1;1,8,1,3,385875,11,12,3,659505,16,"[6, 2, 500000, 1000, 1, 0, 0]"
4,streaming,2,overload,383358,1798447,7905247,22,1;1,7,1,3,442261,11,12,4,594006,16,"[6, 2, 500000, 1000, 1, 0, 0]"
4,streaming,2,ordering,371575,2088628,8474819,22,1;1,8,1,3,347890,11,12,3,630155,16,"[6, 2, 500000, 1000, 1, 0, 0]"
4,streaming,2,previous,565325,1877186,15907945,22,1;1,3,9,3,392206,11,0,0,0,0,"[6, 2, 500000, 1000, 1, 0, 0]"
2,overflow-unequal-loops,0,previous,16283955,16697829,232066508,22,1;1,10,2,3,16126041,11,0,0,0,0,"[4, 2, 100000, 1000, 3, 0]"
2,overflow-unequal-loops,0,reference,16495259,16518126,231210862,0,1;1,0,0,0,0,0,0,0,0,0,"[4, 2, 100000, 1000, 3, 0]"
2,overflow-unequal-loops,0,overload,16186435,17556641,235952990,18,1;1,10,1,5,15805820,11,12,1,783909,54,"[4, 2, 100000, 1000, 3, 0]"
2,overflow-unequal-loops,0,ordering,17502590,18434096,247591915,22,1;1,10,1,3,17373351,11,12,1,658358,28,"[4, 2, 100000, 1000, 3, 0]"
2,overflow-unequal-loops,0,joint,17649795,18416671,248506673,8,1;1,11,1,10,17367791,11,12,0,820960,54,"[4, 2, 100000, 1000, 3, 0]"
4,overflow-unequal-loops,0,joint,9241639,10287462,132358615,22,1;2,9,1,3,8746737,11,12,2,1218409,32,"[6, 2, 100000, 1000, 3, 0]"
4,overflow-unequal-loops,0,reference,14566805,18876831,202555275,0,1;2,0,0,0,0,0,0,0,0,0,"[6, 2, 100000, 1000, 3, 0]"
4,overflow-unequal-loops,0,previous,11647112,18099568,194263090,22,3;3,7,5,3,10868620,11,0,0,0,0,"[6, 2, 100000, 1000, 3, 0]"
4,overflow-unequal-loops,0,ordering,15347138,18191302,208929875,4,1;2,8,1,12,12868453,11,12,3,1460742,16,"[6, 2, 100000, 1000, 3, 0]"
4,overflow-unequal-loops,0,overload,9389844,11384710,135683023,0,1;2,8,1,14,9449241,11,12,3,1506947,32,"[6, 2, 100000, 1000, 3, 0]"
2,fits-mixed,1,joint,3413095,3916172,49153362,11,1,10,1,3,3396445,11,12,1,602953,16,"[1, 1, 100000, 1000, 1, 0]"
2,fits-mixed,1,overload,3599487,4087059,50513014,11,1,0,0,14,0,0,0,0,0,0,"[1, 1, 100000, 1000, 1, 0]"
2,fits-mixed,1,ordering,3404327,4232202,51079703,11,1,9,1,3,3487009,11,12,2,621208,14,"[1, 1, 100000, 1000, 1, 0]"
2,fits-mixed,1,reference,3474256,3706121,49086507,11,1,0,0,0,0,0,0,0,0,0,"[1, 1, 100000, 1000, 1, 0]"
2,fits-mixed,1,previous,3401524,4102223,50547136,11,1,6,6,3,3368206,11,0,0,0,0,"[1, 1, 100000, 1000, 1, 0]"
8,overflow-unequal-loops,2,reference,4208310,11481051,70597405,0,1;6,0,0,0,0,0,0,0,0,0,"[10, 2, 100000, 1000, 3, 0]"
8,overflow-unequal-loops,2,joint,5052956,9677711,74616767,4,1;6,9,1,12,4377247,11,12,2,1617134,48,"[10, 2, 100000, 1000, 3, 0]"
8,overflow-unequal-loops,2,previous,4596981,9031746,89902167,22,1;6,7,5,3,3595781,11,0,0,0,0,"[10, 2, 100000, 1000, 3, 0]"
8,overflow-unequal-loops,2,ordering,4947840,9390548,72210823,22,1;6,10,1,3,3598158,11,12,1,825205,115,"[10, 2, 100000, 1000, 3, 0]"
8,overflow-unequal-loops,2,overload,4832852,10957918,75439632,10,1;6,9,1,9,4342510,11,12,2,1601306,48,"[10, 2, 100000, 1000, 3, 0]"
8,fits-unequal-loops,1,reference,4273883,10397639,70161401,0,1;5,0,0,0,0,0,0,0,0,0,"[0, 2, 100000, 1000, 3, 0]"
8,fits-unequal-loops,1,joint,4619506,8725321,68013714,0,1;6,8,1,10,3816210,11,12,3,1973125,16,"[0, 2, 100000, 1000, 3, 0]"
8,fits-unequal-loops,1,ordering,5035990,10316086,74691763,0,1;6,10,1,10,3775411,11,12,1,685142,14,"[0, 2, 100000, 1000, 3, 0]"
8,fits-unequal-loops,1,previous,3927539,10965803,66019854,0,7;7,7,5,3,3318985,11,0,0,0,0,"[0, 2, 100000, 1000, 3, 0]"
8,fits-unequal-loops,1,overload,4978705,9365840,73293558,0,1;6,0,0,14,0,0,0,0,0,0,"[0, 2, 100000, 1000, 3, 0]"
8,ordinary-only,1,joint,5489694,8185589,79174324,0,,9,2,0,5565954,11,12,3,906943,111,"[10, 0, 1000, 1000, 1, 0, 12, 0, 150000]"
8,ordinary-only,1,previous,5427959,26226224,98823212,0,,10,4,1,5856995,11,0,0,0,0,"[10, 0, 1000, 1000, 1, 0, 12, 0, 150000]"
8,ordinary-only,1,overload,5494779,8076143,81608664,0,,9,2,0,5601637,11,12,3,1029115,111,"[10, 0, 1000, 1000, 1, 0, 12, 0, 150000]"
8,ordinary-only,1,reference,5453438,6806695,78572111,0,,0,0,0,0,0,0,0,0,0,"[10, 0, 1000, 1000, 1, 0, 12, 0, 150000]"
8,ordinary-only,1,ordering,5419353,7515640,77413728,0,,11,2,0,5802337,11,12,1,858415,79,"[10, 0, 1000, 1000, 1, 0, 12, 0, 150000]"
4,ordinary-only,0,ordering,5349354,8069725,78103835,0,,11,2,1,6472850,11,12,1,805544,41,"[6, 0, 1000, 1000, 1, 0, 12, 0, 150000]"
4,ordinary-only,0,reference,5362445,6256784,74936820,0,,0,0,0,0,0,0,0,0,0,"[6, 0, 1000, 1000, 1, 0, 12, 0, 150000]"
4,ordinary-only,0,overload,5339543,7442162,76935387,0,,11,2,1,5986498,11,12,1,912778,57,"[6, 0, 1000, 1000, 1, 0, 12, 0, 150000]"
4,ordinary-only,0,joint,5389543,7659401,78560861,0,,9,2,1,5710534,11,12,3,911217,57,"[6, 0, 1000, 1000, 1, 0, 12, 0, 150000]"
4,ordinary-only,0,previous,5360940,11557133,81832203,0,,10,4,1,5751872,11,0,0,0,0,"[6, 0, 1000, 1000, 1, 0, 12, 0, 150000]"
8,overflow-all-long,2,overload,12190194,19012058,185329667,11,1,9,1,3,11978338,11,12,2,802015,207,"[10, 1, 100000, 150000, 1, 0]"
8,overflow-all-long,2,reference,12982620,21633613,185817144,0,7,0,0,0,0,0,0,0,0,0,"[10, 1, 100000, 150000, 1, 0]"
8,overflow-all-long,2,ordering,12138585,21421064,186317923,0,7,11,1,14,12988925,11,12,0,740276,104,"[10, 1, 100000, 150000, 1, 0]"
8,overflow-all-long,2,previous,11992136,19808622,199187957,11,1,7,5,3,12527272,11,0,0,0,0,"[10, 1, 100000, 150000, 1, 0]"
8,overflow-all-long,2,joint,12452883,19665038,182504168,4,1,9,1,10,12464226,11,12,2,1005649,207,"[10, 1, 100000, 150000, 1, 0]"
8,independent-doacross,2,previous,5505842,14184504,116366424,22,1;1,8,4,3,5578873,11,0,0,0,0,"[10, 2, 65536, 1000, 1, 0, 12, 0, 150000, 1]"
8,independent-doacross,2,ordering,5512060,13815902,88025685,22,1;1,9,1,2,5485291,11,12,2,705614,16,"[10, 2, 65536, 1000, 1, 0, 12, 0, 150000, 1]"
8,independent-doacross,2,reference,7989181,13203785,116828817,0,1;1,0,0,0,0,0,0,0,0,0,"[10, 2, 65536, 1000, 1, 0, 12, 0, 150000, 1]"
8,independent-doacross,2,joint,5346273,13699134,87110244,22,1;1,8,1,2,5404546,11,12,3,668379,16,"[10, 2, 65536, 1000, 1, 0, 12, 0, 150000, 1]"
8,independent-doacross,2,overload,5324150,13380647,86763890,22,1;1,9,1,2,5486985,11,12,2,788318,16,"[10, 2, 65536, 1000, 1, 0, 12, 0, 150000, 1]"
4,independent-doacross,1,previous,5433320,9827503,91485243,22,1;1,9,3,3,5430825,11,0,0,0,0,"[6, 2, 65536, 1000, 1, 0, 12, 0, 150000, 1]"
4,independent-doacross,1,reference,7745733,9665254,112052415,0,1;1,0,0,0,0,0,0,0,0,0,"[6, 2, 65536, 1000, 1, 0, 12, 0, 150000, 1]"
4,independent-doacross,1,ordering,5337283,11314414,84772235,22,1;1,9,1,2,5711969,11,12,2,665908,16,"[6, 2, 65536, 1000, 1, 0, 12, 0, 150000, 1]"
4,independent-doacross,1,overload,5220017,9936285,82492631,22,1;1,8,1,2,5571161,11,12,3,759358,16,"[6, 2, 65536, 1000, 1, 0, 12, 0, 150000, 1]"
4,independent-doacross,1,joint,5516771,9892944,85607517,22,1;1,10,1,2,5979132,11,12,1,816483,16,"[6, 2, 65536, 1000, 1, 0, 12, 0, 150000, 1]"
8,ordinary-only,2,overload,5407485,7862889,78647456,0,,11,2,0,5999522,11,12,1,932821,111,"[10, 0, 1000, 1000, 1, 0, 12, 0, 150000]"
8,ordinary-only,2,ordering,5427740,8844721,79462733,0,,11,2,1,6679456,11,12,1,1047010,79,"[10, 0, 1000, 1000, 1, 0, 12, 0, 150000]"
8,ordinary-only,2,reference,5472279,6195955,77297981,0,,0,0,0,0,0,0,0,0,0,"[10, 0, 1000, 1000, 1, 0, 12, 0, 150000]"
8,ordinary-only,2,joint,5346248,7876904,77402543,0,,9,2,1,5455322,11,12,3,992456,111,"[10, 0, 1000, 1000, 1, 0, 12, 0, 150000]"
8,ordinary-only,2,previous,5444239,25031243,97972278,0,,11,3,1,5932591,11,0,0,0,0,"[10, 0, 1000, 1000, 1, 0, 12, 0, 150000]"
2,streaming,0,joint,405118,1266224,8039996,22,1;1,6,1,3,490342,11,12,5,662084,16,"[4, 2, 500000, 1000, 1, 0, 0]"
2,streaming,0,ordering,426216,1197048,7882132,22,1;1,9,1,3,387844,11,12,2,587943,16,"[4, 2, 500000, 1000, 1, 0, 0]"
2,streaming,0,previous,402405,1102973,9798480,22,1;1,9,3,3,458061,11,0,0,0,0,"[4, 2, 500000, 1000, 1, 0, 0]"
2,streaming,0,reference,471624,1012099,7401839,0,1;1,0,0,0,0,0,0,0,0,0,"[4, 2, 500000, 1000, 1, 0, 0]"
2,streaming,0,overload,488625,1151674,8781486,12,1;1,7,1,8,440356,11,12,4,623019,16,"[4, 2, 500000, 1000, 1, 0, 0]"
2,overflow-short,1,previous,3738182,4287537,55796853,11,1,8,4,3,3616308,11,0,0,0,0,"[4, 1, 100000, 1000, 1, 0]"
2,overflow-short,1,reference,3704507,4137333,52428161,0,1,0,0,0,0,0,0,0,0,0,"[4, 1, 100000, 1000, 1, 0]"
2,overflow-short,1,joint,3627083,4193884,52213438,11,1,9,1,3,3586525,11,12,2,655776,16,"[4, 1, 100000, 1000, 1, 0]"
2,overflow-short,1,ordering,3752732,4038902,56756989,2,1,7,1,12,3719641,11,12,4,892037,16,"[4, 1, 100000, 1000, 1, 0]"
2,overflow-short,1,overload,3542054,4072937,51596340,0,1,11,1,14,3555311,11,12,0,657915,16,"[4, 1, 100000, 1000, 1, 0]"
4,tiny,0,ordering,40891,1954423,3699678,11,1,9,1,3,40147,11,12,2,641084,16,"[6, 1, 1025, 16, 1, 0]"
4,tiny,0,reference,218182,1608072,4670771,0,1,0,0,0,0,0,0,0,0,0,"[6, 1, 1025, 16, 1, 0]"
4,tiny,0,previous,40641,1738240,8943437,11,1,9,3,3,41199,11,0,0,0,0,"[6, 1, 1025, 16, 1, 0]"
4,tiny,0,overload,40871,1760197,3382573,11,1,9,1,3,39783,11,12,2,592257,16,"[6, 1, 1025, 16, 1, 0]"
4,tiny,0,joint,40952,2343958,5472128,11,1,10,1,3,40141,11,12,1,1087371,16,"[6, 1, 1025, 16, 1, 0]"
4,fits-mixed,0,ordering,1977468,3694702,30274888,11,2,9,1,3,1903815,11,12,2,656509,14,"[1, 1, 100000, 1000, 1, 0]"
4,fits-mixed,0,previous,1330309,3130669,24862001,11,3,6,6,3,1268083,11,0,0,0,0,"[1, 1, 100000, 1000, 1, 0]"
4,fits-mixed,0,reference,2089905,3496252,31367820,11,2,0,0,0,0,0,0,0,0,0,"[1, 1, 100000, 1000, 1, 0]"
4,fits-mixed,0,joint,1981735,3512121,31371287,11,2,10,1,7,1862869,11,12,1,721430,16,"[1, 1, 100000, 1000, 1, 0]"
4,fits-mixed,0,overload,2037077,2937657,30571024,11,2,0,0,14,0,0,0,0,0,0,"[1, 1, 100000, 1000, 1, 0]"
8,sequential-sites,2,reference,3318903,9402335,53025051,0,7;7;7,0,0,0,0,0,0,0,0,0,"[0, 3, 65536, 1000, 3, 0, 12, 1]"
8,sequential-sites,2,joint,3386772,10518543,55008406,0,7;7;7,9,1,10,2896128,11,8,2,193759,40,"[0, 3, 65536, 1000, 3, 0, 12, 1]"
8,sequential-sites,2,overload,3424883,9848456,54518761,0,7;7;7,0,0,14,0,0,0,0,0,0,"[0, 3, 65536, 1000, 3, 0, 12, 1]"
8,sequential-sites,2,ordering,3367959,9812045,54471711,0,7;7;7,10,1,12,2877951,11,8,1,176168,7,"[0, 3, 65536, 1000, 3, 0, 12, 1]"
8,sequential-sites,2,previous,3394054,10017837,56499733,0,7;7;7,8,4,6,2692433,11,0,0,0,0,"[0, 3, 65536, 1000, 3, 0, 12, 1]"
2,ordinary-only,1,joint,5120433,7833878,75550441,0,,11,2,1,6180493,11,12,1,909159,36,"[4, 0, 1000, 1000, 1, 0, 12, 0, 150000]"
2,ordinary-only,1,previous,5136071,8523665,76321241,0,,11,3,1,5723002,11,0,0,0,0,"[4, 0, 1000, 1000, 1, 0, 12, 0, 150000]"
2,ordinary-only,1,reference,5244180,6458934,75514909,0,,0,0,0,0,0,0,0,0,0,"[4, 0, 1000, 1000, 1, 0, 12, 0, 150000]"
2,ordinary-only,1,overload,5083860,7542248,74413947,0,,11,2,1,5864360,11,12,1,961680,36,"[4, 0, 1000, 1000, 1, 0, 12, 0, 150000]"
2,ordinary-only,1,ordering,5266218,7867336,77959325,0,,10,2,1,5576782,11,12,2,925417,28,"[4, 0, 1000, 1000, 1, 0, 12, 0, 150000]"
4,overflow-unequal-loops,1,reference,9261409,10432053,131605844,0,1;2,0,0,0,0,0,0,0,0,0,"[6, 2, 100000, 1000, 3, 0]"
4,overflow-unequal-loops,1,previous,7744697,10970467,124139671,22,3;3,7,5,3,7341239,11,0,0,0,0,"[6, 2, 100000, 1000, 3, 0]"
4,overflow-unequal-loops,1,ordering,9246797,10684983,132807819,10,1;2,9,1,9,9178397,11,12,2,743480,53,"[6, 2, 100000, 1000, 3, 0]"
4,overflow-unequal-loops,1,overload,9667584,10611240,138335796,6,1;2,9,1,11,9442915,11,12,2,1461881,32,"[6, 2, 100000, 1000, 3, 0]"
4,overflow-unequal-loops,1,joint,9163353,10595939,132965408,22,1;2,11,1,3,9009419,11,12,0,1305132,32,"[6, 2, 100000, 1000, 3, 0]"
4,overflow-all-long,0,previous,11147192,15574994,168287352,11,1,9,3,3,11345469,11,0,0,0,0,"[6, 1, 100000, 150000, 1, 0]"
4,overflow-all-long,0,ordering,12074583,15813775,176720363,0,3,11,1,14,12397949,11,12,0,799528,46,"[6, 1, 100000, 150000, 1, 0]"
4,overflow-all-long,0,reference,12565641,15179532,178434878,0,3,0,0,0,0,0,0,0,0,0,"[6, 1, 100000, 150000, 1, 0]"
4,overflow-all-long,0,joint,10789876,15486399,165427380,11,1,9,1,2,12188438,11,12,2,990639,97,"[6, 1, 100000, 150000, 1, 0]"
4,overflow-all-long,0,overload,10736673,15368993,164028790,11,1,9,1,2,11261287,11,12,2,782818,97,"[6, 1, 100000, 150000, 1, 0]"
2,fits-unequal-loops,0,overload,18061682,18399392,252733020,0,1;1,0,0,14,0,0,0,0,0,0,"[0, 2, 100000, 1000, 3, 0]"
2,fits-unequal-loops,0,joint,17629808,18044281,250080191,0,1;1,11,1,12,17408118,11,12,0,711995,40,"[0, 2, 100000, 1000, 3, 0]"
2,fits-unequal-loops,0,previous,17666651,18202840,250736712,0,1;1,8,4,6,17734556,11,0,0,0,0,"[0, 2, 100000, 1000, 3, 0]"
2,fits-unequal-loops,0,ordering,17852064,18443686,250962638,0,1;1,11,1,8,17627093,11,12,0,705679,14,"[0, 2, 100000, 1000, 3, 0]"
2,fits-unequal-loops,0,reference,23629829,18202658,320068397,0,1;1,0,0,0,0,0,0,0,0,0,"[0, 2, 100000, 1000, 3, 0]"
4,tiny,2,overload,57931,3764223,6458383,11,1,8,1,3,56547,11,12,3,956446,16,"[6, 1, 1025, 16, 1, 0]"
4,tiny,2,previous,174336,3240045,19399568,11,1,6,6,3,59738,11,0,0,0,0,"[6, 1, 1025, 16, 1, 0]"
4,tiny,2,reference,335466,3022883,7648870,0,1,0,0,0,0,0,0,0,0,0,"[6, 1, 1025, 16, 1, 0]"
4,tiny,2,ordering,52053,2694371,5121574,11,1,8,1,3,51209,11,12,3,947674,16,"[6, 1, 1025, 16, 1, 0]"
4,tiny,2,joint,52531,5096724,8478658,11,1,8,1,3,50830,11,12,3,1318211,16,"[6, 1, 1025, 16, 1, 0]"
8,fits-mixed,0,previous,1655089,10605052,37746206,11,7,5,7,3,1030545,11,0,0,0,0,"[1, 1, 100000, 1000, 1, 0]"
8,fits-mixed,0,overload,1157164,10993403,31839624,11,6,0,0,14,0,0,0,0,0,0,"[1, 1, 100000, 1000, 1, 0]"
8,fits-mixed,0,ordering,1236301,9325273,28572811,11,6,9,1,8,1117646,11,12,2,884590,14,"[1, 1, 100000, 1000, 1, 0]"
8,fits-mixed,0,reference,1226014,7916472,28254617,10,6,0,0,0,0,0,0,0,0,0,"[1, 1, 100000, 1000, 1, 0]"
8,fits-mixed,0,joint,1057502,9151948,32176126,11,6,8,1,3,1180697,11,12,3,1585016,16,"[1, 1, 100000, 1000, 1, 0]"
2,overflow-all-long,0,previous,20670333,21466702,284667528,11,1,6,6,3,20396230,11,0,0,0,0,"[4, 1, 100000, 150000, 1, 0]"
2,overflow-all-long,0,overload,13399903,20050655,231553995,9,1,10,1,5,19670791,11,12,1,2651265,16,"[4, 1, 100000, 150000, 1, 0]"
2,overflow-all-long,0,reference,13118583,15095165,186293667,0,1,0,0,0,0,0,0,0,0,0,"[4, 1, 100000, 150000, 1, 0]"
2,overflow-all-long,0,ordering,12812195,14715320,183720530,8,1,10,1,6,12901665,11,12,1,702746,33,"[4, 1, 100000, 150000, 1, 0]"
2,overflow-all-long,0,joint,12917588,14820235,185050499,0,1,11,1,14,12912407,11,12,0,617328,59,"[4, 1, 100000, 150000, 1, 0]"
4,overflow-all-long,1,ordering,11203371,14166552,161619591,0,3,11,1,14,11290656,11,12,0,670544,46,"[6, 1, 100000, 150000, 1, 0]"
4,overflow-all-long,1,overload,10013394,13803087,147306857,11,1,10,1,3,10468499,11,12,1,740881,97,"[6, 1, 100000, 150000, 1, 0]"
4,overflow-all-long,1,joint,9932826,14131800,147124363,11,1,11,1,3,10609616,11,12,0,657246,97,"[6, 1, 100000, 150000, 1, 0]"
4,overflow-all-long,1,reference,11040735,14307652,159288112,0,3,0,0,0,0,0,0,0,0,0,"[6, 1, 100000, 150000, 1, 0]"
4,overflow-all-long,1,previous,10265686,14063630,157920807,11,1,7,5,3,10749913,11,0,0,0,0,"[6, 1, 100000, 150000, 1, 0]"
8,ordinary-only,0,overload,5075355,7343728,73421355,0,,10,2,0,5270865,11,12,2,867352,111,"[10, 0, 1000, 1000, 1, 0, 12, 0, 150000]"
8,ordinary-only,0,reference,4996847,6173385,71481523,0,,0,0,0,0,0,0,0,0,0,"[10, 0, 1000, 1000, 1, 0, 12, 0, 150000]"
8,ordinary-only,0,ordering,4969231,7137139,72272153,0,,10,2,0,5143454,11,12,2,876718,79,"[10, 0, 1000, 1000, 1, 0, 12, 0, 150000]"
8,ordinary-only,0,previous,5070326,23220150,89555210,0,,8,6,1,5177944,11,0,0,0,0,"[10, 0, 1000, 1000, 1, 0, 12, 0, 150000]"
8,ordinary-only,0,joint,5112724,7449137,73584488,0,,10,2,1,5724130,11,12,2,902858,111,"[10, 0, 1000, 1000, 1, 0, 12, 0, 150000]"
8,many-loops,0,previous,3628159,4188545,75973646,0,1;1;1;1;1;1;1;1,8,4,14,2634600,11,0,0,0,0,"[2, 8, 65536, 1000, 1, 0]"
8,many-loops,0,overload,3735249,4583481,54882869,16,1;1;1;1;1;1;1;1,9,1,12,3152069,11,12,2,1854287,48,"[2, 8, 65536, 1000, 1, 0]"
8,many-loops,0,reference,3668328,4169653,52085429,0,1;1;1;1;1;1;1;1,0,0,0,0,0,0,0,0,0,"[2, 8, 65536, 1000, 1, 0]"
8,many-loops,0,ordering,3536642,4518505,52794164,16,1;1;1;1;1;1;1;1,9,1,12,3257212,11,12,2,813856,94,"[2, 8, 65536, 1000, 1, 0]"
8,many-loops,0,joint,3757732,4365807,54001667,16,1;1;1;1;1;1;1;1,11,1,12,2979705,11,12,0,1366684,48,"[2, 8, 65536, 1000, 1, 0]"
8,overflow-one-long,2,joint,7445695,14729941,112396053,0,7,11,1,14,7420977,11,12,0,616240,16,"[10, 1, 100000, 1000, 1, 0, 12, 0, 200000]"
8,overflow-one-long,2,previous,6807630,13188921,124033755,11,1,8,4,3,6957866,11,0,0,0,0,"[10, 1, 100000, 1000, 1, 0, 12, 0, 200000]"
8,overflow-one-long,2,reference,7500174,13437014,110390257,0,7,0,0,0,0,0,0,0,0,0,"[10, 1, 100000, 1000, 1, 0, 12, 0, 200000]"
8,overflow-one-long,2,overload,7589788,13463961,113250479,0,7,9,1,12,7439027,11,12,2,701525,16,"[10, 1, 100000, 1000, 1, 0, 12, 0, 200000]"
8,overflow-one-long,2,ordering,7476148,13596819,112624123,0,7,9,1,6,7570622,11,12,2,721210,16,"[10, 1, 100000, 1000, 1, 0, 12, 0, 200000]"
4,fits-unequal-loops,0,ordering,8544047,9452153,122291074,0,1;2,10,1,11,8451701,11,12,1,651961,14,"[0, 2, 100000, 1000, 3, 0]"
4,fits-unequal-loops,0,overload,8680995,9437646,122909897,0,1;2,0,0,14,0,0,0,0,0,0,"[0, 2, 100000, 1000, 3, 0]"
4,fits-unequal-loops,0,joint,8483903,9430520,122464911,0,1;2,10,1,14,8544275,11,12,1,1373425,16,"[0, 2, 100000, 1000, 3, 0]"
4,fits-unequal-loops,0,reference,8645091,9429514,121787820,0,1;2,0,0,0,0,0,0,0,0,0,"[0, 2, 100000, 1000, 3, 0]"
4,fits-unequal-loops,0,previous,6947853,9773606,105172017,0,3;3,8,4,3,6600866,11,0,0,0,0,"[0, 2, 100000, 1000, 3, 0]"
2,ordinary-only,0,reference,4755520,5828608,68065851,0,,0,0,0,0,0,0,0,0,0,"[4, 0, 1000, 1000, 1, 0, 12, 0, 150000]"
2,ordinary-only,0,ordering,4926724,6924453,71076894,0,,11,2,1,5376322,11,12,1,822177,28,"[4, 0, 1000, 1000, 1, 0, 12, 0, 150000]"
2,ordinary-only,0,overload,4662600,6852892,68244688,0,,11,2,1,5333415,11,12,1,805618,36,"[4, 0, 1000, 1000, 1, 0, 12, 0, 150000]"
2,ordinary-only,0,joint,4813581,7113491,70322643,0,,11,2,1,5626466,11,12,1,854597,36,"[4, 0, 1000, 1000, 1, 0, 12, 0, 150000]"
2,ordinary-only,0,previous,4822370,7331542,70533701,0,,11,3,2,5255176,11,0,0,0,0,"[4, 0, 1000, 1000, 1, 0, 12, 0, 150000]"
8,many-loops,1,joint,3778735,4834226,55234957,16,1;1;1;1;1;1;1;1,10,1,12,3007998,11,12,1,1560883,48,"[2, 8, 65536, 1000, 1, 0]"
8,many-loops,1,overload,3713931,4630026,56261941,16,1;1;1;1;1;1;1;1,7,1,12,3330860,11,12,4,1626648,48,"[2, 8, 65536, 1000, 1, 0]"
8,many-loops,1,ordering,3840670,4625884,55348588,16,1;1;1;1;1;1;1;1,10,1,12,3026435,11,12,1,750966,94,"[2, 8, 65536, 1000, 1, 0]"
8,many-loops,1,previous,3671781,4444375,80387972,0,1;1;1;1;1;1;1;1,7,5,14,3050404,11,0,0,0,0,"[2, 8, 65536, 1000, 1, 0]"
8,many-loops,1,reference,3579650,4039803,50077747,0,1;1;1;1;1;1;1;1,0,0,0,0,0,0,0,0,0,"[2, 8, 65536, 1000, 1, 0]"
2,overflow-unequal-loops,2,ordering,16495263,16929490,232761478,22,1;1,10,1,3,15940066,11,12,1,598497,28,"[4, 2, 100000, 1000, 3, 0]"
2,overflow-unequal-loops,2,overload,16400766,16604783,231223082,8,1;1,10,1,10,16466476,11,12,1,720269,54,"[4, 2, 100000, 1000, 3, 0]"
2,overflow-unequal-loops,2,joint,16132800,17319140,229520180,14,1;1,10,1,7,16212356,11,12,1,681694,54,"[4, 2, 100000, 1000, 3, 0]"
2,overflow-unequal-loops,2,reference,16407659,16651091,229703499,0,1;1,0,0,0,0,0,0,0,0,0,"[4, 2, 100000, 1000, 3, 0]"
2,overflow-unequal-loops,2,previous,16348158,16713621,231647099,22,1;1,9,3,3,16362652,11,0,0,0,0,"[4, 2, 100000, 1000, 3, 0]"
2,independent-doacross,2,overload,4940326,10316285,77679319,22,1;1,8,1,2,5205267,11,12,3,657365,16,"[4, 2, 65536, 1000, 1, 0, 12, 0, 150000, 1]"
2,independent-doacross,2,previous,5067521,8202300,81242383,22,1;1,10,2,3,4936341,11,0,0,0,0,"[4, 2, 65536, 1000, 1, 0, 12, 0, 150000, 1]"
2,independent-doacross,2,joint,4883121,8220945,74593075,22,1;1,10,1,2,4994886,11,12,1,625147,16,"[4, 2, 65536, 1000, 1, 0, 12, 0, 150000, 1]"
2,independent-doacross,2,ordering,4927379,8914070,76518455,22,1;1,9,1,2,5167228,11,12,2,577219,16,"[4, 2, 65536, 1000, 1, 0, 12, 0, 150000, 1]"
2,independent-doacross,2,reference,7429937,8183447,103501690,0,1;1,0,0,0,0,0,0,0,0,0,"[4, 2, 65536, 1000, 1, 0, 12, 0, 150000, 1]"
2,many-loops,1,previous,2398392,2967948,36994300,22,1;1,8,4,3,2195198,11,0,0,0,0,"[2, 2, 65536, 1000, 1, 0]"
2,many-loops,1,reference,2471471,2933811,36182784,0,1;1,0,0,0,0,0,0,0,0,0,"[2, 2, 65536, 1000, 1, 0]"
2,many-loops,1,ordering,2355104,3088649,34918089,0,1;1,10,1,14,2346424,11,12,1,785552,16,"[2, 2, 65536, 1000, 1, 0]"
2,many-loops,1,overload,2259914,3230032,33717760,14,1;1,11,1,7,2277275,11,12,0,724600,16,"[2, 2, 65536, 1000, 1, 0]"
2,many-loops,1,joint,2347253,3069326,36506808,22,1;1,10,1,3,2335965,11,12,1,678542,16,"[2, 2, 65536, 1000, 1, 0]"
2,sequential-sites,0,reference,14413367,15484883,204842113,0,1;1;1,0,0,0,0,0,0,0,0,0,"[0, 3, 65536, 1000, 3, 0, 12, 1]"
2,sequential-sites,0,previous,14387239,15243328,205101876,0,1;1;1,8,4,14,14333170,11,0,0,0,0,"[0, 3, 65536, 1000, 3, 0, 12, 1]"
2,sequential-sites,0,joint,14557864,15074581,205615245,0,1;1;1,11,1,12,14504079,11,8,0,60558,22,"[0, 3, 65536, 1000, 3, 0, 12, 1]"
2,sequential-sites,0,ordering,14472656,14990338,203796670,0,1;1;1,11,1,12,14495652,11,8,0,60319,7,"[0, 3, 65536, 1000, 3, 0, 12, 1]"
2,sequential-sites,0,overload,14658757,14743743,204603161,0,1;1;1,0,0,14,0,0,0,0,0,0,"[0, 3, 65536, 1000, 3, 0, 12, 1]"
4,many-loops,2,joint,2609099,3228205,40164877,8,1;1;1;1,10,1,12,2612903,11,12,1,631468,16,"[2, 4, 65536, 1000, 1, 0]"
4,many-loops,2,previous,2558203,3444483,43379507,44,1;1;1;1,7,5,3,2329790,11,0,0,0,0,"[2, 4, 65536, 1000, 1, 0]"
4,many-loops,2,overload,2531639,3609580,39232044,44,1;1;1;1,10,1,3,2372113,11,12,1,569568,16,"[2, 4, 65536, 1000, 1, 0]"
4,many-loops,2,ordering,2546388,3246231,38536215,12,1;1;1;1,8,1,11,2528111,11,12,3,640027,16,"[2, 4, 65536, 1000, 1, 0]"
4,many-loops,2,reference,2474044,3102957,35866674,0,1;1;1;1,0,0,0,0,0,0,0,0,0,"[2, 4, 65536, 1000, 1, 0]"
2,fits-unequal-loops,2,reference,16221374,16786675,229694852,0,1;1,0,0,0,0,0,0,0,0,0,"[0, 2, 100000, 1000, 3, 0]"
2,fits-unequal-loops,2,joint,20651948,22273544,291152579,0,1;1,9,1,8,16841855,11,12,2,938133,40,"[0, 2, 100000, 1000, 3, 0]"
2,fits-unequal-loops,2,ordering,21364891,21234666,299728261,0,1;1,11,1,3,21112398,11,12,0,957545,14,"[0, 2, 100000, 1000, 3, 0]"
2,fits-unequal-loops,2,overload,22517750,24324443,318549941,0,1;1,0,0,14,0,0,0,0,0,0,"[0, 2, 100000, 1000, 3, 0]"
2,fits-unequal-loops,2,previous,16258432,17384959,232625634,0,1;1,5,7,14,16522307,11,0,0,0,0,"[0, 2, 100000, 1000, 3, 0]"
4,fits-mixed,1,joint,1699695,2758016,26296229,11,2,9,1,3,1664934,11,12,2,624799,16,"[1, 1, 100000, 1000, 1, 0]"
4,fits-mixed,1,previous,1353665,3277789,23162949,11,3,6,6,3,1154332,11,0,0,0,0,"[1, 1, 100000, 1000, 1, 0]"
4,fits-mixed,1,overload,2154495,2850192,30237579,11,2,0,0,14,0,0,0,0,0,0,"[1, 1, 100000, 1000, 1, 0]"
4,fits-mixed,1,reference,1858580,2485279,26901641,11,2,0,0,0,0,0,0,0,0,0,"[1, 1, 100000, 1000, 1, 0]"
4,fits-mixed,1,ordering,1855388,2957689,27307813,11,2,10,1,11,1799730,11,12,1,612043,14,"[1, 1, 100000, 1000, 1, 0]"
