# all: P,N,chain,streaming,serial_ns,predicted_ns,parallel_ns,launch_pred_ns,launch_measured_ns
# across: P,N,distance,dep_interval_ns,serial_profile_wall_ns,parallel_ns,launch_pred_ns,launch_measured_ns,outside_clock_ns_per_iter,decision
# pair: P,N,chain,streaming,ratio,w1,w2,alone1_ns,alone2_ns,sum_ns,resource_ns,paired_ns
all,2,20000,12,0,695705,406006,399093,57597,52212
across,2,20000,1,423496,874909,1376083,204831,185115,22.572,0
across-proposal,2,20000,1,843494,1376083,28.368,3.566
pair,2,20000,12,0,1,1,1,695705,695705,1391410,695705,769952
pair,2,20000,12,0,3,1,1,695705,3430118,4125823,3430118,3455154
checksum,7400.2140460539822
all,2,200000,24,0,19441696,9791925,10456539,61745,55504
across,2,200000,1,4439052,9175948,12112076,200844,187049,23.685,0
across-proposal,2,200000,1,8656243,12112076,38.419,3.859
pair,2,200000,24,0,1,1,1,19441696,19441696,38883392,19441696,21665419
pair,2,200000,24,0,3,1,1,19441696,79885032,99326728,79885032,78562246
checksum,74000.081729790065
all,2,200000,0,1,290792,207993,112179,62457,60312
across,2,200000,4,4294286,8850702,1804530,195224,205663,22.783,0
across-proposal,2,200000,4,391424,1804530,0.958,1.004
pair,2,200000,0,1,1,1,1,290792,290792,581584,290792,406218
checksum,148000
all,2,8192,0,1,11722,65522,52217,59661,46516
across,2,8192,1,173478,355502,648187,156291,166711,22.222,0
across-proposal,2,8192,1,495123,648187,37.802,3.564
pair,2,8192,0,1,1,1,1,11722,11722,23444,11722,65281
checksum,6062.0799999999999
all,2,65536,4,0,483090,306045,281364,64500,44673
across,2,65536,4,1470465,2933773,395948,194212,167992,22.330,0
across-proposal,2,65536,4,226708,395948,0.000,0.992
pair,2,65536,4,0,1,1,1,483090,483090,966180,483090,560624
pair,2,65536,4,0,3,1,1,483090,2271670,2754760,2271670,2579354
checksum,24248.328577913024
all,2,1000000,12,0,34774050,17458419,20884794,70281,75721
across,2,1000000,4,21519794,44156604,6179308,218857,250436,22.637,0
across-proposal,2,1000000,4,4896746,6179308,8.341,1.015
pair,2,1000000,12,0,1,1,1,34774050,34774050,69548100,34774050,36408465
pair,2,1000000,12,0,3,1,1,34774050,170345937,205119987,170345937,171039159
checksum,370000.00428108574
all,4,20000,12,0,697389,255250,254930,76718,77584
across,4,20000,1,420123,863589,2118075,252210,227102,22.174,0
across-proposal,4,20000,1,2265226,2118075,97.065,3.590
pair,4,20000,12,0,1,1,1,697389,697389,1394778,697389,892121
pair,4,20000,12,0,1,1,3,697389,360612,1058001,697389,750377
pair,4,20000,12,0,1,2,2,411787,454186,865973,865973,916867
pair,4,20000,12,0,1,3,1,321632,697389,1019021,697389,734088
pair,4,20000,12,0,3,1,1,697389,3399331,4096720,3399331,3669774
pair,4,20000,12,0,3,1,3,697389,1293459,1990848,1293459,1269905
pair,4,20000,12,0,3,2,2,410664,1958447,2369111,2369111,2511347
pair,4,20000,12,0,3,3,1,314105,3399331,3713436,3399331,3471906
checksum,7400.2140460539822
all,4,200000,24,0,19295414,5028382,5234178,187549,77154
across,4,200000,1,4262796,8750166,18986669,221773,229998,22.437,0
across-proposal,4,200000,1,22410481,18986669,107.281,3.663
pair,4,200000,24,0,1,1,1,19295414,19295414,38590828,19295414,20059672
pair,4,200000,24,0,1,1,3,19295414,6861373,26156787,19295414,21179317
pair,4,200000,24,0,1,2,2,9971219,9823405,19794624,19794624,20132113
pair,4,200000,24,0,1,3,1,6857371,19295414,26152785,19295414,19535983
pair,4,200000,24,0,3,1,1,19295414,77973911,97269325,77973911,78403412
pair,4,200000,24,0,3,1,3,19295414,26394004,45689418,26394004,27694165
pair,4,200000,24,0,3,2,2,10057279,39663656,49720935,49720935,49658960
pair,4,200000,24,0,3,3,1,6913084,77973911,84886995,77973911,78043782
checksum,74000.081729790065
all,4,200000,0,1,287746,156878,118180,84688,74479
across,4,200000,4,4308014,8910835,1345385,236581,236841,23.015,0
across-proposal,4,200000,4,3766753,1345385,69.602,1.003
pair,4,200000,0,1,1,1,1,287746,287746,575492,287746,471618
pair,4,200000,0,1,1,1,3,287746,133094,420840,287746,341226
pair,4,200000,0,1,1,2,2,138759,138879,277638,277638,349240
pair,4,200000,0,1,1,3,1,133398,287746,421144,287746,335435
checksum,148000
all,4,8192,0,1,11611,80528,84928,77625,77223
across,4,8192,1,180292,361182,1007446,212275,227975,22.084,0
across-proposal,4,8192,1,1106639,1007446,105.642,3.547
pair,4,8192,0,1,1,1,1,11611,11611,23222,11611,68025
pair,4,8192,0,1,1,1,3,11611,89812,101423,89812,134529
pair,4,8192,0,1,1,2,2,80735,78326,159061,159061,218112
pair,4,8192,0,1,1,3,1,77074,11611,88685,77074,134589
checksum,6062.0799999999999
all,4,65536,4,0,516101,209444,199813,80419,78045
across,4,65536,4,1381634,2963679,552719,221392,233415,24.142,0
across-proposal,4,65536,4,1048308,552719,49.487,0.987
pair,4,65536,4,0,1,1,1,516101,516101,1032202,516101,549995
pair,4,65536,4,0,1,1,3,516101,275583,791684,516101,571124
pair,4,65536,4,0,1,2,2,304026,305959,609985,609985,744186
pair,4,65536,4,0,1,3,1,245337,516101,761438,516101,526791
pair,4,65536,4,0,3,1,1,516101,2268906,2785007,2268906,2543406
pair,4,65536,4,0,3,1,3,516101,890959,1407060,890959,1085772
pair,4,65536,4,0,3,2,2,307206,1395869,1703075,1703075,1642779
pair,4,65536,4,0,3,3,1,278098,2268906,2547004,2268906,2573923
checksum,24248.328577913024
all,4,1000000,12,0,35039504,8876626,9136936,112826,77815
across,4,1000000,4,21467787,44075212,6304992,223967,236270,22.608,0
across-proposal,4,1000000,4,8255626,6304992,31.104,1.023
pair,4,1000000,12,0,1,1,1,35039504,35039504,70079008,35039504,35190315
pair,4,1000000,12,0,1,1,3,35039504,11681694,46721198,35039504,35824517
pair,4,1000000,12,0,1,2,2,17345843,17294228,34640071,34640071,35438287
pair,4,1000000,12,0,1,3,1,14028565,35039504,49068069,35039504,35281155
pair,4,1000000,12,0,3,1,1,35039504,170045459,205084963,170045459,170815296
pair,4,1000000,12,0,3,1,3,35039504,61555035,96594539,61555035,62772432
pair,4,1000000,12,0,3,2,2,19488744,91522064,111010808,111010808,104193111
pair,4,1000000,12,0,3,3,1,11805315,170045459,181850774,170045459,175008632
checksum,370000.00428108574
all,8,20000,12,0,691878,239691,267578,151131,133589
across,8,20000,1,427021,895959,3376689,419131,436523,23.448,0
across-proposal,8,20000,1,4101800,3376689,180.558,3.584
pair,8,20000,12,0,1,1,1,691878,691878,1383756,691878,897030
pair,8,20000,12,0,1,1,7,691878,288547,980425,691878,816681
pair,8,20000,12,0,1,2,6,511468,296111,807579,807579,828680
pair,8,20000,12,0,1,3,5,393090,337479,730569,730569,758212
pair,8,20000,12,0,1,4,4,343980,308837,652817,652817,726616
pair,8,20000,12,0,1,5,3,299097,432232,731329,731329,737447
pair,8,20000,12,0,1,6,2,306671,482038,788709,788709,817873
pair,8,20000,12,0,1,7,1,286273,691878,978151,691878,820648
pair,8,20000,12,0,3,1,1,691878,3421832,4113710,3421832,3560711
pair,8,20000,12,0,3,1,7,691878,725692,1417570,725692,1009079
pair,8,20000,12,0,3,2,6,470817,794560,1265377,1265377,1345616
pair,8,20000,12,0,3,3,5,391419,861986,1253405,1253405,1351867
pair,8,20000,12,0,3,4,4,323048,1024832,1347880,1347880,1535530
pair,8,20000,12,0,3,5,3,325562,1291452,1617014,1617014,1706979
pair,8,20000,12,0,3,6,2,307172,1917905,2225077,2225077,2326091
pair,8,20000,12,0,3,7,1,308314,3421832,3730146,3421832,3503836
checksum,7400.2140460539822
all,8,200000,24,0,19474930,2615666,3164905,172731,130272
across,8,200000,1,4392092,8936433,34784752,435772,450700,22.722,0
across-proposal,8,200000,1,49381590,34784752,241.073,3.657
pair,8,200000,24,0,1,1,1,19474930,19474930,38949860,19474930,20029721
pair,8,200000,24,0,1,1,7,19474930,3617316,23092246,19474930,20615549
pair,8,200000,24,0,1,2,6,10256742,4288030,14544772,14544772,15056639
pair,8,200000,24,0,1,3,5,7041985,5074360,12116345,12116345,12402097
pair,8,200000,24,0,1,4,4,6264116,5802372,12066488,12066488,11962529
pair,8,200000,24,0,1,5,3,5037270,6895702,11932972,11932972,12165555
pair,8,200000,24,0,1,6,2,4283462,10005464,14288926,14288926,14005142
pair,8,200000,24,0,1,7,1,3638993,19474930,23113923,19474930,20351160
pair,8,200000,24,0,3,1,1,19474930,77866197,97341127,77866197,78615778
pair,8,200000,24,0,3,1,7,19474930,12289187,31764117,19474930,22855694
pair,8,200000,24,0,3,2,6,10153856,14068770,24222626,24222626,24417570
pair,8,200000,24,0,3,3,5,7121133,16527971,23649104,23649104,23957168
pair,8,200000,24,0,3,4,4,5257665,20296238,25553903,25553903,25925593
pair,8,200000,24,0,3,5,3,4545912,27159576,31705488,31705488,31259764
pair,8,200000,24,0,3,6,2,4206621,39931795,44138416,44138416,43864850
pair,8,200000,24,0,3,7,1,3559389,77866197,81425586,77866197,78475596
checksum,74000.081729790065
all,8,200000,0,1,283969,240813,211705,205192,142836
across,8,200000,4,4347788,8906597,3474360,470156,540156,22.795,0
across-proposal,8,200000,4,11180807,3474360,213.220,0.998
pair,8,200000,0,1,1,1,1,283969,283969,567938,283969,393793
pair,8,200000,0,1,1,1,7,283969,182060,466029,283969,382621
pair,8,200000,0,1,1,2,6,196806,268274,465080,465080,500804
pair,8,200000,0,1,1,3,5,184003,201173,385176,385176,486151
pair,8,200000,0,1,1,4,4,169125,174906,344031,344031,394214
pair,8,200000,0,1,1,5,3,168985,181187,350172,350172,411266
pair,8,200000,0,1,1,6,2,216909,294318,511227,511227,515500
pair,8,200000,0,1,1,7,1,163529,283969,447498,283969,401578
checksum,148000
all,8,8192,0,1,11782,182971,134861,181498,136775
across,8,8192,1,175796,359740,1736293,480485,499019,22.457,0
across-proposal,8,8192,1,1815829,1736293,159.416,3.609
pair,8,8192,0,1,1,1,1,11782,11782,23564,11782,69890
pair,8,8192,0,1,1,1,7,11782,171413,183195,171413,204565
pair,8,8192,0,1,1,2,6,163840,175436,339276,339276,335776
pair,8,8192,0,1,1,3,5,139390,141474,280864,280864,331146
pair,8,8192,0,1,1,4,4,136354,139019,275373,275373,337812
pair,8,8192,0,1,1,5,3,133675,136274,269949,269949,340654
pair,8,8192,0,1,1,6,2,139307,184562,323869,323869,353859
pair,8,8192,0,1,1,7,1,139079,11782,150861,139079,196686
checksum,6062.0799999999999
all,8,65536,4,0,493700,276222,225680,214510,135663
across,8,65536,4,1422198,2910260,1558562,490313,515841,22.707,0
across-proposal,8,65536,4,3420567,1558562,177.860,0.999
pair,8,65536,4,0,1,1,1,493700,493700,987400,493700,561845
pair,8,65536,4,0,1,1,7,493700,254254,747954,493700,631837
pair,8,65536,4,0,1,2,6,362054,270564,632618,632618,674146
pair,8,65536,4,0,1,3,5,303766,271586,575352,575352,725471
pair,8,65536,4,0,1,4,4,280698,268710,549408,549408,626537
pair,8,65536,4,0,1,5,3,235098,296773,531871,531871,657032
pair,8,65536,4,0,1,6,2,287018,383824,670842,670842,683889
pair,8,65536,4,0,1,7,1,248653,493700,742353,493700,632457
pair,8,65536,4,0,3,1,1,493700,2302789,2796489,2302789,2468116
pair,8,65536,4,0,3,1,7,493700,623361,1117061,623361,812583
pair,8,65536,4,0,3,2,6,378826,705113,1083939,1083939,1119073
pair,8,65536,4,0,3,3,5,298947,587244,886191,886191,1207280
pair,8,65536,4,0,3,4,4,277436,699803,977239,977239,1021053
pair,8,65536,4,0,3,5,3,234417,1002781,1237198,1237198,1197729
pair,8,65536,4,0,3,6,2,269462,1263402,1532864,1532864,1737407
pair,8,65536,4,0,3,7,1,265033,2302789,2567822,2302789,2481862
checksum,24248.328577913024
all,8,1000000,12,0,36551011,4738265,6503081,162663,140092
across,8,1000000,4,22019328,45169285,14742154,513346,447383,23.150,0
across-proposal,8,1000000,4,31349084,14742154,122.327,1.016
pair,8,1000000,12,0,1,1,1,36551011,36551011,73102022,36551011,35506890
pair,8,1000000,12,0,1,1,7,36551011,7382429,43933440,36551011,38293420
pair,8,1000000,12,0,1,2,6,19003521,8414776,27418297,27418297,26853660
pair,8,1000000,12,0,1,3,5,13149188,9953987,23103175,23103175,23864253
pair,8,1000000,12,0,1,4,4,11261091,10296400,21557491,21557491,21590598
pair,8,1000000,12,0,1,5,3,8688029,12013834,20701863,20701863,22927559
pair,8,1000000,12,0,1,6,2,8714983,18192833,26907816,26907816,26327549
pair,8,1000000,12,0,1,7,1,7452860,36551011,44003871,36551011,37843130
pair,8,1000000,12,0,3,1,1,36551011,173501506,210052517,173501506,171619548
pair,8,1000000,12,0,3,1,7,36551011,28222474,64773485,36551011,44672755
pair,8,1000000,12,0,3,2,6,17482869,31547040,49029909,49029909,51191255
pair,8,1000000,12,0,3,3,5,12397989,39080861,51478850,51478850,52295045
pair,8,1000000,12,0,3,4,4,10080464,45763618,55844082,55844082,56375192
pair,8,1000000,12,0,3,5,3,10327102,58631028,68958130,68958130,69391048
pair,8,1000000,12,0,3,6,2,8771916,88514721,97286637,97286637,101898152
pair,8,1000000,12,0,3,7,1,11042134,173501506,184543640,173501506,171097022
checksum,370000.00428108574
