case,budget,ordinary_tasks,ordinary_rounds,overloaded,ordinary_first_ms,dynamic_ms,best_ms,dynamic_over_ordinary,ordinary_first_over_best,dynamic_over_best,ordinary_first_allocation_ratio,dynamic_allocation_ratio,best_config,ordinary_first_actual,dynamic_actual
mixed_compute,4,3,"512,512,512",1,1.569824,1.560351,0.935642,0.9939655655665858,1.6778041173867784,1.6676795184482953,1.4332843117346163,1.4040583898542391,1:3:3:22:1,"1,2","2,1"
mixed_compute,6,3,"512,512,512",0,1.376515,1.450528,0.671333,1.053768393370214,2.0504205811422946,2.160668401523536,2.063640547984383,2.063640547984383,1:5:5:20:1,"1,1","1,1"
mixed_long_ordinary,4,3,"65536,65536,65536",1,0.784441,0.681669,0.67122,0.868986960141043,1.1686794195643753,1.0155671761866452,1.0,1.0,1:1:1:7:3,"1,1","1,1"
mixed_loop_skew,4,3,"512,512,512",1,0.705472,0.382261,0.282592,0.541851412954731,2.49643302004303,1.3526957592571622,1.318802372324765,1.318802372324765,1:3:1:39:1,"2,1","2,1"
mixed_loop_skew,6,3,"512,512,512",0,0.74988,0.540834,0.224507,0.7212273963834214,3.3401185709131562,2.4089850205116097,2.3049481753352903,2.3049481753352903,1:5:1:12:1,"1,1","1,1"
mixed_medium_ordinary,4,3,"4096,4096,4096",1,0.498256,0.262646,0.247989,0.5271306316431714,2.0091858913096954,1.0591034279746279,1.0637987295246027,1.0637987295246027,1:3:3:4:1,"1,1","1,1"
mixed_medium_ordinary,6,3,"4096,4096,4096",0,0.318525,0.289566,0.258817,0.9090840593360019,1.2306958198263638,1.1188059516955995,1.0242024287430886,1.0242024287430886,1:5:5:35:1,"1,1","1,1"
mixed_one_long_ordinary,4,3,"64,64,65536",1,0.753232,0.444608,0.415979,0.5902670093676318,1.8107452539671474,1.068823185785821,1.0,1.0,1:1:1:94:2,"1,1","1,1"
mixed_one_ordinary,2,1,512,1,0.255952,0.22661,0.220925,0.8853613177470776,1.1585470182188526,1.0257327147221909,1.0,1.0,1:1:1:8:1,"1,1","1,1"
mixed_one_ordinary,4,1,512,0,0.337293,0.223588,0.211796,0.6628895352112258,1.5925371583977035,1.05567621673686,1.0425362140928063,1.0425362140928063,1:3:1:10:1,"1,1","1,1"
mixed_one_ordinary,6,1,512,0,0.2886,0.22728,0.214826,0.7875259875259875,1.3434128085054882,1.057972498673345,1.03616880638284,1.03616880638284,1:5:1:9:1,"1,1","1,1"
mixed_short_ordinary,2,3,"64,64,64",1,0.436036,0.241909,0.240038,0.5547913475034172,1.8165290495671518,1.0077945991884618,1.0,1.0,1:1:1:21:1,"1,1","1,1"
mixed_short_ordinary,4,3,"64,64,64",1,0.455461,0.241268,0.214119,0.5297226326732695,2.1271395812608875,1.1267939790490336,1.0382095648331282,1.0382095648331282,1:3:1:7:1,"1,1","1,1"
mixed_short_ordinary,6,3,"64,64,64",0,0.286892,0.223643,0.211043,0.7795372474659454,1.3594006908544705,1.0597034727519985,1.0510421579653884,1.0510421579653884,1:5:1:23:1,"1,1","1,1"
mixed_two_ordinary,2,2,"512,512",1,0.433598,0.245087,0.242973,0.5652401533217404,1.7845521930420252,1.0087005552057224,1.0,1.0,1:1:1:12:1,"1,1","1,1"
mixed_two_ordinary,4,2,"512,512",0,0.31601,0.244134,0.232302,0.7725515015347615,1.360341279885666,1.0509336983753907,1.0461468261142823,1.0461468261142823,1:3:1:13:1,"1,1","1,1"
mixed_two_ordinary,6,2,"512,512",0,0.319899,0.230127,0.211585,0.7193739273958343,1.5119171963986104,1.0876338114705675,1.052735307323298,1.052735307323298,1:5:1:0:1,"1,1","1,1"
