case,budget,ordinary_first_ms,dynamic_ms,dynamic_over_ordinary
mixed_compute,4,1.569824,1.560351,0.9939655655665858
mixed_compute,6,1.376515,1.450528,1.053768393370214
mixed_long_ordinary,4,0.784441,0.681669,0.868986960141043
mixed_loop_skew,4,0.705472,0.382261,0.541851412954731
mixed_loop_skew,6,0.74988,0.540834,0.7212273963834214
mixed_medium_ordinary,4,0.498256,0.262646,0.5271306316431714
mixed_medium_ordinary,6,0.318525,0.289566,0.9090840593360019
mixed_one_long_ordinary,4,0.753232,0.444608,0.5902670093676318
mixed_one_ordinary,2,0.255952,0.22661,0.8853613177470776
mixed_one_ordinary,4,0.337293,0.223588,0.6628895352112258
mixed_one_ordinary,6,0.2886,0.22728,0.7875259875259875
mixed_short_ordinary,2,0.436036,0.241909,0.5547913475034172
mixed_short_ordinary,4,0.455461,0.241268,0.5297226326732695
mixed_short_ordinary,6,0.286892,0.223643,0.7795372474659454
mixed_two_ordinary,2,0.433598,0.245087,0.5652401533217404
mixed_two_ordinary,4,0.31601,0.244134,0.7725515015347615
mixed_two_ordinary,6,0.319899,0.230127,0.7193739273958343
