case,budget,policy,"(1,1) ms","(1,2) ms","(1,3) ms","(1,4) ms","(1,5) ms","(2,1) ms","(2,2) ms","(2,3) ms","(2,4) ms","(2,5) ms","(3,1) ms","(3,2) ms","(3,3) ms","(3,4) ms","(3,5) ms","(4,1) ms","(4,2) ms","(4,3) ms","(4,4) ms","(4,5) ms","(5,1) ms","(5,2) ms","(5,3) ms","(5,4) ms","(5,5) ms"
mixed_compute,4,dynamic,1.322966,1.324887,1.65057,,,1.297281,1.331894,1.114156,,,1.631872,1.116001,0.907861,,,,,,,,,,,,
mixed_compute,4,ordinary-first,1.322966,1.324887,1.65057,,,1.297281,1.331894,1.114156,,,1.631872,1.116001,0.907861,,,,,,,,,,,,
mixed_compute,6,dynamic,1.308053,1.342639,1.331787,1.340545,1.495016,1.299034,1.388117,1.178451,1.070597,1.023628,1.299227,1.176289,0.989183,0.881559,0.819697,1.309568,1.069698,0.882441,0.776773,0.714258,1.454947,1.00632,0.820138,0.715369,0.660671
mixed_compute,6,ordinary-first,1.308053,1.342639,1.331787,1.340545,1.495016,1.299034,1.388117,1.178451,1.070597,1.023628,1.299227,1.176289,0.989183,0.881559,0.819697,1.309568,1.069698,0.882441,0.776773,0.714258,1.454947,1.00632,0.820138,0.715369,0.660671
mixed_loop_skew,4,dynamic,0.488906,0.550393,0.538484,,,0.357922,0.416235,0.413297,,,0.269122,0.325473,0.32252,,,,,,,,,,,,
mixed_loop_skew,4,ordinary-first,0.488906,0.550393,0.538484,,,0.357922,0.416235,0.413297,,,0.269122,0.325473,0.32252,,,,,,,,,,,,
mixed_loop_skew,6,dynamic,0.497723,0.587526,0.569375,0.569352,0.569148,0.391688,0.474396,0.468685,0.456801,0.457104,0.29787,0.384317,0.380515,0.377027,0.373072,0.248256,0.334565,0.328166,0.328917,0.327282,0.216124,0.302568,0.295697,0.293811,0.299282
mixed_loop_skew,6,ordinary-first,0.497723,0.587526,0.569375,0.569352,0.569148,0.391688,0.474396,0.468685,0.456801,0.457104,0.29787,0.384317,0.380515,0.377027,0.373072,0.248256,0.334565,0.328166,0.328917,0.327282,0.216124,0.302568,0.295697,0.293811,0.299282
mixed_one_long_ordinary,4,dynamic,0.399613,0.441073,0.43408,,,0.436321,0.459236,0.443474,,,0.431738,0.446607,0.426751,,,,,,,,,,,,
mixed_one_long_ordinary,4,ordinary-first,0.399613,0.441073,0.43408,,,0.436321,0.459236,0.443474,,,0.431738,0.446607,0.426751,,,,,,,,,,,,
mixed_short_ordinary,4,dynamic,0.220769,0.243296,0.217913,,,0.233314,0.25727,0.238457,,,0.212366,0.235508,0.219032,,,,,,,,,,,,
mixed_short_ordinary,4,ordinary-first,0.220769,0.243296,0.217913,,,0.233314,0.25727,0.238457,,,0.212366,0.235508,0.219032,,,,,,,,,,,,
mixed_short_ordinary,6,dynamic,0.223404,0.272579,0.246317,0.225957,0.217058,0.264574,0.313189,0.293182,0.270011,0.269213,0.241147,0.292226,0.26902,0.255272,0.248586,0.223478,0.271793,0.257191,0.246603,0.235573,0.209371,0.266916,0.247328,0.235894,0.227179
mixed_short_ordinary,6,ordinary-first,0.223404,0.272579,0.246317,0.225957,0.217058,0.264574,0.313189,0.293182,0.270011,0.269213,0.241147,0.292226,0.26902,0.255272,0.248586,0.223478,0.271793,0.257191,0.246603,0.235573,0.209371,0.266916,0.247328,0.235894,0.227179
